No.,English,中文,拼音,中文+拼音
1,people,人,rén,人 rén
2,navel,肚脐,dùqí,肚脐 dùqí
3,male,男性,nánxìng,男性 nánxìng
4,thigh,大腿,dàtuǐ,大腿 dàtuǐ
5,forearm,小臂,xiǎobì,小臂 xiǎobì
6,nipple,乳头,rǔtóu,乳头 rǔtóu
7,knee,膝,xī,膝 xī
8,groin,腹股沟,fùgǔgōu,腹股沟 fùgǔgōu
9,genitals,生殖器,shēngzhíqì,生殖器 shēngzhíqì
10,neck,颈,jǐng,颈 jǐng
11,chest,胸,xiōng,胸 xiōng
12,breast,乳房,rǔfáng,乳房 rǔfáng
13,shin,小腿,xiǎotuǐ,小腿 xiǎotuǐ
14,hip,髋,kuān,髋 kuān
15,head,头,tóu,头 tóu
16,foot,脚,jiǎo,脚 jiǎo
17,abdomen,腹,fù,腹 fù
18,female,女性,nǚxìng,女性 nǚxìng
19,waist,腰,yāo,腰 yāo
20,leg,腿,tuǐ,腿 tuǐ
21,calf,小腿肚,xiǎotuǐdù,小腿肚 xiǎotuǐdù
22,small of back,腰骶部,yāodǐbù,腰骶部 yāodǐbù
23,nape,后颈,hòujǐng,后颈 hòujǐng
24,arm,手臂,shǒubì,手臂 shǒubì
25,wrist,手腕,shǒuwàn,手腕 shǒuwàn
26,ankle,脚踝,jiǎohuái,脚踝 jiǎohuái
27,heel,脚后跟,jiǎohòugēn,脚后跟 jiǎohòugēn
28,armpit,腋窝,yèwō,腋窝 yèwō
29,elbow,肘,zhǒu,肘 zhǒu
30,hand,手,shǒu,手 shǒu
31,buttock,臀,tún,臀 tún
32,shoulder,肩,jiān,肩 jiān
33,back,背,bèi,背 bèi
34,jaw,下颚,xià’è,下颚 xià’è
35,cheek,脸颊,liǎnjiá,脸颊 liǎnjiá
36,eye,眼睛,yǎnjīng,眼睛 yǎnjīng
37,chin,下巴,xiàba,下巴 xiàba
38,nostril,鼻孔,bíkǒng,鼻孔 bíkǒng
39,nose,鼻子,bízi,鼻子 bízi
40,eyelash,睫毛,jiémáo,睫毛 jiémáo
41,hair,头发,tóufà,头发 tóufà
42,skin,皮肤,pífū,皮肤 pífū
43,lip,唇,chún,唇 chún
44,ear,耳朵,ěrduǒ,耳朵 ěrduǒ
45,temple,太阳穴,tàiyángxuè,太阳穴 tàiyángxuè
46,forehead,前额,qián’é,前额 qián’é
47,eyebrow,眉毛,méimáo,眉毛 méimáo
48,mole,痣,zhì,痣 zhì
49,mouth,嘴,zuǐ,嘴 zuǐ
50,big toe,大趾,dàzhǐ,大趾 dàzhǐ
51,cuticle,甲上皮,jiǎshàngpí,甲上皮 jiǎshàngpí
52,palm,手掌,shǒuzhǎng,手掌 shǒuzhǎng
53,fist,拳头,quántóu,拳头 quántóu
54,middle finger,中指,zhōngzhǐ,中指 zhōngzhǐ
55,index finger,食指,shízhǐ,食指 shízhǐ
56,freckle,雀斑,quèbān,雀斑 quèbān
57,ball,拇趾球,mǔzhǐqiú,拇趾球 mǔzhǐqiú
58,instep,脚内侧,jiǎonèicè,脚内侧 jiǎonèicè
59,sole,脚掌,jiǎozhǎng,脚掌 jiǎozhǎng
60,nail,指甲,zhǐjia,指甲 zhǐjia
61,toenail,趾甲,zhǐjiǎ,趾甲 zhǐjiǎ
62,dimple,酒窝,jiǔwō,酒窝 jiǔwō
63,pore,毛孔,máokǒng,毛孔 máokǒng
64,arch,足弓,zúgōng,足弓 zúgōng
65,toe,脚趾,jiǎozhǐ,脚趾 jiǎozhǐ
66,little toe,小趾,xiǎozhǐ,小趾 xiǎozhǐ
67,thumb,拇指,mǔzhǐ,拇指 mǔzhǐ
68,wrinkle,皱纹,zhòuwén,皱纹 zhòuwén
69,knuckle,指关节,zhǐguānjié,指关节 zhǐguānjié
70,ring finger,无名指,wúmíngzhǐ,无名指 wúmíngzhǐ
71,bridge,脚背,jiǎobèi,脚背 jiǎobèi
72,little finger,小指,xiǎozhǐ,小指 xiǎozhǐ
73,hamstring,腘旁腱,huòpángjiàn,腘旁腱 huòpángjiàn
74,pectoral,胸肌,xiōngjī,胸肌 xiōngjī
75,biceps,二头肌,èrtóujī,二头肌 èrtóujī
76,latissimus dorsi,背阔肌,bèikuòjī,背阔肌 bèikuòjī
77,intercostal,肋间肌,lèijiānjī,肋间肌 lèijiānjī
78,abdominals,腹肌,fùjī,腹肌 fùjī
79,triceps,三头肌,sāntóujī,三头肌 sāntóujī
80,frontal,额肌,éjī,额肌 éjī
81,quadriceps,四头肌,sìtóujī,四头肌 sìtóujī
82,deltoid,三角肌,sānjiǎojī,三角肌 sānjiǎojī
83,trapezius,斜方肌,xiéfāngjī,斜方肌 xiéfāngjī
84,Achilles tendon,跟腱,gēnjiàn,跟腱 gēnjiàn
85,rib,肋骨,lèigǔ,肋骨 lèigǔ
86,rib cage,胸廓,xiōngkuò,胸廓 xiōngkuò
87,tendon,腱,jiàn,腱 jiàn
88,ligament,韧带,rèndài,韧带 rèndài
89,shoulder blade,肩胛骨,jiānjiǎgǔ,肩胛骨 jiānjiǎgǔ
90,kneecap,髌骨,bìngǔ,髌骨 bìngǔ
91,skull,颅骨,lúgǔ,颅骨 lúgǔ
92,thoracic vertebrae,胸椎,xiōngzhuī,胸椎 xiōngzhuī
93,lumbar vertebrae,腰椎,yāozhuī,腰椎 yāozhuī
94,fibula,腓骨,féigǔ,腓骨 féigǔ
95,ulna,尺骨,chǐgǔ,尺骨 chǐgǔ
96,pelvis,骨盆,gǔpén,骨盆 gǔpén
97,breast bone,胸骨,xiōnggǔ,胸骨 xiōnggǔ
98,humerus,肱骨,gōnggǔ,肱骨 gōnggǔ
99,cartilage,软骨,ruǎngǔ,软骨 ruǎngǔ
100,spine,脊椎,jǐzhuī,脊椎 jǐzhuī
101,collar bone,锁骨,suǒgǔ,锁骨 suǒgǔ
102,cervical vertebrae,颈椎,jǐngzhuī,颈椎 jǐngzhuī
103,tibia,胫骨,jìnggǔ,胫骨 jìnggǔ
104,radius,桡骨,ráogǔ,桡骨 ráogǔ
105,bone,骨,gǔ,骨 gǔ
106,femur,股骨,gǔgǔ,股骨 gǔgǔ
107,metacarpal,掌骨,zhǎnggǔ,掌骨 zhǎnggǔ
108,tailbone,尾椎,wěizhuī,尾椎 wěizhuī
109,metatarsal,跖骨,zhígǔ,跖骨 zhígǔ
110,windpipe,气管,qìguǎn,气管 qìguǎn
111,appendix,阑尾,lánwěi,阑尾 lánwěi
112,kidney,肾脏,shènzàng,肾脏 shènzàng
113,thyroid gland,甲状腺,jiǎzhuàngxiàn,甲状腺 jiǎzhuàngxiàn
114,stomach,胃,wèi,胃 wèi
115,heart,心脏,xīnzàng,心脏 xīnzàng
116,liver,肝脏,gānzàng,肝脏 gānzàng
117,large intestine,大肠,dàcháng,大肠 dàcháng
118,spleen,脾脏,pízàng,脾脏 pízàng
119,duodenum,十二指肠,shíèrzhǐcháng,十二指肠 shíèrzhǐcháng
120,small intestine,小肠,xiǎocháng,小肠 xiǎocháng
121,pancreas,胰脏,yízàng,胰脏 yízàng
122,lung,肺,fèi,肺 fèi
123,cardiovascular,心血管系统,xīnxuèguǎnxìtǒng,心血管系统 xīnxuèguǎnxìtǒng
124,vein,静脉,jìngmài,静脉 jìngmài
125,artery,动脉,dòngmài,动脉 dòngmài
126,reproductive,生殖系统,shēngzhíxìtǒng,生殖系统 shēngzhíxìtǒng
127,endocrine,内分泌系统,nèifēnmìxìtǒng,内分泌系统 nèifēnmìxìtǒng
128,lymphatic,淋巴系统,línbāxìtǒng,淋巴系统 línbāxìtǒng
129,respiratory,呼吸系统,hūxīxìtǒng,呼吸系统 hūxīxìtǒng
130,pharynx,咽,yān,咽 yān
131,epiglottis,会厌,huìyàn,会厌 huìyàn
132,larynx,喉头,hóutóu,喉头 hóutóu
133,throat,咽喉,yānhóu,咽喉 yānhóu
134,palate,上腭,shàngè,上腭 shàngè
135,brain,脑,nǎo,脑 nǎo
136,gland,腺,xiàn,腺 xiàn
137,diaphragm,横膈膜,hénggémó,横膈膜 hénggémó
138,urinary,泌尿系统,mìniàoxìtǒng,泌尿系统 mìniàoxìtǒng
139,oesophagus,食管,shíguǎn,食管 shíguǎn
140,vocal cords,声带,shēngdài,声带 shēngdài
141,sinus,鼻窦,bídòu,鼻窦 bídòu
142,nerve,神经,shénjīng,神经 shénjīng
143,digestive,消化系统,xiāohuàxìtǒng,消化系统 xiāohuàxìtǒng
144,tongue,舌,shé,舌 shé
145,nervous,神经系统,shénjīngxìtǒng,神经系统 shénjīngxìtǒng
146,Adam’s apple,喉结,hóujié,喉结 hóujié
147,bladder,膀胱,pángguāng,膀胱 pángguāng
148,urethra,尿道,niàodào,尿道 niàodào
149,vagina,阴道,yīndào,阴道 yīndào
150,uterus,子宫,zǐgōng,子宫 zǐgōng
151,fertile,有生殖能力的,yǒushēngzhínénglìde,有生殖能力的 yǒushēngzhínénglìde
152,menstruation,月经,yuèjīng,月经 yuèjīng
153,sexually transmitted disease,性病,xìngbìng,性病 xìngbìng
154,hormone,荷尔蒙,hé’ěrméng,荷尔蒙 hé’ěrméng
155,ovulation,排卵,páiluǎn,排卵 páiluǎn
156,infertile,不育,bùyù,不育 bùyù
157,follicle,卵泡,luǎnpāo,卵泡 luǎnpāo
158,egg,卵子,luǎnzǐ,卵子 luǎnzǐ
159,sperm,精子,jīngzǐ,精子 jīngzǐ
160,clitoris,阴蒂,yīndì,阴蒂 yīndì
161,cervix,子宫颈,zǐgōngjǐng,子宫颈 zǐgōngjǐng
162,Fallopian tube,输卵管,shūluǎnguǎn,输卵管 shūluǎnguǎn
163,ovary,卵巢,luǎncháo,卵巢 luǎncháo
164,impotent,阳痿,yángwěi,阳痿 yángwěi
165,conceive,怀孕,huáiyùn,怀孕 huáiyùn
166,intercourse,性交,xìngjiāo,性交 xìngjiāo
167,labia,阴唇,yīnchún,阴唇 yīnchún
168,rectum,直肠,zhícháng,直肠 zhícháng
169,penis,阴茎,yīnjīng,阴茎 yīnjīng
170,scrotum,阴囊,yīnnáng,阴囊 yīnnáng
171,ejaculatory duct,射精管,shèjīngguǎn,射精管 shèjīngguǎn
172,pill,避孕药,bìyùnyào,避孕药 bìyùnyào
173,vas deferens,输精管,shūjīngguǎn,输精管 shūjīngguǎn
174,foreskin,包皮,bāopí,包皮 bāopí
175,prostate,前列腺,qiánlièxiàn,前列腺 qiánlièxiàn
176,IUD,宫内避孕器,gōngnèibìyùnqì,宫内避孕器 gōngnèibìyùnqì
177,cap,子宫托,zǐgōngtuō,子宫托 zǐgōngtuō
178,seminal vesicle,精囊,jīngnáng,精囊 jīngnáng
179,condom,避孕套,bìyùntào,避孕套 bìyùntào
180,ureter,输尿管,shūniàoguǎn,输尿管 shūniàoguǎn
181,testicle,睾丸,gāowán,睾丸 gāowán
182,husband,丈夫,zhàngfu,丈夫 zhàngfu
183,granddaughter,孙女,sūnnǚ,孙女 sūnnǚ
184,son-in-law,女婿,nǚxù,女婿 nǚxù
185,aunt,姑妈,gūmā,姑妈 gūmā
186,sister,姊妹,zǐmèi,姊妹 zǐmèi
187,son,儿子,érzǐ,儿子 érzǐ
188,wife,妻子,qīzi,妻子 qīzi
189,mother,母亲,mǔqīn,母亲 mǔqīn
190,grandmother,祖母,zǔmǔ,祖母 zǔmǔ
191,grandson,孙子,sūnzi,孙子 sūnzi
192,brother,兄弟,xiōngdì,兄弟 xiōngdì
193,father,父亲,fùqīn,父亲 fùqīn
194,uncle,姑父,gūfu,姑父 gūfu
195,cousin,表兄弟,biǎoxiōngdì,表兄弟 biǎoxiōngdì
196,grandfather,祖父,zǔfù,祖父 zǔfù
197,daughter-in-law,儿媳,érxí,儿媳 érxí
198,daughter,女儿,nǚér,女儿 nǚér
199,stepson,继子,jìzǐ,继子 jìzǐ
200,stepdaughter,继女,jìnǚ,继女 jìnǚ
201,grandchildren,孙子女外孙子女,/ sūnzinǚ / wàisūnzǐnǚ,孙子女外孙子女 / sūnzinǚ / wàisūnzǐnǚ
202,grandparents,祖父母外祖父母,/ zǔfùmǔ / wàizǔfùmǔ,祖父母外祖父母 / zǔfùmǔ / wàizǔfùmǔ
203,relatives,亲戚,qīnqi,亲戚 qīnqi
204,generation,世代,shìdài,世代 shìdài
205,niece,外甥女,wàishēngnǚ,外甥女 wàishēngnǚ
206,father-in-law,岳父,yuèfù,岳父 yuèfù
207,Miss,小姐,xiǎojiě,小姐 xiǎojiě
208,Mr,先生,xiānshēng,先生 xiānshēng
209,adult,成年人,chéngniánrén,成年人 chéngniánrén
210,child,儿童,értóng,儿童 értóng
211,girl,女孩,nǚhái,女孩 nǚhái
212,man,男人,nánrén,男人 nánrén
213,stepmother,继母,jìmǔ,继母 jìmǔ
214,stepfather,继父,jìfù,继父 jìfù
215,nephew,外甥,wàishēng,外甥 wàishēng
216,mother-in-law,岳母,yuèmǔ,岳母 yuèmǔ
217,Mrs,太太,tàitài,太太 tàitài
218,teenager,青少年,qīngshàonián,青少年 qīngshàonián
219,boy,男孩,nánhái,男孩 nánhái
220,parents,父母,fùmǔ,父母 fùmǔ
221,children,孩子,háizi,孩子 háizi
222,baby,婴儿,yīng’ér,婴儿 yīng’ér
223,partner,配偶,pèiǒu,配偶 pèiǒu
224,twins,双胞胎,shuāngbāotāi,双胞胎 shuāngbāotāi
225,brother-in-law,妻妹姐夫,() qīmèi(jiě)fū,妻妹姐夫 () qīmèi(jiě)fū
226,sister-in-law,妻妹姐,() qīmèi(jiě),妻妹姐 () qīmèi(jiě)
227,woman,女人,nǚrén,女人 nǚrén
228,penfriend,笔友,bǐyǒu,笔友 bǐyǒu
229,acquaintance,熟人,shúrén,熟人 shúrén
230,manager,经理,jīnglǐ,经理 jīnglǐ
231,business partner,生意伙伴,shēngyìhuǒbàn,生意伙伴 shēngyìhuǒbàn
232,employer,雇主,gùzhǔ,雇主 gùzhǔ
233,girlfriend,女朋友,nǚpéngyǒu,女朋友 nǚpéngyǒu
234,neighbour,邻居,línjū,邻居 línjū
235,friend,朋友,péngyǒu,朋友 péngyǒu
236,fiancé,未婚夫,wèihūnfū,未婚夫 wèihūnfū
237,colleague,同事,tóngshì,同事 tóngshì
238,assistant,助理,zhùlǐ,助理 zhùlǐ
239,boyfriend,男朋友,nánpéngyǒu,男朋友 nánpéngyǒu
240,fiancée,未婚妻,wèihūnqī,未婚妻 wèihūnqī
241,employee,雇员,gùyuán,雇员 gùyuán
242,sigh (v),叹息,tànxī,叹息 tànxī
243,faint (v),晕倒,yūndǎo,晕倒 yūndǎo
244,laugh (v),笑,xiào,笑 xiào
245,cry (v),哭,kū,哭 kū
246,smile,微笑,wēixiào,微笑 wēixiào
247,worried,忧虑,yōulǜ,忧虑 yōulǜ
248,confused,困惑,kùnhuò,困惑 kùnhuò
249,confident,自信,zìxìn,自信 zìxìn
250,sad,悲伤,bēishāng,悲伤 bēishāng
251,scared,惊恐,jīngkǒng,惊恐 jīngkǒng
252,frown,皱眉,zhòuméi,皱眉 zhòuméi
253,shout (v),叫喊,jiàohǎn,叫喊 jiàohǎn
254,yawn (v),打哈欠,dǎhāqian,打哈欠 dǎhāqian
255,shy,羞涩,xiūsè,羞涩 xiūsè
256,embarrassed,尴尬,gāngà,尴尬 gāngà
257,proud,自豪,zìháo,自豪 zìháo
258,angry,愤怒,fènnù,愤怒 fènnù
259,happy,快乐,kuàilè,快乐 kuàilè
260,surprised,惊讶,jīngyà,惊讶 jīngyà
261,upset,烦躁,fánzào,烦躁 fánzào
262,shocked,震惊,zhènjīng,震惊 zhènjīng
263,excited,兴奋,xīngfèn,兴奋 xīngfèn
264,bored,无聊,wúliáo,无聊 wúliáo
265,make friends (v),交友,jiāoyǒu,交友 jiāoyǒu
266,graduate (v),毕业,bìyè,毕业 bìyè
267,fall in love (v),恋爱,liàn’ài,恋爱 liàn’ài
268,get a job (v),就业,jiùyè,就业 jiùyè
269,christening,洗礼,xǐlǐ,洗礼 xǐlǐ
270,anniversary,纪念日,jì’niànrì,纪念日 jì’niànrì
271,emigrate (v),移民,yímín,移民 yímín
272,retire (v),退休,tuìxiū,退休 tuìxiū
273,die (v),死亡,sǐwáng,死亡 sǐwáng
274,funeral,葬礼,zànglǐ,葬礼 zànglǐ
275,start school (v),入学,rùxué,入学 rùxué
276,be born (v),出生,chūshēng,出生 chūshēng
277,divorce,离婚,líhūn,离婚 líhūn
278,have a baby (v),生子,shēngzǐ,生子 shēngzǐ
279,make a will (v),立遗嘱,lìyízhǔ,立遗嘱 lìyízhǔ
280,birth certiﬁcate,出生证明,chūshēng zhèngmíng,出生证明 chūshēng zhèngmíng
281,wedding reception,婚宴,hūnyàn,婚宴 hūnyàn
282,bar mitzvah,蜜月,mìyuè honeymoon yóutài nánhái chéngrén (shísānsuì)yíshì,蜜月 mìyuè honeymoon yóutài nánhái chéngrén (shísānsuì)yíshì
283,get married (v),结婚,jiéhūn,结婚 jiéhūn
284,birthday party,生日聚会,shēngrìjùhuì,生日聚会 shēngrìjùhuì
285,ribbon,缎带,duàndài,缎带 duàndài
286,card,贺卡,hèkǎ,贺卡 hèkǎ
287,present,礼物,lǐwù,礼物 lǐwù
288,Halloween,万圣节,wànshèngjié,万圣节 wànshèngjié
289,birthday,生日,shēngrì,生日 shēngrì
290,Ramadan,斋月,zhāiyuè,斋月 zhāiyuè
291,Passover,逾越节,yúyuèjié,逾越节 yúyuèjié
292,Easter,复活节,fùhuójié,复活节 fùhuójié
293,procession,游行,yóuxíng,游行 yóuxíng
294,New Year,新年,xīnnián,新年 xīnnián
295,Christmas,圣诞节,shèngdànjié,圣诞节 shèngdànjié
296,Thanksgiving,感恩节,gǎn’ēnjié,感恩节 gǎn’ēnjié
297,Diwali,排灯节,páidēngjié,排灯节 páidēngjié
298,carnival,狂欢节嘉年华会,/ kuánghuānjié / jiā’niánhuáhuì,狂欢节嘉年华会 / kuánghuānjié / jiā’niánhuáhuì
299,appearance,外表,wàibiǎo,外表 wàibiǎo
300,skirt,裙子,qúnzi,裙子 qúnzi
301,dungarees,工装裤,gōngzhuāngkù,工装裤 gōngzhuāngkù
302,snowsuit,儿童防雪装,értóng fángxuězhuāng,儿童防雪装 értóng fángxuězhuāng
303,romper suit,连衫裤,liánshānkù,连衫裤 liánshānkù
304,apron,围兜,wéidōu,围兜 wéidōu
305,plastic pants,塑料尿裤,sùliào niàokù,塑料尿裤 sùliào niàokù
306,terry nappy,绒布尿布,róngbù niàobù,绒布尿布 róngbù niàobù
307,popper,摁扣,ènkòu,摁扣 ènkòu
308,t-shirt,恤衫,T Txùshān,恤衫 T Txùshān
309,sunhat,遮阳帽,zhēyángmào,遮阳帽 zhēyángmào
310,sleepsuit,婴儿睡衣,yīng’érshuìyī,婴儿睡衣 yīng’érshuìyī
311,booties,婴儿鞋,yīng’érxié,婴儿鞋 yīng’érxié
312,vest,背心,bèixīn,背心 bèixīn
313,shorts,短裤,duǎnkù,短裤 duǎnkù
314,mittens,婴儿手套,yīng’érshǒutào,婴儿手套 yīng’érshǒutào
315,babygro,婴儿连脚裤,yīng’ér liánjiǎokù,婴儿连脚裤 yīng’ér liánjiǎokù
316,bib,围嘴,wéizuǐ,围嘴 wéizuǐ
317,disposable nappy,一次性尿布,yícìxìng niàobù,一次性尿布 yícìxìng niàobù
318,natural ﬁbre,天然纤维,tiānrán xiānwéi,天然纤维 tiānrán xiānwéi
319,synthetic,合成的,héchéngde,合成的 héchéngde
320,hood,风帽,fēngmào,风帽 fēngmào
321,trainers,运动鞋,yùndòngxié,运动鞋 yùndòngxié
322,anorak,滑雪衫,huáxuěshān,滑雪衫 huáxuěshān
323,duffel coat,粗呢外套,cūní wàitào,粗呢外套 cūní wàitào
324,autumn,秋天,qiūtiān,秋天 qiūtiān
325,summer,夏天,xiàtiān,夏天 xiàtiān
326,scarf,围巾,wéijīn,围巾 wéijīn
327,logo,标识,biāoshí,标识 biāoshí
328,dressing gown,室内便袍,shìnèi biànpáo,室内便袍 shìnèi biànpáo
329,sandals,凉鞋,liángxié,凉鞋 liángxié
330,tracksuit,运动服,yùndòngfú,运动服 yùndòngfú
331,leggings,儿童保暖裤,értóngbǎonuǎnkù,儿童保暖裤 értóngbǎonuǎnkù
332,jeans,牛仔裤,niúzǎikù,牛仔裤 niúzǎikù
333,slippers,拖鞋,tuōxié,拖鞋 tuōxié
334,nightwear,睡衣,shuìyī,睡衣 shuìyī
335,winter,冬天,dōngtiān,冬天 dōngtiān
336,football strip,足球球衣,zúqiú qiúyī,足球球衣 zúqiú qiúyī
337,backpack,背包,bēibāo,背包 bēibāo
338,Is it machine washable?,这可以机洗吗,？ zhèkěyǐ jīxǐ ma?,这可以机洗吗 ？ zhèkěyǐ jīxǐ ma?
339,Will this ﬁt a two-year-old?,这适合两岁的孩子穿吗,？ zhè shìhé liǎngsuìde háizi chuān ma?,这适合两岁的孩子穿吗 ？ zhè shìhé liǎngsuìde háizi chuān ma?
340,raincoat,雨衣,yǔyī,雨衣 yǔyī
341,nightie,儿童睡衣,értóng shuìyī,儿童睡衣 értóng shuìyī
342,dress,连衣裙,liányīqún,连衣裙 liányīqún
343,wellington boots,长筒橡胶靴,chángtǒng xiàngjiāoxuē,长筒橡胶靴 chángtǒng xiàngjiāoxuē
344,collar,衣领,yīlǐng,衣领 yīlǐng
345,jacket,上装,shàngzhuāng,上装 shàngzhuāng
346,Do you have this in a larger/smaller size?,有没有大小一点儿的尺寸,/ ？ yǒuméiyǒu dà/xiǎo yìdiǎn de chǐcùn?,有没有大小一点儿的尺寸 / ？ yǒuméiyǒu dà/xiǎo yìdiǎn de chǐcùn?
347,tie,领带,lǐngdài,领带 lǐngdài
348,lining,衬里,chènlǐ,衬里 chènlǐ
349,belt,腰带,yāodài,腰带 yāodài
350,button,纽扣,niǔkòu,纽扣 niǔkòu
351,pocket,口袋,kǒudài,口袋 kǒudài
352,long,长,cháng,长 cháng
353,short,短,duǎn,短 duǎn
354,underwear,内衣裤,nèiyīkù,内衣裤 nèiyīkù
355,cuff,袖口,xiùkǒu,袖口 xiùkǒu
356,May I try this on?,我可以试穿一下吗,？ wǒ kěyǐ shìchuān yíxià ma?,我可以试穿一下吗 ？ wǒ kěyǐ shìchuān yíxià ma?
357,business suit,西装,xīzhuāng,西装 xīzhuāng
358,buttonhole,扣眼儿,kòuyǎn’ér,扣眼儿 kòuyǎn’ér
359,shoes,皮鞋,píxié leather,皮鞋 píxié leather
360,coat,外套,wàitào,外套 wàitào
361,trousers,裤子,kùzi,裤子 kùzi
362,lapel,翻领,fānlǐng,翻领 fānlǐng
363,shirt,衬衫,chènshān,衬衫 chènshān
364,cardigan,羊毛衫,yángmáoshān,羊毛衫 yángmáoshān
365,briefs,三角内裤,sānjiǎonèikù,三角内裤 sānjiǎonèikù
366,sweatpants,运动裤,yùndòngkù,运动裤 yùndòngkù
367,boxer shorts,短衬裤,duǎnchènkù,短衬裤 duǎnchènkù
368,pyjamas,睡衣,shuìyī,睡衣 shuìyī
369,waistcoat,马甲,mǎjiǎ,马甲 mǎjiǎ
370,sports jacket,粗呢夹克,cūníjiákè,粗呢夹克 cūníjiákè
371,socks,袜子,wàzi,袜子 wàzi
372,sweatshirt,运动衫,yùndòngshān,运动衫 yùndòngshān
373,sweater,套头毛衣,tàotóumáoyī,套头毛衣 tàotóumáoyī
374,round neck,圆领,yuánlǐng,圆领 yuánlǐng
375,blazer,休闲上衣,xiūxián shàngyī,休闲上衣 xiūxián shàngyī
376,casual wear,便装,biànzhuāng,便装 biànzhuāng
377,windcheater,防风夹克,fángfēngjiákè,防风夹克 fángfēngjiákè
378,v-neck,型领,v Vxínglǐng,型领 v Vxínglǐng
379,sleeveless,无袖,wúxiù,无袖 wúxiù
380,knee-length,及膝长,jíxī cháng,及膝长 jíxī cháng
381,blouse,女士衬衫,nǚshì chènshān,女士衬衫 nǚshì chènshān
382,strapless,无肩带,wújiāndài,无肩带 wújiāndài
383,tights,连裤袜,liánkùwà,连裤袜 liánkùwà
384,sleeve,袖子,xiùzǐ,袖子 xiùzǐ
385,seam,缝合线,fénghéxiàn,缝合线 fénghéxiàn
386,evening dress,晚礼服,wǎnlǐfú,晚礼服 wǎnlǐfú
387,ankle length,及脚踝长,jíjiǎohuái cháng,及脚踝长 jíjiǎohuái cháng
388,neckline,领口,lǐngkǒu,领口 lǐngkǒu
389,hem,裙边,qúnbiān,裙边 qúnbiān
390,casual,便装,biànzhuāng,便装 biànzhuāng
391,negligée,女用长睡衣,nǚyòng cháng shuìyī,女用长睡衣 nǚyòng cháng shuìyī
392,camisole,紧身内衣,jǐnshēn nèiyī,紧身内衣 jǐnshēn nèiyī
393,strap,肩带,jiāndài,肩带 jiāndài
394,suspenders,吊袜带,diàowàdài,吊袜带 diàowàdài
395,train,拖裾,tuōjū,拖裾 tuōjū
396,lace,花边,huābiān,花边 huābiān
397,tailored,剪裁考究,jiǎncái kǎojiu,剪裁考究 jiǎncái kǎojiu
398,halter neck,露背装,lòubèizhuāng,露背装 lòubèizhuāng
399,underwired,内有金属丝的胸罩,() nèiyǒu jīnshǔsīde (xiōngzhào),内有金属丝的胸罩 () nèiyǒu jīnshǔsīde (xiōngzhào)
400,sports bra,运动胸罩,yùndòng xiōngzhào,运动胸罩 yùndòng xiōngzhào
401,veil,头纱,tóushā,头纱 tóushā
402,bra,胸罩,xiōngzhào,胸罩 xiōngzhào
403,stockings,长筒袜,chángtǒngwà,长筒袜 chángtǒngwà
404,basque,女式短上衣,nǚshì duǎnshàngyī,女式短上衣 nǚshì duǎnshàngyī
405,nightdress,女睡衣,nǚshuìyī,女睡衣 nǚshuìyī
406,corset,束腹,shùfù,束腹 shùfù
407,garter,松紧袜带,sōngjǐn wàdài,松紧袜带 sōngjǐn wàdài
408,shoulder pad,垫肩,diànjiān,垫肩 diànjiān
409,waistband,腰带,yāodài,腰带 yāodài
410,slip,衬裙,chènqún,衬裙 chènqún
411,knickers,女用内裤,nǚyòng nèikù,女用内裤 nǚyòng nèikù
412,bouquet,花束,huāshù,花束 huāshù
413,wedding dress,结婚礼服,jiéhūn lǐfú,结婚礼服 jiéhūn lǐfú
414,tip,尖,jiān,尖 jiān
415,string of pearls,珍珠项链,zhēnzhū xiàngliàn,珍珠项链 zhēnzhū xiàngliàn
416,buckle,腰带扣,yāodàikòu,腰带扣 yāodàikòu
417,handle,柄,bǐng,柄 bǐng
418,stone,宝石,bǎoshí,宝石 bǎoshí
419,clasp,链扣,liànkòu,链扣 liànkòu
420,chain,链子,liànzi,链子 liànzi
421,brooch,胸针,xiōngzhēn,胸针 xiōngzhēn
422,umbrella,伞,sǎn,伞 sǎn
423,hat,礼帽,lǐmào,礼帽 lǐmào
424,necklace,项链,xiàngliàn,项链 xiàngliàn
425,ring,戒指,jièzhi,戒指 jièzhi
426,earring,耳环,ěrhuán,耳环 ěrhuán
427,watch,手表,shǒubiǎo,手表 shǒubiǎo
428,link,链环,liànhuán,链环 liànhuán
429,bracelet,手镯,shǒuzhuó,手镯 shǒuzhuó
430,gloves,手套,shǒutào,手套 shǒutào
431,handkerchief,手帕,shǒupà,手帕 shǒupà
432,pendant,项链坠,xiàngliànzhuì,项链坠 xiàngliànzhuì
433,tie-pin,领带夹,lǐngdàijiá,领带夹 lǐngdàijiá
434,cufflink,袖扣,xiùkòu,袖扣 xiùkòu
435,bow tie,领结,lǐngjié,领结 lǐngjié
436,walking boot,步行靴,bùxíngxuē,步行靴 bùxíngxuē
437,handles,提手,tíshǒu,提手 tíshǒu
438,lace-up,系带鞋,xìdàixié,系带鞋 xìdàixié
439,purse,钱包,qiánbāo,钱包 qiánbāo
440,briefcase,公文包,gōngwénbāo,公文包 gōngwénbāo
441,holdall,旅行袋,lǚxíngdài,旅行袋 lǚxíngdài
442,leather shoe,皮鞋,píxié,皮鞋 píxié
443,trainer,运动鞋,yùndòngxié,运动鞋 yùndòngxié
444,high heel shoe,高跟鞋,gāogēnxié,高跟鞋 gāogēnxié
445,brogue,镂花皮鞋,lòuhuā píxié,镂花皮鞋 lòuhuā píxié
446,wallet,钱夹,qiánjiá,钱夹 qiánjiá
447,platform shoe,厚底鞋,hòudǐxié,厚底鞋 hòudǐxié
448,sandal,凉鞋,liángxié,凉鞋 liángxié
449,handbag,手提包,shǒutíbāo,手提包 shǒutíbāo
450,shoulder strap,背带,bēidài,背带 bēidài
451,eyelet,鞋眼,xiéyǎn,鞋眼 xiéyǎn
452,slip-on,无带便鞋,wúdài biànxié,无带便鞋 wúdài biànxié
453,shoulder bag,挎包,kuàbāo,挎包 kuàbāo
454,fastening,扣环,kòuhuán,扣环 kòuhuán
455,flip-flop,平底人字拖鞋,píngdǐ rénzì tuōxié,平底人字拖鞋 píngdǐ rénzì tuōxié
456,hairdryer,吹风机,chuīfēngjī,吹风机 chuīfēngjī
457,comb,发梳,fāshū,发梳 fāshū
458,hairdresser,美发师,měifàshī,美发师 měifàshī
459,set (v),定型,dìngxíng,定型 dìngxíng
460,shampoo,洗发水,xǐfàshuǐ,洗发水 xǐfàshuǐ
461,scissors,剪刀,jiǎndāo,剪刀 jiǎndāo
462,hairpin,发卡,fàqiǎ,发卡 fàqiǎ
463,hairspray,定型水,dìngxíngshuǐ,定型水 dìngxíngshuǐ
464,blow dry (v),吹干,chuīgān,吹干 chuīgān
465,curling tongs,卷发钳,juǎnfàqián,卷发钳 juǎnfàqián
466,conditioner,护发素,hùfàsù,护发素 hùfàsù
467,robe,罩衫,zhàoshān,罩衫 zhàoshān
468,sink,洗头盆,xǐtóupén,洗头盆 xǐtóupén
469,client,顾客,gùkè,顾客 gùkè
470,hairband,发箍,fàgū,发箍 fàgū
471,comb (v),梳头,shūtóu,梳头 shūtóu
472,brush,发刷,fāshuā,发刷 fāshuā
473,cut (v),剪,jiǎn,剪 jiǎn
474,curler,卷发夹子,juǎnfà jiāzi,卷发夹子 juǎnfà jiāzi
475,rinse (v),冲洗,chōngxǐ,冲洗 chōngxǐ
476,gel,发胶,fàjiāo,发胶 fàjiāo
477,perm,烫发,tàngfà,烫发 tàngfà
478,trim (v),修剪,xiūjiǎn,修剪 xiūjiǎn
479,straighten (v),拉直,lāzhí,拉直 lāzhí
480,barber,理发师,lǐfàshī,理发师 lǐfàshī
481,dandruff,头皮屑,tóupíxiè,头皮屑 tóupíxiè
482,split ends,发梢分叉,fàshāo fēnchà,发梢分叉 fàshāo fēnchà
483,bald,秃顶,tūdǐng,秃顶 tūdǐng
484,pigtails,小辫,xiǎobiàn,小辫 xiǎobiàn
485,dyed,染色的,rǎnsède,染色的 rǎnsède
486,grey,灰色,huīsè,灰色 huīsè
487,auburn,红褐色,hónghèsè,红褐色 hónghèsè
488,blonde,金色,jīnsè,金色 jīnsè
489,straight,直发,zhífā,直发 zhífā
490,french pleat,法式盘头,fǎshì pántóu,法式盘头 fǎshì pántóu
491,crop,短发,duǎnfà,短发 duǎnfà
492,highlights,挑染,tiāorǎn,挑染 tiāorǎn
493,wig,假发,jiǎfà,假发 jiǎfà
494,white,白色,báisè,白色 báisè
495,brunette,深褐色,shēnhèsè,深褐色 shēnhèsè
496,bun,发髻,fàjì,发髻 fàjì
497,bob,女式短发,nǚshì duǎnfà,女式短发 nǚshì duǎnfà
498,greasy,油性发质,() yóuxìng (fàzhì),油性发质 () yóuxìng (fàzhì)
499,dry,干性发质,() gānxìng (fàzhì),干性发质 () gānxìng (fàzhì)
500,normal,中性发质,() zhōngxìng (fàzhì),中性发质 () zhōngxìng (fàzhì)
501,scalp,头皮,tóupí,头皮 tóupí
502,hairtie,发带,fàdài,发带 fàdài
503,black,黑色,hēisè,黑色 hēisè
504,ponytail,马尾辫,mǎwěibiàn,马尾辫 mǎwěibiàn
505,roots,发根,fāgēn,发根 fāgēn
506,curly,卷发,juǎnfà,卷发 juǎnfà
507,plait,麻花辫,máhuābiàn,麻花辫 máhuābiàn
508,ginger,红棕色,hóngzōngsè,红棕色 hóngzōngsè
509,lip gloss,唇彩,chúncǎi,唇彩 chúncǎi
510,lip brush,唇刷,chúnshuā,唇刷 chúnshuā
511,powder puff,粉扑,fěnpū,粉扑 fěnpū
512,eyebrow pencil,眉笔,méibǐ,眉笔 méibǐ
513,blusher,腮红,sāihóng,腮红 sāihóng
514,eyebrow brush,眉刷,méishuā,眉刷 méishuā
515,lipstick,口红,kǒuhóng,口红 kǒuhóng
516,hair dye,染发剂,rǎnfàjì,染发剂 rǎnfàjì
517,foundation,粉底,fěndǐ,粉底 fěndǐ
518,face powder,粉饼,fěnbǐng,粉饼 fěnbǐng
519,mirror,化妆镜,huàzhuāngjìng,化妆镜 huàzhuāngjìng
520,tweezers,眉夹,méijiá,眉夹 méijiá
521,concealer,遮瑕膏,zhēxiágāo,遮瑕膏 zhēxiágāo
522,mascara,睫毛膏,jiémáogāo,睫毛膏 jiémáogāo
523,lip liner,唇线笔,chúnxiànbǐ,唇线笔 chúnxiànbǐ
524,eyeliner,眼线液,yǎnxiànyè,眼线液 yǎnxiànyè
525,eye shadow,眼影,yǎnyǐng,眼影 yǎnyǐng
526,tan,棕褐色皮肤,zōnghèsè pífū,棕褐色皮肤 zōnghèsè pífū
527,tattoo,纹身,wénshēn,纹身 wénshēn
528,anti-wrinkle,抗皱,kàngzhòu,抗皱 kàngzhòu
529,cotton balls,棉球,miánqiú,棉球 miánqiú
530,complexion,肤色,fūsè,肤色 fūsè
531,fair,皮肤白皙,pífū báixī,皮肤白皙 pífū báixī
532,dark,肤色较深,fūsè jiàoshēn,肤色较深 fūsè jiàoshēn
533,toner,爽肤水,shuǎngfūshuǐ,爽肤水 shuǎngfūshuǐ
534,eau de toilette,淡香水,dànxiāngshuǐ,淡香水 dànxiāngshuǐ
535,facial,面部护理,miànbùhùlǐ,面部护理 miànbùhùlǐ
536,nail varnish remover,洗甲水,xǐjiǎshuǐ,洗甲水 xǐjiǎshuǐ
537,nail file,指甲锉,zhǐjiacuò,指甲锉 zhǐjiacuò
538,pedicure,趾甲护理,zhǐjiǎ hùlǐ,趾甲护理 zhǐjiǎ hùlǐ
539,sunbed,紫外线浴床,zǐwàixiàn yùchuáng,紫外线浴床 zǐwàixiàn yùchuáng
540,moisturizer,保湿霜,bǎoshīshuāng,保湿霜 bǎoshīshuāng
541,cleanser,洁面水,jiémiànshuǐ,洁面水 jiémiànshuǐ
542,oily,油性皮肤,() yóuxìng(pífū),油性皮肤 () yóuxìng(pífū)
543,sensitive,敏感性的,mǐngǎnxìngde,敏感性的 mǐngǎnxìngde
544,hypoallergenic,低变应原的,dībiànyìngyuánde,低变应原的 dībiànyìngyuánde
545,shade,色调,sèdiào,色调 sèdiào
546,exfoliate (v),去死皮,qù sǐpí,去死皮 qù sǐpí
547,nail scissors,指甲剪,zhǐjiajiǎn,指甲剪 zhǐjiajiǎn
548,wax,热蜡脱毛,rèlàtuōmáo,热蜡脱毛 rèlàtuōmáo
549,nail clippers,指甲刀,zhǐjiadāo,指甲刀 zhǐjiadāo
550,nail varnish,指甲油,zhǐjiayóu,指甲油 zhǐjiayóu
551,self-tanning cream,黑肤霜,hēifūshuāng,黑肤霜 hēifūshuāng
552,face pack,面膜,miànmó,面膜 miànmó
553,treatments,香水,xiāngshuǐ perfume,香水 xiāngshuǐ perfume
554,health,健康,jiànkāng,健康 jiànkāng
555,inhaler,气雾剂,qìwùjì,气雾剂 qìwùjì
556,vomit (v),呕吐,ǒutù,呕吐 ǒutù
557,epilepsy,癫痫,diānxián,癫痫 diānxián
558,migraine,偏头痛,piāntóutòng,偏头痛 piāntóutòng
559,eczema,湿疹,shīzhěn,湿疹 shīzhěn
560,infection,传染,chuánrǎn,传染 chuánrǎn
561,virus,病毒,bìngdú,病毒 bìngdú
562,stroke,中风,zhòngfēng,中风 zhòngfēng
563,blood pressure,血压,xuèyā,血压 xuèyā
564,heart attack,心肌梗塞,xīnjī gěngsè,心肌梗塞 xīnjī gěngsè
565,sneeze,喷嚏,pēntì,喷嚏 pēntì
566,nausea,恶心,ěxin,恶心 ěxin
567,chickenpox,水痘,shuǐdòu,水痘 shuǐdòu
568,nosebleed,鼻血,bíxiě,鼻血 bíxiě
569,cough,咳嗽,késou,咳嗽 késou
570,chill,寒战,hánzhàn,寒战 hánzhàn
571,stomach ache,胃痛,wèitòng,胃痛 wèitòng
572,cramps,痉挛,jìngluán,痉挛 jìngluán
573,flu,流感,liúgǎn,流感 liúgǎn
574,diarrhoea,腹泻,fùxiè,腹泻 fùxiè
575,measles,麻疹,mázhěn,麻疹 mázhěn
576,mumps,腮腺炎,sāixiànyán,腮腺炎 sāixiànyán
577,cold,感冒,gǎnmào,感冒 gǎnmào
578,rash,皮疹,pízhěn,皮疹 pízhěn
579,asthma,哮喘,xiàochuǎn,哮喘 xiàochuǎn
580,diabetes,糖尿病,tángniàobìng,糖尿病 tángniàobìng
581,allergy,过敏,guòmǐn,过敏 guòmǐn
582,hayfever,枯草热,kūcǎorè,枯草热 kūcǎorè
583,headache,头痛,tóutòng,头痛 tóutòng
584,stethoscope,听诊器,tīngzhěnqì,听诊器 tīngzhěnqì
585,I need to see a doctor.,我需要看医生,。 wǒ xūyào kànyīshēng.,我需要看医生 。 wǒ xūyào kànyīshēng.
586,It hurts here.,这儿疼,。 zhè’er téng.,这儿疼 。 zhè’er téng.
587,appointment,预约,yùyuē,预约 yùyuē
588,surgery,诊疗室,zhěnliáoshì,诊疗室 zhěnliáoshì
589,waiting room,候诊室,hòuzhěnshì,候诊室 hòuzhěnshì
590,prescription,处方,chǔfāng,处方 chǔfāng
591,nurse,护士,hùshi,护士 hùshi
592,doctor,医生,yīshēng,医生 yīshēng
593,x-ray viewer,光片看片器,X Xguāngpiàn kànpiànqì,光片看片器 X Xguāngpiàn kànpiànqì
594,inoculation,接种,jiēzhòng,接种 jiēzhòng
595,thermometer,体温计,tǐwēnjì,体温计 tǐwēnjì
596,examination,体检,tǐjiǎn medical,体检 tǐjiǎn medical
597,blood pressure gauge,血压计,xuèyājì,血压计 xuèyājì
598,patient,患者,huànzhě,患者 huànzhě
599,height bar,身高计,shēngāojì,身高计 shēngāojì
600,scales,体重计,tǐzhòngjì,体重计 tǐzhòngjì
601,poisoning,中毒,zhòngdú,中毒 zhòngdú
602,electric shock,电击,diànjī,电击 diànjī
603,head injury,头部损伤,tóubù sǔnshāng,头部损伤 tóubù sǔnshāng
604,accident,事故,shìgù,事故 shìgù
605,emergency,紧急情况,jǐnjí qíngkuàng,紧急情况 jǐnjí qíngkuàng
606,wound,伤口,shāngkǒu,伤口 shāngkǒu
607,sting,蜇伤,zhēshāng,蜇伤 zhēshāng
608,burn,烧伤,shāoshāng,烧伤 shāoshāng
609,splinter,刺伤,cìshāng,刺伤 cìshāng
610,graze,擦伤,cāshāng,擦伤 cāshāng
611,sling,医用吊带,yīyòng diàodài,医用吊带 yīyòng diàodài
612,neck brace,颈托,jǐngtuō,颈托 jǐngtuō
613,sunburn,晒伤,shàishāng,晒伤 shàishāng
614,haemorrhage,大出血,dàchūxuè,大出血 dàchūxuè
615,blister,水泡,shuǐpào,水泡 shuǐpào
616,concussion,脑震荡,nǎozhèndàng,脑震荡 nǎozhèndàng
617,bite,咬伤,yǎoshāng,咬伤 yǎoshāng
618,cut,割伤,gēshāng,割伤 gēshāng
619,fracture,骨折,gǔzhé,骨折 gǔzhé
620,Will he/she be all right?,他她没事吧,/? tā/tā méishì ba?,他她没事吧 /? tā/tā méishì ba?
621,Where does it hurt?,哪里疼,? nǎli téng?,哪里疼 ? nǎli téng?
622,Please call an ambulance.,请叫救护车,。 qǐngjiào jiùhùchē.,请叫救护车 。 qǐngjiào jiùhùchē.
623,whiplash,头颈部损伤,tóujǐngbù sǔnshāng,头颈部损伤 tóujǐngbù sǔnshāng
624,bruise,淤伤,yūshāng,淤伤 yūshāng
625,gauze,纱布,shābù,纱布 shābù
626,choke (v),窒息,zhìxī,窒息 zhìxī
627,sterile,无菌,wújūn,无菌 wújūn
628,shock,休克,xiūkè,休克 xiūkè
629,unconscious,不省人事,bùxǐng rénshì,不省人事 bùxǐng rénshì
630,painkillers,止痛药,zhǐtòngyào,止痛药 zhǐtòngyào
631,plaster,创可贴,chuàngkětiē,创可贴 chuàngkětiē
632,resuscitation,复苏术,fùsūshù,复苏术 fùsūshù
633,pulse,脉搏,màibó,脉搏 màibó
634,breathing,呼吸,hūxī,呼吸 hūxī
635,antiseptic wipe,消毒湿巾,xiāodú shījīn,消毒湿巾 xiāodú shījīn
636,bandage,绷带,bēngdài,绷带 bēngdài
637,dressing,包扎,bāozā,包扎 bāozā
638,Can you help?,您能帮帮我吗,? nín néng bāngbāng wǒ ma?,您能帮帮我吗 ? nín néng bāngbāng wǒ ma?
639,Do you know ﬁrst aid?,你会急救吗,? nǐ huì jíjiù ma?,你会急救吗 ? nǐ huì jíjiù ma?
640,ointment,药膏,yàogāo,药膏 yàogāo
641,adhesive tape,橡皮膏,xiàngpígāo,橡皮膏 xiàngpígāo
642,safety pin,安全别针,ānquán biézhēn,安全别针 ānquán biézhēn
643,antiseptic,消毒剂,xiāodújì,消毒剂 xiāodújì
644,trolley,移动病床,yídòng bìngchuáng,移动病床 yídòng bìngchuáng
645,surgeon,外科医生,wàikē yīshēng,外科医生 wàikē yīshēng
646,intensive care unit,加护病房,jiāhù bìngfáng,加护病房 jiāhù bìngfáng
647,outpatient,门诊病人,ménzhěn bìngrén,门诊病人 ménzhěn bìngrén
648,visiting hours,探视时间,tànshì shíjiān,探视时间 tànshì shíjiān
649,maternity ward,产科病房,chǎnkē bìngfáng,产科病房 chǎnkē bìngfáng
650,operation,手术,shǒushù,手术 shǒushù
651,admitted,收治的,shōuzhìde,收治的 shōuzhìde
652,emergency room,急诊室,jízhěnshì,急诊室 jízhěnshì
653,scan,扫描,CT CT sǎomiáo,扫描 CT CT sǎomiáo
654,injection,注射,zhùshè,注射 zhùshè
655,call button,呼叫按钮,hūjiào ànniǔ,呼叫按钮 hūjiào ànniǔ
656,operating theatre,手术室,shǒushùshì,手术室 shǒushùshì
657,discharged,出院,chūyuàn,出院 chūyuàn
658,clinic,诊所,zhěnsuǒ,诊所 zhěnsuǒ
659,x-ray,光,X Xguāng,光 X Xguāng
660,ward,病房,bìngfáng,病房 bìngfáng
661,anaesthetist,麻醉师,mázuìshī,麻醉师 mázuìshī
662,wheelchair,轮椅,lúnyǐ,轮椅 lúnyǐ
663,chart,手术记录表,shǒushù jìlùbiǎo,手术记录表 shǒushù jìlùbiǎo
664,blood test,验血,yànxuè,验血 yànxuè
665,children’s ward,儿童病房,értóng bìngfáng,儿童病房 értóng bìngfáng
666,private room,单人病房,dānrén bìngfáng,单人病房 dānrén bìngfáng
667,pathology,病理科,bìnglǐkē,病理科 bìnglǐkē
668,test,检查,jiǎnchá,检查 jiǎnchá
669,urology,泌尿科,mìniàokē,泌尿科 mìniàokē
670,plastic surgery,矫形外科,jiǎoxíngwàikē,矫形外科 jiǎoxíngwàikē
671,psychiatry,精神科,jīngshénkē,精神科 jīngshénkē
672,maternity,产科,chǎnkē,产科 chǎnkē
673,radiology,放射科,fàngshèkē,放射科 fàngshèkē
674,cardiology,心脏病科,xīnzàngbìngkē,心脏病科 xīnzàngbìngkē
675,gynaecology,妇科,fùkē,妇科 fùkē
676,ENT,耳鼻喉科,ěrbíhóukē,耳鼻喉科 ěrbíhóukē
677,orthopaedy,整形外科,zhěngxíngwàikē,整形外科 zhěngxíngwàikē
678,result,结果,jiéguǒ,结果 jiéguǒ
679,consultant,专科医生,zhuānkē yīshēng,专科医生 zhuānkē yīshēng
680,neurology,神经科,shénjīngkē,神经科 shénjīngkē
681,oncology,肿瘤科,zhǒngliúkē,肿瘤科 zhǒngliúkē
682,dermatology,皮肤科,pífūkē,皮肤科 pífūkē
683,ophthalmology,眼科,yǎnkē,眼科 yǎnkē
684,paediatrics,儿科,érkē,儿科 érkē
685,endocrinology,内分泌科,nèifēnmìkē,内分泌科 nèifēnmìkē
686,referral,转诊,zhuǎnzhěn,转诊 zhuǎnzhěn
687,physiotherapy,理疗科,lǐliáokē,理疗科 lǐliáokē
688,root,牙根,yágēn,牙根 yágēn
689,drill,牙钻,yázuàn,牙钻 yázuàn
690,dental ﬂoss,牙线,yáxiàn,牙线 yáxiàn
691,extraction,拔牙,báyá,拔牙 báyá
692,crown,齿冠,chǐguàn,齿冠 chǐguàn
693,probe,探针,tànzhēn,探针 tànzhēn
694,basin,漱口池,shùkǒuchí,漱口池 shùkǒuchí
695,x-ray film,牙片,yápiàn,牙片 yápiàn
696,dental x-ray,口腔光,kǒuqiāngguāng,口腔光 kǒuqiāngguāng
697,dentist’s chair,牙科椅,yákēyǐ,牙科椅 yákēyǐ
698,canine,犬齿,quǎnchǐ,犬齿 quǎnchǐ
699,molar,臼齿,jiùchǐ,臼齿 jiùchǐ
700,enamel,釉质,yòuzhì,釉质 yòuzhì
701,brace,畸齿矫正器,jīchǐ jiǎozhèngqì,畸齿矫正器 jīchǐ jiǎozhèngqì
702,premolar,前臼齿,qiánjiùchǐ,前臼齿 qiánjiùchǐ
703,toothache,牙痛,yátòng,牙痛 yátòng
704,plaque,牙菌斑,yájūnbān,牙菌斑 yájūnbān
705,decay,龋齿,qǔchǐ,龋齿 qǔchǐ
706,ﬁlling,填充物,tiánchōngwù,填充物 tiánchōngwù
707,dentures,假牙,jiǎyá,假牙 jiǎyá
708,gum,牙龈,yáyín,牙龈 yáyín
709,floss (v),用牙线洁齿,yòng yáxiàn jiéchǐ,用牙线洁齿 yòng yáxiàn jiéchǐ
710,incisor,门牙,ményá,门牙 ményá
711,reflector,医用灯,yīyòngdēng,医用灯 yīyòngdēng
712,lens case,隐形眼镜盒,yǐnxíng yǎnjìnghé,隐形眼镜盒 yǐnxíng yǎnjìnghé
713,cleaning fluid,清洁液,qīngjiéyè,清洁液 qīngjiéyè
714,glasses,眼镜,yǎnjìng,眼镜 yǎnjìng
715,astigmatism,散光,sǎnguāng,散光 sǎnguāng
716,long sight,远视,yuǎnshì,远视 yuǎnshì
717,short sight,近视,jìnshì,近视 jìnshì
718,bifocal,双光的,shuāngguāngde,双光的 shuāngguāngde
719,iris,虹膜,hóngmó,虹膜 hóngmó
720,case,眼镜盒,yǎnjìnghé,眼镜盒 yǎnjìnghé
721,cornea,角膜,jiǎomó,角膜 jiǎomó
722,pupil,瞳孔,tóngkǒng,瞳孔 tóngkǒng
723,frame,镜架,jìngjià,镜架 jìngjià
724,vision,视力,shìlì,视力 shìlì
725,diopter,屈光度,qūguāngdù,屈光度 qūguāngdù
726,tear,眼泪,yǎnlèi,眼泪 yǎnlèi
727,cataract,白内障,báinèizhàng,白内障 báinèizhàng
728,lens,晶状体,jīngzhuàngtǐ,晶状体 jīngzhuàngtǐ
729,disinfectant solution,消毒液,xiāodúyè,消毒液 xiāodúyè
730,optic nerve,视神经,shìshénjīng,视神经 shìshénjīng
731,sunglasses,太阳镜,tàiyángjìng,太阳镜 tàiyángjìng
732,eyelid,眼睑,yǎnjiǎn,眼睑 yǎnjiǎn
733,retina,视网膜,shìwǎngmó,视网膜 shìwǎngmó
734,umbilical cord,脐带,qídài,脐带 qídài
735,breech,逆产,nìchǎn,逆产 nìchǎn
736,premature,早产的,zǎochǎnde,早产的 zǎochǎnde
737,gynaecologist,妇科医生,fùkē yīshēng,妇科医生 fùkē yīshēng
738,obstetrician,产科医生,chǎnkē yīshēng,产科医生 chǎnkē yīshēng
739,dilation,扩张术,kuòzhāngshù,扩张术 kuòzhāngshù
740,epidural,硬膜外麻醉,yìngmó wài mázuì,硬膜外麻醉 yìngmó wài mázuì
741,episiotomy,外阴切开术,wàiyīn qiēkāishù,外阴切开术 wàiyīn qiēkāishù
742,caesarean section,剖腹产,pōufùchǎn,剖腹产 pōufùchǎn
743,antenatal,出生前,chūshēngqián,出生前 chūshēngqián
744,embryo,胚胎,pēitāi,胚胎 pēitāi
745,womb,子宫,zǐgōng,子宫 zǐgōng
746,trimester,怀孕三个月,huáiyùnsāngèyuè,怀孕三个月 huáiyùnsāngèyuè
747,placenta,胎盘,tāipán,胎盘 tāipán
748,delivery,分娩,fēnmiǎn,分娩 fēnmiǎn
749,birth,出生,chūshēng,出生 chūshēng
750,miscarriage,流产,liúchǎn,流产 liúchǎn
751,stitches,缝合,fénghé,缝合 fénghé
752,conception,怀孕,huáiyùn,怀孕 huáiyùn
753,pregnant,怀孕的,huáiyùnde,怀孕的 huáiyùnde
754,expectant,待产的,dàichǎnde,待产的 dàichǎnde
755,pregnancy test,妊娠检查,rènshēn jiǎnchá,妊娠检查 rènshēn jiǎnchá
756,contraction,宫缩,gōngsuō,宫缩 gōngsuō
757,break waters (v),破羊水,pòyángshuǐ,破羊水 pòyángshuǐ
758,amniotic ﬂuid,羊水,yángshuǐ,羊水 yángshuǐ
759,amniocentesis,羊水穿刺诊断,yángshuǐ chuāncì zhěnduàn,羊水穿刺诊断 yángshuǐ chuāncì zhěnduàn
760,ventouse cup,吸杯,xībēi,吸杯 xībēi
761,identity tag,身份标签,shēnfènbiāoqiān,身份标签 shēnfènbiāoqiān
762,drip,输液,shūyè,输液 shūyè
763,midwife,助产士,zhùchǎnshì,助产士 zhùchǎnshì
764,monitor,监护仪,jiānhùyí,监护仪 jiānhùyí
765,nursing bra,喂母乳,bǔrǔ xiōngzhào,喂母乳 bǔrǔ xiōngzhào
766,assisted delivery,助产,zhùchǎn,助产 zhùchǎn
767,breast pump,吸乳器,xīrǔqì,吸乳器 xīrǔqì
768,forceps,产钳,chǎnqián,产钳 chǎnqián
769,pads,乳垫,rǔdiàn,乳垫 rǔdiàn
770,catheter,导管,dǎoguǎn,导管 dǎoguǎn
771,breastfeed (v),喂母乳,wèi mǔrǔ,喂母乳 wèi mǔrǔ
772,osteopathy,整骨疗法,zhěnggǔ liáofǎ,整骨疗法 zhěnggǔ liáofǎ
773,meditation,冥想,míngxiǎng,冥想 míngxiǎng
774,chiropractic,脊柱按摩法,jǐzhù ànmófǎ,脊柱按摩法 jǐzhù ànmófǎ
775,teacher,辅导教师,fǔdǎo jiàoshī,辅导教师 fǔdǎo jiàoshī
776,massage,按摩,ànmó,按摩 ànmó
777,reflexology,足底反射疗法,zúdǐ fǎnshè liáofǎ,足底反射疗法 zúdǐ fǎnshè liáofǎ
778,mat,垫子,diànzi,垫子 diànzi
779,shiatsu,指压按摩,zhǐyā ànmó,指压按摩 zhǐyā ànmó
780,counsellor,顾问,gùwèn,顾问 gùwèn
781,therapist,治疗师,zhìliáoshī,治疗师 zhìliáoshī
782,acupuncture,针灸,zhēnjiǔ,针灸 zhēnjiǔ
783,essential oils,精油,jīngyóu,精油 jīngyóu
784,ayurveda,印度草药疗法,yìndù cǎoyào liáofǎ,印度草药疗法 yìndù cǎoyào liáofǎ
785,herb,药草,yàocǎo,药草 yàocǎo
786,crystal healing,水晶疗法,shuǐjīng liáofǎ,水晶疗法 shuǐjīng liáofǎ
787,naturopathy,自然疗法,zìrán liáofǎ,自然疗法 zìrán liáofǎ
788,feng shui,风水,fēngshuǐ,风水 fēngshuǐ
789,psychotherapy,精神疗法,jīngshén liáofǎ,精神疗法 jīngshén liáofǎ
790,herbalism,本草疗法,běncǎo liáofǎ,本草疗法 běncǎo liáofǎ
791,reiki,灵气疗法,língqì liáofǎ,灵气疗法 língqì liáofǎ
792,aromatherapy,芳香疗法,fāngxiāng liáofǎ,芳香疗法 fāngxiāng liáofǎ
793,relaxation,放松,fàngsōng,放松 fàngsōng
794,stress,压力,yālì,压力 yālì
795,homeopathy,顺势疗法,shùnshì liáofǎ,顺势疗法 shùnshì liáofǎ
796,acupressure,指压疗法,zhǐyā liáofǎ,指压疗法 zhǐyā liáofǎ
797,supplement,营养品,yíngyǎngpǐn,营养品 yíngyǎngpǐn
798,hydrotherapy,水疗,shuǐliáo,水疗 shuǐliáo
799,hypnotherapy,催眠疗法,cuīmián liáofǎ,催眠疗法 cuīmián liáofǎ
800,group therapy,集体治疗,jítǐ zhìliáo,集体治疗 jítǐ zhìliáo
801,home,家居,jiājū,家居 jiājū
802,window,窗户,chuānghù,窗户 chuānghù
803,gutter,檐槽,yáncáo,檐槽 yáncáo
804,wall,墙壁,qiángbì,墙壁 qiángbì
805,rent (v),租用,zūyòng,租用 zūyòng
806,rent,房租,fángzū,房租 fángzū
807,terraced,连排式,liánpáishì,连排式 liánpáishì
808,letterbox,信箱,xìnxiāng,信箱 xìnxiāng
809,porch light,门廊灯,ménlángdēng,门廊灯 ménlángdēng
810,landlord,房东,fángdōng,房东 fángdōng
811,tenant,房客,fángkè,房客 fángkè
812,bungalow,平房,píngfáng,平房 píngfáng
813,basement,地下室,dìxiàshì,地下室 dìxiàshì
814,path,小径,xiǎojìng,小径 xiǎojìng
815,chimney,烟囱,yāncōng,烟囱 yāncōng
816,roof,屋顶,wūdǐng,屋顶 wūdǐng
817,front door,前门,qiánmén,前门 qiánmén
818,shutter,百叶窗,bǎiyèchuāng,百叶窗 bǎiyèchuāng
819,extension,建筑物增建部分,() (jiànzhùwù) zēngjiàn bùfen,建筑物增建部分 () (jiànzhùwù) zēngjiàn bùfen
820,garage,车库,chēkù,车库 chēkù
821,attic,阁楼,gélóu,阁楼 gélóu
822,room,房间,fángjiān,房间 fángjiān
823,tile,瓦片,wǎpiàn,瓦片 wǎpiàn
824,porch,门廊,ménláng,门廊 ménláng
825,detached,独立式,dúlìshì,独立式 dúlìshì
826,semidetached,半独立式,bàndúlìshì,半独立式 bàndúlìshì
827,townhouse,独栋住宅,dúdòngzhùzhái,独栋住宅 dúdòngzhùzhái
828,eaves,屋檐,wūyán,屋檐 wūyán
829,burglar alarm,防盗警报,fángdào jǐngbào,防盗警报 fángdào jǐngbào
830,courtyard,庭院,tíngyuàn,庭院 tíngyuàn
831,ﬂoor,楼层,lóucéng,楼层 lóucéng
832,dormer window,屋顶窗,wūdǐngchuāng,屋顶窗 wūdǐngchuāng
833,landing,楼梯平台,lóutī píngtái,楼梯平台 lóutī píngtái
834,balcony,阳台,yángtái,阳台 yángtái
835,doormat,门垫,méndiàn,门垫 méndiàn
836,doorbell,门铃,ménlíng,门铃 ménlíng
837,lock,锁,suǒ,锁 suǒ
838,banister,楼梯栏杆,lóutī lángān,楼梯栏杆 lóutī lángān
839,hallway,门厅,méntīng,门厅 méntīng
840,intercom,对讲器,duìjiǎngqì,对讲器 duìjiǎngqì
841,hand rail,扶手,fúshǒu,扶手 fúshǒu
842,key,钥匙,yàoshi,钥匙 yàoshi
843,door knocker,门环,ménhuán,门环 ménhuán
844,block of flats,公寓楼,gōngyùlóu,公寓楼 gōngyùlóu
845,door chain,门链,ménliàn,门链 ménliàn
846,staircase,楼梯,lóutī,楼梯 lóutī
847,lift,电梯,diàntī,电梯 diàntī
848,bolt,门闩,ménshuān,门闩 ménshuān
849,filament,灯丝,dēngsī,灯丝 dēngsī
850,direct current,直流电,zhíliúdiàn,直流电 zhíliúdiàn
851,transformer,变压器,biànyāqì,变压器 biànyāqì
852,electricity meter,电表,diànbiǎo,电表 diànbiǎo
853,pin,插片,chāpiàn,插片 chāpiàn
854,fan,风扇,fēngshàn,风扇 fēngshàn
855,radiator,暖器片,nuǎnqìpiàn,暖器片 nuǎnqìpiàn
856,blade,扇叶,shànyè,扇叶 shànyè
857,voltage,电压,diànyā,电压 diànyā
858,amp,安培,ānpéi,安培 ānpéi
859,power,电力,diànlì,电力 diànlì
860,earthing,接地,jiēdì,接地 jiēdì
861,socket,插座,chāzuò,插座 chāzuò
862,switch,开关,kāiguān,开关 kāiguān
863,alternating current,交流电,jiāoliúdiàn,交流电 jiāoliúdiàn
864,convector heater,对流式电暖器,duìliúshì diànnuǎnqì,对流式电暖器 duìliúshì diànnuǎnqì
865,live,火线,huǒxiàn,火线 huǒxiàn
866,neutral,零线,língxiàn,零线 língxiàn
867,bayonet fitting,灯泡接口,dēngpào jiēkǒu,灯泡接口 dēngpào jiēkǒu
868,power cut,停电,tíngdiàn,停电 tíngdiàn
869,mains supply,供电系统,gōngdiàn xìtǒng,供电系统 gōngdiàn xìtǒng
870,fuse,保险丝,bǎoxiǎnsī,保险丝 bǎoxiǎnsī
871,fuse box,保险盒,bǎoxiǎnhé,保险盒 bǎoxiǎnhé
872,generator,发电机,fādiànjī,发电机 fādiànjī
873,heater,电暖器,diànnuǎnqì,电暖器 diànnuǎnqì
874,sorting unit,分类箱,fēnlèixiāng,分类箱 fēnlèixiāng
875,valve,压力阀,yālìfá pressure,压力阀 yālìfá pressure
876,lever,手柄,shǒubǐng,手柄 shǒubǐng
877,gas burner,燃气器,ránqìqì,燃气器 ránqìqì
878,drain cock,排水阀,páishuǐfá,排水阀 páishuǐfá
879,insulation,隔热层,gérècéng,隔热层 gérècéng
880,inlet,进气口,jìnqìkǒu,进气口 jìnqìkǒu
881,outlet,出气口,chūqìkǒu,出气口 chūqìkǒu
882,cistern,贮水箱,zhùshuǐxiāng,贮水箱 zhùshuǐxiāng
883,boiler,锅炉,guōlú,锅炉 guōlú
884,tap,水龙头,shuǐlóngtóu,水龙头 shuǐlóngtóu
885,waste disposal unit,残渣处理器,cánzhā chǔlǐqì,残渣处理器 cánzhā chǔlǐqì
886,supply pipe,供水管,gōngshuǐguǎn,供水管 gōngshuǐguǎn
887,seat,马桶座,mǎtǒngzuò,马桶座 mǎtǒngzuò
888,pedal,踏板,tàbǎn,踏板 tàbǎn
889,float ball,浮球,fúqiú,浮球 fúqiú
890,recycling bin,垃圾回收箱,lājī huíshōuxiāng,垃圾回收箱 lājī huíshōuxiāng
891,chamber,水箱,shuǐxiāng water,水箱 shuǐxiāng water
892,thermostat,自动调温器,zìdòng tiáowēnqì,自动调温器 zìdòng tiáowēnqì
893,gasket,垫圈,diànquān,垫圈 diànquān
894,shutoff valve,节门,jiémén,节门 jiémén
895,waste pipe,污水管,wūshuǐguǎn,污水管 wūshuǐguǎn
896,rubbish bin,垃圾桶,lājītǒng,垃圾桶 lājītǒng
897,heating element,加热元件,jiārè yuánjiàn,加热元件 jiārè yuánjiàn
898,water closet,炉体,lútǐ tank,炉体 lútǐ tank
899,bowl,桶身,tǒngshēn,桶身 tǒngshēn
900,organic waste,有机废物,yǒujī fèiwù,有机废物 yǒujī fèiwù
901,pipe,溢流管,yìliúguǎn overflow,溢流管 yìliúguǎn overflow
902,lid,盖子,gàizi,盖子 gàizi
903,drain,排水管,páishuǐguǎn,排水管 páishuǐguǎn
904,cabinet,储物柜,chǔwùguì,储物柜 chǔwùguì
905,sofa,沙发,shāfā,沙发 shāfā
906,wall light,壁灯,bìdēng,壁灯 bìdēng
907,ceiling,天花板,tiānhuābǎn,天花板 tiānhuābǎn
908,lamp,灯,dēng,灯 dēng
909,floor,地板,dìbǎn,地板 dìbǎn
910,painting,画,huà,画 huà
911,coffee table,茶几,chájī,茶几 chájī
912,cushion,靠垫,kàodiàn,靠垫 kàodiàn
913,clock,钟表,zhōngbiǎo,钟表 zhōngbiǎo
914,armchair,扶手椅,fúshǒuyǐ,扶手椅 fúshǒuyǐ
915,moulding,装饰脚线,zhuāngshì jiǎoxiàn,装饰脚线 zhuāngshì jiǎoxiàn
916,vase,花瓶,huāpíng,花瓶 huāpíng
917,curtain,窗帘,chuānglián,窗帘 chuānglián
918,screen,挡火板,dǎnghuǒbǎn,挡火板 dǎnghuǒbǎn
919,mantelpiece,壁炉台,bìlútái,壁炉台 bìlútái
920,sofabed,沙发床,shāfāchuáng,沙发床 shāfāchuáng
921,venetian blind,百叶窗,bǎiyèchuāng,百叶窗 bǎiyèchuāng
922,net curtain,窗幔,chuāngmàn,窗幔 chuāngmàn
923,candle,蜡烛,làzhú,蜡烛 làzhú
924,fireplace,壁炉,bìlú,壁炉 bìlú
925,roller blind,卷帘,juǎnlián,卷帘 juǎnlián
926,rug,地毯,dìtǎn,地毯 dìtǎn
927,bookshelf,书架,shūjià,书架 shūjià
928,host,主人,zhǔrén,主人 zhǔrén
929,hostess,女主人,nǚzhǔrén,女主人 nǚzhǔrén
930,guest,客人,kèrén,客人 kèrén
931,lunch,午餐,wǔcān,午餐 wǔcān
932,dinner,晚餐,wǎncān,晚餐 wǎncān
933,place mat,餐具垫,cānjùdiàn,餐具垫 cānjùdiàn
934,table,餐桌,cānzhuō,餐桌 cānzhuō
935,salt,盐,yán,盐 yán
936,cutlery,餐具,cānjù,餐具 cānjù
937,chair,椅子,yǐzi,椅子 yǐzi
938,lay the table (v),摆桌子,bǎizhuōzǐ,摆桌子 bǎizhuōzǐ
939,serve (v),上菜,shàngcài,上菜 shàngcài
940,eat (v),吃,chī,吃 chī
941,"Can I have some more, please?",请再给我加一些好吗,"，? qǐng zàigěi wǒ jiā yìxiē, hǎoma?","请再给我加一些好吗 ，? qǐng zàigěi wǒ jiā yìxiē, hǎoma?"
942,"I’ve had enough, thank you.",我吃饱了谢谢,"，。 wǒ chībǎole, xièxiè.","我吃饱了谢谢 ，。 wǒ chībǎole, xièxiè."
943,That was delicious.,很好吃,。 hěn hàochī.,很好吃 。 hěn hàochī.
944,hungry,饿,è,饿 è
945,tablecloth,桌布,zhuōbù,桌布 zhuōbù
946,breakfast,早餐,zǎocān,早餐 zǎocān
947,pepper,胡椒粉,hújiāofěn,胡椒粉 hújiāofěn
948,full,饱,bǎo,饱 bǎo
949,portion,一份,yīfèn,一份 yīfèn
950,meal,饭菜,fàncài,饭菜 fàncài
951,crockery,陶瓷餐具,táocí cānjù,陶瓷餐具 táocí cānjù
952,plate,盘子,pánzi,盘子 pánzi
953,teacup,茶杯,chábēi,茶杯 chábēi
954,teapot,茶壶,cháhú,茶壶 cháhú
955,napkin,餐巾,cānjīn,餐巾 cānjīn
956,place setting,餐具摆放,cānjù bǎifàng,餐具摆放 cānjù bǎifàng
957,mug,马克杯,mǎkèbēi,马克杯 mǎkèbēi
958,glassware,玻璃器皿,bōlí qìmǐn,玻璃器皿 bōlí qìmǐn
959,side plate,甜点盘,tiándiǎnpán,甜点盘 tiándiǎnpán
960,soup bowl,汤盆,tāngpén,汤盆 tāngpén
961,dinner plate,正餐用盘,zhèngcān yòngpán,正餐用盘 zhèngcān yòngpán
962,teaspoon,茶匙,cháchí,茶匙 cháchí
963,jug,带柄水壶,dàibǐngshuǐhú,带柄水壶 dàibǐngshuǐhú
964,spoon,餐匙,cānchí,餐匙 cānchí
965,egg cup,蛋杯,dànbēi,蛋杯 dànbēi
966,soup spoon,汤匙,tāngchí,汤匙 tāngchí
967,wine glass,酒杯,jiǔbēi,酒杯 jiǔbēi
968,knife,餐刀,cāndāo,餐刀 cāndāo
969,coffee cup,咖啡杯,kāfēibēi,咖啡杯 kāfēibēi
970,fork,餐叉,cānchā,餐叉 cānchā
971,tumbler,平底玻璃杯,píngdǐbōlibēi,平底玻璃杯 píngdǐbōlibēi
972,napkin ring,餐巾套环,cānjīn tàohuán,餐巾套环 cānjīn tàohuán
973,oven,烤箱,kǎoxiāng,烤箱 kǎoxiāng
974,blender,搅拌器,jiǎobànqì,搅拌器 jiǎobànqì
975,toaster,烤面包机,kǎomiànbāojī,烤面包机 kǎomiànbāojī
976,microwave oven,微波炉,wēibōlú,微波炉 wēibōlú
977,ceramic hob,陶瓷炉台,táocí lútái,陶瓷炉台 táocí lútái
978,splashback,防溅挡板,fángjiàn dǎngbǎn,防溅挡板 fángjiàn dǎngbǎn
979,worktop,操作台,cāozuòtái,操作台 cāozuòtái
980,dishwasher,洗碗机,xǐwǎnjī,洗碗机 xǐwǎnjī
981,kettle,电水壶,diànshuǐhú,电水壶 diànshuǐhú
982,drawer,抽屉,chōutì,抽屉 chōutì
983,food processor,食品加工器,shípǐn jiāgōngqì,食品加工器 shípǐn jiāgōngqì
984,extractor,抽油烟机,chōuyóuyānjī,抽油烟机 chōuyóuyānjī
985,shelves,搁架,gējià,搁架 gējià
986,mixing bowl,搅拌容器,jiǎobànróngqì,搅拌容器 jiǎobànróngqì
987,grill (v),烧烤,shāokǎo,烧烤 shāokǎo
988,bake (v),烘制,hōngzhì,烘制 hōngzhì
989,simmer (v),文火烧煨炖,"，， wénhuǒ shāo, wēi, dùn","文火烧煨炖 ，， wénhuǒ shāo, wēi, dùn"
990,boil (v),煮沸,zhǔfèi,煮沸 zhǔfèi
991,roll (v),擀,gǎn,擀 gǎn
992,mix (v),搅拌,jiǎobàn,搅拌 jiǎobàn
993,grate (v),擦碎,cāsuì,擦碎 cāsuì
994,peel (v),削皮,xuēpí,削皮 xuēpí
995,shelf,搁板,gēbǎn,搁板 gēbǎn
996,freezer,冷冻室,lěngdòngshì,冷冻室 lěngdòngshì
997,freeze (v),冷冻,lěngdòng,冷冻 lěngdòng
998,defrost (v),解冻,jiědòng,解冻 jiědòng
999,steam (v),蒸,zhēng,蒸 zhēng
1000,sauté (v),炒,chǎo,炒 chǎo
1001,roast (v),烤制,kǎozhì,烤制 kǎozhì
1002,whisk (v),搅打,jiǎodǎ,搅打 jiǎodǎ
1003,stir (v),搅动,jiǎodòng,搅动 jiǎodòng
1004,slice (v),切片,qiēpiàn,切片 qiēpiàn
1005,crisper,蔬菜保鲜格,shūcài bǎoxiāngé,蔬菜保鲜格 shūcài bǎoxiāngé
1006,ice maker,制冰室,zhìbīngshì,制冰室 zhìbīngshì
1007,poach (v),沸水煮,fèishuǐzhǔ,沸水煮 fèishuǐzhǔ
1008,pour (v),注水,zhùshuǐ,注水 zhùshuǐ
1009,refrigerator,冰箱,bīngxiāng,冰箱 bīngxiāng
1010,draining board,餐具沥水架,cānjù lìshuǐjià,餐具沥水架 cānjù lìshuǐjià
1011,burner,火炉,huǒlú,火炉 huǒlú
1012,hob,炉盘,lúpán,炉盘 lúpán
1013,fry (v),煎,jiān,煎 jiān
1014,colander,滤锅,lǜguō,滤锅 lǜguō
1015,wooden spoon,木勺,mùsháo,木勺 mùsháo
1016,ladle,长柄勺,chángbǐngsháo,长柄勺 chángbǐngsháo
1017,bottle opener,开瓶器,kāipíngqì,开瓶器 kāipíngqì
1018,serving spoon,分餐匙,fèncānchí,分餐匙 fèncānchí
1019,skewer,串肉扦,chuànròuqiān,串肉扦 chuànròuqiān
1020,scoop,深口圆匙,shēnkǒu yuánchí,深口圆匙 shēnkǒu yuánchí
1021,carving fork,切肉叉,qiēròuchā,切肉叉 qiēròuchā
1022,chopping board,案板,ànbǎn,案板 ànbǎn
1023,mortar,研钵,yánbō,研钵 yánbō
1024,cleaver,切肉刀,qiēròudāo,切肉刀 qiēròudāo
1025,peeler,削皮刀,xuēpídāo,削皮刀 xuēpídāo
1026,meat tenderizer,松肉槌,sōngròuchuí,松肉槌 sōngròuchuí
1027,spatula,刮铲,guāchǎn,刮铲 guāchǎn
1028,can opener,开罐器,kāiguànqì,开罐器 kāiguànqì
1029,fish slice,煎鱼铲,jiānyúchǎn,煎鱼铲 jiānyúchǎn
1030,pestle,研杵,yánchǔ,研杵 yánchǔ
1031,masher,捣泥器,dǎoníqì,捣泥器 dǎoníqì
1032,whisk,打蛋器,dǎdànqì,打蛋器 dǎdànqì
1033,kitchen knife,厨刀,chúdāo,厨刀 chúdāo
1034,grater,礤床,cǎchuáng,礤床 cǎchuáng
1035,garlic press,压蒜器,yāsuànqì,压蒜器 yāsuànqì
1036,sieve,滤网,lǜwǎng,滤网 lǜwǎng
1037,bread knife,面包刀,miànbāodāo,面包刀 miànbāodāo
1038,knife sharpener,磨刀器,módāoqì,磨刀器 módāoqì
1039,slotted spoon,漏勺,lòusháo,漏勺 lòusháo
1040,apple corer,苹果去核器,píngguǒ qùhéqì,苹果去核器 píngguǒ qùhéqì
1041,gratin dish,烘烤菜肴盘,hōngkǎo càiyáopán,烘烤菜肴盘 hōngkǎo càiyáopán
1042,flan tin,奶油蛋糕烤模,nǎiyóudàngāo kǎomú,奶油蛋糕烤模 nǎiyóudàngāo kǎomú
1043,ramekin,干酪蛋糕模,gānlào dàngāomú,干酪蛋糕模 gānlào dàngāomú
1044,pastry brush,面粉刷,miànfěnshuā,面粉刷 miànfěnshuā
1045,soufflé dish,雪花酥模子,xuěhuāsū múzi,雪花酥模子 xuěhuāsū múzi
1046,muffin tray,松饼烤盘,sōngbing kǎopán,松饼烤盘 sōngbing kǎopán
1047,baking tray,烤盘,kǎopán,烤盘 kǎopán
1048,grill pan,烤架盘,kǎojiàpán,烤架盘 kǎojiàpán
1049,frying pan,煎锅,jiānguō,煎锅 jiānguō
1050,cake tin,蛋糕烤模,dàngāo kǎomú,蛋糕烤模 dàngāo kǎomú
1051,earthenware dish,陶制炖锅,táozhìdùnguō,陶制炖锅 táozhìdùnguō
1052,casserole dish,砂锅,shāguō,砂锅 shāguō
1053,glass,玻璃,bōlí,玻璃 bōlí
1054,measuring jug,量壶,liánghú,量壶 liánghú
1055,wok,炒锅,chǎoguō,炒锅 chǎoguō
1056,non-stick,不粘锅,bùzhānguō,不粘锅 bùzhānguō
1057,saucepan,长柄深平底锅,chángbǐng shēn píngdǐguō,长柄深平底锅 chángbǐng shēn píngdǐguō
1058,ovenproof,耐热,nàirè,耐热 nàirè
1059,oven glove,烤箱手套,kǎoxiāng shǒutào,烤箱手套 kǎoxiāng shǒutào
1060,pie tin,馅饼烤模,xiànbǐng kǎomú,馅饼烤模 xiànbǐng kǎomú
1061,cooling rack,冷却架,lěngquèjià,冷却架 lěngquèjià
1062,mattress,床垫,chuángdiàn,床垫 chuángdiàn
1063,bed,床,chuáng,床 chuáng
1064,clock radio,时钟收音机,shízhōng shōuyīnjī,时钟收音机 shízhōng shōuyīnjī
1065,coat hanger,衣架,yījià,衣架 yījià
1066,alarm clock,闹钟,nàozhōng,闹钟 nàozhōng
1067,wardrobe,衣橱,yīchú,衣橱 yīchú
1068,chest of drawers,五斗橱,wǔdǒuchú,五斗橱 wǔdǒuchú
1069,bedside lamp,床头灯,chuángtóudēng,床头灯 chuángtóudēng
1070,hot-water bottle,暖水袋,nuǎnshuǐdài,暖水袋 nuǎnshuǐdài
1071,headboard,床头板,chuángtóubǎn,床头板 chuángtóubǎn
1072,box of tissues,纸巾盒,zhǐjīnhé,纸巾盒 zhǐjīnhé
1073,pillow,枕头,zhěntóu,枕头 zhěntóu
1074,bedspread,床罩,chuángzhào,床罩 chuángzhào
1075,bedside table,床头柜,chuángtóuguì,床头柜 chuángtóuguì
1076,pillowcase,枕套,zhěntào,枕套 zhěntào
1077,duvet,羽绒被,yǔróngbèi,羽绒被 yǔróngbèi
1078,quilt,棉被,miánbèi,棉被 miánbèi
1079,blanket,毯子,tǎnzi,毯子 tǎnzi
1080,set the alarm (v),设定闹钟,shèdìng nàozhōng,设定闹钟 shèdìng nàozhōng
1081,snore (v),打鼾,dǎhān,打鼾 dǎhān
1082,built-in wardrobe,内嵌式衣橱,nèiqiànshì yīchú,内嵌式衣橱 nèiqiànshì yīchú
1083,insomnia,失眠,shīmián,失眠 shīmián
1084,go to bed (v),上床睡觉,shàngchuáng shuìjiào,上床睡觉 shàngchuáng shuìjiào
1085,go to sleep (v),入睡,rùshuì,入睡 rùshuì
1086,single bed,单人床,dānrénchuáng,单人床 dānrénchuáng
1087,double bed,双人床,shuāngrénchuáng,双人床 shuāngrénchuáng
1088,electric blanket,电热毯,diànrètǎn,电热毯 diànrètǎn
1089,dressing table,梳妆台,shūzhuāngtái,梳妆台 shūzhuāngtái
1090,valance,床帷,chuángwéi,床帷 chuángwéi
1091,sheet,床单,chuángdān,床单 chuángdān
1092,wake up (v),醒来,xǐnglái,醒来 xǐnglái
1093,get up (v),起床,qǐchuáng,起床 qǐchuáng
1094,make the bed (v),整理床铺,zhěnglǐ chuángpù,整理床铺 zhěnglǐ chuángpù
1095,footboard,床脚板,chuángjiǎobǎn,床脚板 chuángjiǎobǎn
1096,spring,弹簧,tánhuáng,弹簧 tánhuáng
1097,carpet,地毯,dìtǎn,地毯 dìtǎn
1098,take a bath (v),洗澡,xǐzǎo,洗澡 xǐzǎo
1099,take a shower (v),洗淋浴,xǐlínyù,洗淋浴 xǐlínyù
1100,cold tap,冷水龙头,lěngshuǐ lóngtóu,冷水龙头 lěngshuǐ lóngtóu
1101,washbasin,洗手池,xǐshǒuchí,洗手池 xǐshǒuchí
1102,dental floss,牙线,yáxiàn,牙线 yáxiàn
1103,toothpaste,牙膏,yágāo,牙膏 yágāo
1104,bathtub,浴缸,yùgāng,浴缸 yùgāng
1105,shower,淋浴,línyù,淋浴 línyù
1106,toilet seat,马桶座,mǎtǒngzuò,马桶座 mǎtǒngzuò
1107,toilet brush,马桶刷,mǎtǒngshuā,马桶刷 mǎtǒngshuā
1108,bath mat,浴室防滑垫,yùshì fánghuádiàn,浴室防滑垫 yùshì fánghuádiàn
1109,shower curtain,淋浴隔帘,línyù gélián,淋浴隔帘 línyù gélián
1110,shower door,淋浴隔门,línyù gémén,淋浴隔门 línyù gémén
1111,mouthwash,漱口液,shùkǒuyè,漱口液 shùkǒuyè
1112,toilet,抽水马桶,chōushuǐ mǎtǒng,抽水马桶 chōushuǐ mǎtǒng
1113,towel rail,毛巾架,máojīnjià,毛巾架 máojīnjià
1114,medicine cabinet,家用药箱,jiāyòng yàoxiāng,家用药箱 jiāyòng yàoxiāng
1115,toilet roll,卫生纸,wèishēngzhǐ,卫生纸 wèishēngzhǐ
1116,hot tap,热水龙头,rèshuǐ lóngtóu,热水龙头 rèshuǐ lóngtóu
1117,toothbrush,牙刷,yáshuā,牙刷 yáshuā
1118,plug,塞子,sāizi,塞子 sāizi
1119,shower head,淋浴喷头,línyù pēntóu,淋浴喷头 línyù pēntóu
1120,pumice stone,浮石,fúshí,浮石 fúshí
1121,deodorant,除臭剂,chúchòujì,除臭剂 chúchòujì
1122,hand towel,擦手巾,cāshǒujīn,擦手巾 cāshǒujīn
1123,towels,毛巾,máojīn,毛巾 máojīn
1124,body lotion,润肤露,rùnfūlù,润肤露 rùnfūlù
1125,electric razor,电动剃须刀,diàndòng tìxūdāo,电动剃须刀 diàndòng tìxūdāo
1126,disposable razor,一次性剃须刀,yícìxìng tìxūdāo,一次性剃须刀 yícìxìng tìxūdāo
1127,shaving foam,剃须泡沫,tìxūpàomò,剃须泡沫 tìxūpàomò
1128,soap dish,肥皂盒,féizàohé,肥皂盒 féizàohé
1129,bubble bath,泡泡浴液,pàopào yùyè,泡泡浴液 pàopào yùyè
1130,sponge,海绵,hǎimián,海绵 hǎimián
1131,loofah,丝瓜络,sīguāluò,丝瓜络 sīguāluò
1132,shower gel,沐浴乳,mùyùrǔ,沐浴乳 mùyùrǔ
1133,bathrobe,浴袍,yùpáo,浴袍 yùpáo
1134,talcum powder,爽身粉,shuǎngshēnfěn,爽身粉 shuǎngshēnfěn
1135,soap,肥皂,féizào,肥皂 féizào
1136,back brush,背刷,bèishuā,背刷 bèishuā
1137,razor blade,剃刀刀片,tìdāo dāopiàn,剃刀刀片 tìdāo dāopiàn
1138,face cream,面霜,miànshuāng,面霜 miànshuāng
1139,bath towel,浴巾,yùjīn,浴巾 yùjīn
1140,aftershave,须后水,xūhòushuǐ,须后水 xūhòushuǐ
1141,fleece,羊毛毯,yángmáotǎn,羊毛毯 yángmáotǎn
1142,bumper,护围,hùwéi,护围 hùwéi
1143,moses basket,婴儿睡篮,yīng’ér shuìlán,婴儿睡篮 yīng’ér shuìlán
1144,bars,栏杆,lángān,栏杆 lángān
1145,potty,婴儿便盆,yīng’ér biànpén,婴儿便盆 yīng’ér biànpén
1146,nappy rash cream,尿疹膏,niàozhěngāo,尿疹膏 niàozhěngāo
1147,wet wipe,湿纸巾,shīzhǐjīn,湿纸巾 shīzhǐjīn
1148,rattle,拨浪鼓,bōlànggǔ,拨浪鼓 bōlànggǔ
1149,changing mat,换衣垫,huànyīdiàn,换衣垫 huànyīdiàn
1150,bedding,被褥,bèirù,被褥 bèirù
1151,baby bath,婴儿浴盆,yīng’ér yùpén,婴儿浴盆 yīng’ér yùpén
1152,mobile,活动玩具,huódòng wánjù,活动玩具 huódòng wánjù
1153,doll,娃娃,wáwa,娃娃 wáwa
1154,nappy,尿布,niàobù,尿布 niàobù
1155,carrycot,手提式婴儿床,shǒutíshì yīng’érchuáng,手提式婴儿床 shǒutíshì yīng’érchuáng
1156,pram,卧式婴儿车,wòshìyīng’érchē,卧式婴儿车 wòshìyīng’érchē
1157,baby sling,婴儿吊带,yīng’ér diàodài,婴儿吊带 yīng’ér diàodài
1158,playhouse,玩具屋,wánjùwū,玩具屋 wánjùwū
1159,doll’s house,娃娃屋,wáwáwū,娃娃屋 wáwáwū
1160,playpen,游戏围栏,yóuxì wéilán,游戏围栏 yóuxì wéilán
1161,drinking cup,婴儿杯,yīng’érbēi,婴儿杯 yīng’érbēi
1162,high chair,高脚椅,gāojiǎoyǐ,高脚椅 gāojiǎoyǐ
1163,child lock,儿童安全锁,értóng ānquánsuǒ,儿童安全锁 értóng ānquánsuǒ
1164,toy basket,玩具篮,wánjùlán,玩具篮 wánjùlán
1165,stair gate,楼梯门栏,lóutī ménlán,楼梯门栏 lóutī ménlán
1166,toy,玩具,wánjù,玩具 wánjù
1167,teat,奶嘴,nǎizuǐ,奶嘴 nǎizuǐ
1168,changing bag,婴儿衣物袋,yīng’ér yīwùdài,婴儿衣物袋 yīng’ér yīwùdài
1169,pushchair,折叠式婴儿车,zhédiéshì yīng’érchē,折叠式婴儿车 zhédiéshì yīng’érchē
1170,baby monitor,婴儿监视器,yīng’ér jiānshìqì,婴儿监视器 yīng’ér jiānshìqì
1171,soft toy,长毛绒玩具,chángmáorón gwánjù,长毛绒玩具 chángmáorón gwánjù
1172,bottle,奶瓶,nǎipíng,奶瓶 nǎipíng
1173,teddy bear,长毛绒玩具熊,chángmáoróng wánjùxióng,长毛绒玩具熊 chángmáoróng wánjùxióng
1174,dry (v),晾干,liànggān,晾干 liànggān
1175,washing machine,洗衣机,xǐyījī,洗衣机 xǐyījī
1176,tumble dryer,滚筒式烘干机,gǔntǒngshì hōnggānjī,滚筒式烘干机 gǔntǒngshì hōnggānjī
1177,clothes line,晾衣绳,liàngyīshéng,晾衣绳 liàngyīshéng
1178,How do I operate the washing machine?,洗衣机怎么用,? xǐyījī zěnmeyòng?,洗衣机怎么用 ? xǐyījī zěnmeyòng?
1179,What is the setting for coloureds/whites?,如何设定洗染色白色衣物,/? rúhé shèdìng xǐ rǎnsè/báisè yīwù?,如何设定洗染色白色衣物 /? rúhé shèdìng xǐ rǎnsè/báisè yīwù?
1180,spin (v),甩干,shuǎigàn,甩干 shuǎigàn
1181,spin dryer,甩干机,shuǎigànjī,甩干机 shuǎigànjī
1182,laundry basket,洗衣篮,xǐyīlán,洗衣篮 xǐyīlán
1183,clean clothes,干净衣物,gānjìng yīwù,干净衣物 gānjìng yīwù
1184,iron,熨斗,yùndǒu,熨斗 yùndǒu
1185,washer-dryer,洗衣干衣机,xǐyī gānyījī,洗衣干衣机 xǐyī gānyījī
1186,clothes peg,衣服夹,yīfujiá,衣服夹 yīfujiá
1187,load (v),装入,zhuāngrù,装入 zhuāngrù
1188,dirty washing,脏衣物,zāngyīwù,脏衣物 zāngyīwù
1189,iron (v),熨烫,yùntàng,熨烫 yùntàng
1190,fabric conditioner,织物柔顺剂,zhīwù róushùnjì,织物柔顺剂 zhīwù róushùnjì
1191,linen basket,衣物篮,yīwùlán,衣物篮 yīwùlán
1192,dust pan,簸箕,bòji,簸箕 bòji
1193,broom,长柄扫帚,chángbǐng sàozhou,长柄扫帚 chángbǐng sàozhou
1194,polish (v),上光,shàngguāng,上光 shàngguāng
1195,sweep (v),清扫,qīngsǎo,清扫 qīngsǎo
1196,scrub (v),刷洗,shuāxǐ,刷洗 shuāxǐ
1197,wash (v),洗,xǐ,洗 xǐ
1198,bleach,漂白剂,piǎobáijì,漂白剂 piǎobáijì
1199,polish,上光剂,shàngguāngjì,上光剂 shàngguāngjì
1200,vacuum cleaner,吸尘器,xīchénqì,吸尘器 xīchénqì
1201,liquid,洗涤液,xǐdíyè,洗涤液 xǐdíyè
1202,duster,抹布,mābù,抹布 mābù
1203,scrape (v),刮除,guāchú,刮除 guāchú
1204,clean (v),擦,cā,擦 cā
1205,mop,拖把,tuōbǎ,拖把 tuōbǎ
1206,powder,去污粉,qùwūfěn,去污粉 qùwūfěn
1207,suction hose,吸管,xīguǎn,吸管 xīguǎn
1208,dust (v),除尘,chúchén,除尘 chúchén
1209,detergent,清洁剂,qīngjiéjì,清洁剂 qīngjiéjì
1210,bucket,水桶,shuǐtǒng,水桶 shuǐtǒng
1211,wipe (v),擦拭,cāshì,擦拭 cāshì
1212,extension lead,电源箱延长线,diànyuánxiāng yánchángxiàn,电源箱延长线 diànyuánxiāng yánchángxiàn
1213,electric drill,电钻,diànzuàn,电钻 diànzuàn
1214,bit brace,手摇曲柄钻,shǒuyáo qūbǐngzuàn,手摇曲柄钻 shǒuyáo qūbǐngzuàn
1215,wood glue,木材胶,mùcáijiāo,木材胶 mùcáijiāo
1216,workbench,工作台,gōngzuòtái,工作台 gōngzuòtái
1217,rechargeable drill,充电式电钻,chōngdiànshì diànzuàn,充电式电钻 chōngdiànshì diànzuàn
1218,chuck,钻夹头,zuànjiátóu,钻夹头 zuànjiátóu
1219,vice,台钳,táiqián,台钳 táiqián
1220,glue gun,胶枪,jiāoqiāng,胶枪 jiāoqiāng
1221,jigsaw,镂花锯,lòuhuājù,镂花锯 lòuhuājù
1222,tool rack,工具架,gōngjùjià,工具架 gōngjùjià
1223,router,槽刨,cáopáo,槽刨 cáopáo
1224,clamp,夹钳,jiáqián,夹钳 jiáqián
1225,sander,打磨机,dǎmójī,打磨机 dǎmójī
1226,battery pack,电池盒,diànchíhé,电池盒 diànchíhé
1227,circular saw,圆锯,yuánjù,圆锯 yuánjù
1228,wood shavings,刨花,bàohuā,刨花 bàohuā
1229,stainless steel,不锈钢,búxiùgāng,不锈钢 búxiùgāng
1230,chipboard,刨花板,bàohuābǎn,刨花板 bàohuābǎn
1231,MDF,层压板,céngyābǎn,层压板 céngyābǎn
1232,softwood,软木,ruǎnmù,软木 ruǎnmù
1233,solder,焊锡,hànxī,焊锡 hànxī
1234,varnish,清漆,qīngqī,清漆 qīngqī
1235,hammer (v),钉,dìng,钉 dìng
1236,saw (v),锯,jù,锯 jù
1237,galvanised,电镀,diàndù,电镀 diàndù
1238,cable,电缆,diànlǎn,电缆 diànlǎn
1239,plywood,胶合板,jiāohébǎn,胶合板 jiāohébǎn
1240,drill (v),钻孔,zuànkǒng,钻孔 zuànkǒng
1241,wire,金属线,jīnshǔxiàn,金属线 jīnshǔxiàn
1242,hardwood,硬木,yìngmù,硬木 yìngmù
1243,woodstain,木材染色剂,mùcái rǎnsèjì,木材染色剂 mùcái rǎnsèjì
1244,hardboard,纤维板,xiānwéibǎn,纤维板 xiānwéibǎn
1245,carpentry bits,木工钻头,mùgōng zuàntóu,木工钻头 mùgōng zuàntóu
1246,hammer,锤子,chuízi,锤子 chuízi
1247,socket wrench,套筒扳手,tàotǒng bānshou,套筒扳手 tàotǒng bānshou
1248,metal bit,金属钻头,jīnshǔ zuàntóu,金属钻头 jīnshǔ zuàntóu
1249,tape measure,卷尺,juǎnchǐ,卷尺 juǎnchǐ
1250,masonry bit,石工钻头,shígōng zuàntóu,石工钻头 shígōng zuàntóu
1251,nut,螺母,luómǔ,螺母 luómǔ
1252,screw,螺丝钉,luósīdīng,螺丝钉 luósīdīng
1253,spanner,扳手,bānshou,扳手 bānshou
1254,phillips screwdriver,螺丝刀,luósīdāo,螺丝刀 luósīdāo
1255,reamer,钻孔器,zuànkǒngqì,钻孔器 zuànkǒngqì
1256,adjustable spanner,可调扳手,kědiào bānshou,可调扳手 kědiào bānshou
1257,flat wood bit,平木钻头,píngmù zuàntóu,平木钻头 píngmù zuàntóu
1258,screwdriver bits,螺丝刀头,luósī dāotóu,螺丝刀头 luósī dāotóu
1259,washer,垫圈,diànquān,垫圈 diànquān
1260,needle-nose pliers,尖嘴钳,jiānzuǐqián,尖嘴钳 jiānzuǐqián
1261,screwdriver,螺丝刀,luósīdāo,螺丝刀 luósīdāo
1262,bull-nose pliers,钢丝钳,gāngsīqián,钢丝钳 gāngsīqián
1263,spirit level,水平仪,shuǐpíngyí,水平仪 shuǐpíngyí
1264,security bit,安全钻头,ānquán zuàntóu,安全钻头 ānquán zuàntóu
1265,handsaw,手锯,shǒujù,手锯 shǒujù
1266,plunger,搋子,chuāizi,搋子 chuāizi
1267,plane,刨子,bàozi,刨子 bàozi
1268,tape,绝缘胶带,juéyuán jiāodài insulating,绝缘胶带 juéyuán jiāodài insulating
1269,wire strippers,剥皮钳,bāopíqián,剥皮钳 bāopíqián
1270,wire wool,钢丝绒,gāngsīróng,钢丝绒 gāngsīróng
1271,file,锉刀,cuòdāo,锉刀 cuòdāo
1272,hacksaw,钢锯,gāngjù,钢锯 gāngjù
1273,sharpening stone,磨刀石,módāoshí,磨刀石 módāoshí
1274,fretsaw,线锯,xiànjù,线锯 xiànjù
1275,mitre block,斜锯架,xiéjùjià,斜锯架 xiéjùjià
1276,safety goggles,护目镜,hùmùjìng,护目镜 hùmùjìng
1277,hand drill,手摇钻,shǒuyáozuàn,手摇钻 shǒuyáozuàn
1278,chisel,凿子,záozi,凿子 záozi
1279,scalpel,切割刀,qiēgēdāo,切割刀 qiēgēdāo
1280,sandpaper,砂纸,shāzhǐ,砂纸 shāzhǐ
1281,wrench,扳钳,bānqián,扳钳 bānqián
1282,soldering iron,烙铁,làotie,烙铁 làotie
1283,wire cutters,铁丝剪,tiěsījiǎn,铁丝剪 tiěsījiǎn
1284,craft knife,工艺刀,gōngyìdāo,工艺刀 gōngyìdāo
1285,wallpaper paste,壁纸黏合剂,bìzhǐ niánhéjì,壁纸黏合剂 bìzhǐ niánhéjì
1286,pasting brush,上浆刷,shàngjiāngshuā,上浆刷 shàngjiāngshuā
1287,wallpaper brush,裱糊刷,biǎohúshuā,裱糊刷 biǎohúshuā
1288,wallpaper,壁纸,bìzhǐ,壁纸 bìzhǐ
1289,scraper,刮刀,guādāo,刮刀 guādāo
1290,pasting table,裱糊台,biǎohútái,裱糊台 biǎohútái
1291,plumb line,铅锤线,qiānchuíxiàn,铅锤线 qiānchuíxiàn
1292,sand (v),用砂纸打磨,yòng shāzhǐ dǎmó,用砂纸打磨 yòng shāzhǐ dǎmó
1293,decorator,裱糊匠,biǎohújiàng,裱糊匠 biǎohújiàng
1294,stepladder,折梯,zhétī,折梯 zhétī
1295,embossed paper,压花纸,yāhuāzhǐ,压花纸 yāhuāzhǐ
1296,lining paper,衬纸,chènzhǐ,衬纸 chènzhǐ
1297,primer,底漆,dǐqī,底漆 dǐqī
1298,gloss,有光泽,yǒuguāngzé,有光泽 yǒuguāngzé
1299,stencil,花样模板,huāyàng múbǎn,花样模板 huāyàng múbǎn
1300,masking tape,遮蔽胶带,zhēbì jiāodài,遮蔽胶带 zhēbì jiāodài
1301,overalls,工装裤,gōngzhuāngkù,工装裤 gōngzhuāngkù
1302,emulsion,无光漆,wúguāngqī,无光漆 wúguāngqī
1303,white spirit,稀释剂,xīshìjì,稀释剂 xīshìjì
1304,paint tray,油漆盘,yóuqīpán,油漆盘 yóuqīpán
1305,dustsheet,防尘布,fángchénbù,防尘布 fángchénbù
1306,sealant,密封剂,mìfēngjì,密封剂 mìfēngjì
1307,solvent,溶剂,róngjì,溶剂 róngjì
1308,grout,薄胶浆,báojiāojiāng,薄胶浆 báojiāojiāng
1309,paint tin,油漆桶,yóuqītǒng,油漆桶 yóuqītǒng
1310,turpentine,松节油,sōngjiéyóu,松节油 sōngjiéyóu
1311,roller,油漆滚筒,yóuqī gǔntǒng,油漆滚筒 yóuqī gǔntǒng
1312,undercoat,内涂层,nèitúcéng,内涂层 nèitúcéng
1313,top coat,外涂层,wàitúcéng,外涂层 wàitúcéng
1314,preservative,防腐剂,fángfǔjì,防腐剂 fángfǔjì
1315,paint,油漆,yóuqī,油漆 yóuqī
1316,filler,填料,tiánliào,填料 tiánliào
1317,pergola,藤架,téngjià,藤架 téngjià
1318,cottage garden,乡间花园,xiāngjiān huāyuán,乡间花园 xiāngjiān huāyuán
1319,herb garden,香草花园,xiāngcǎo huāyuán,香草花园 xiāngcǎo huāyuán
1320,roof garden,屋顶花园,wūdǐng huāyuán,屋顶花园 wūdǐng huāyuán
1321,garden features,花园装饰,huāyuán,花园装饰 huāyuán
1322,water garden,水景花园,shuǐjǐng huāyuán,水景花园 shuǐjǐng huāyuán
1323,rock garden,岩石园,yánshíyuán,岩石园 yánshíyuán
1324,hanging basket,吊篮,diàolán,吊篮 diàolán
1325,greenhouse,温室,wēnshì,温室 wēnshì
1326,garden,菜圃,càipǔ vegetable,菜圃 càipǔ vegetable
1327,lawn,草坪,cǎopíng,草坪 cǎopíng
1328,pond,池塘,chítáng,池塘 chítáng
1329,paving,石面路,shímiànlù,石面路 shímiànlù
1330,fence,篱笆,líba,篱笆 líba
1331,gate,门,mén,门 mén
1332,decking,铺面,pùmiàn,铺面 pùmiàn
1333,clay,黏土,niántǔ,黏土 niántǔ
1334,silt,淤泥,yūní,淤泥 yūní
1335,flowerbed,花坛,huātán,花坛 huātán
1336,shed,棚屋,péngwū,棚屋 péngwū
1337,chalk,石灰石,shíhuīshí,石灰石 shíhuīshí
1338,hedge,树篱,shùlí,树篱 shùlí
1339,sand,沙土,shātǔ,沙土 shātǔ
1340,herbaceous border,绿草带,lǜcǎodài,绿草带 lǜcǎodài
1341,topsoil,表层土,biǎocéngtǔ,表层土 biǎocéngtǔ
1342,compost heap,肥料堆,féiliàoduī,肥料堆 féiliàoduī
1343,weeds,杂草,zácǎo,杂草 zácǎo
1344,deciduous,落叶植物,() luòyè (zhíwù),落叶植物 () luòyè (zhíwù)
1345,biennial,二年生植物,() èrniánshēng (zhíwù),二年生植物 () èrniánshēng (zhíwù)
1346,tree,树,shù,树 shù
1347,rush,灯心草,dēngxīncǎo,灯心草 dēngxīncǎo
1348,water plant,水生植物,shuǐshēng zhíwù,水生植物 shuǐshēng zhíwù
1349,perennial,多年生植物,() duōniánshēng (zhíwù),多年生植物 () duōniánshēng (zhíwù)
1350,conifer,针叶树,zhēnyèshù,针叶树 zhēnyèshù
1351,fern,蕨类植物,juélèi zhíwù,蕨类植物 juélèi zhíwù
1352,annual,一年生植物,() yìniánshēng (zhíwù),一年生植物 () yìniánshēng (zhíwù)
1353,bulb,球茎植物,qiújīng zhíwù,球茎植物 qiújīng zhíwù
1354,evergreen,常绿植物,() chánglǜ (zhíwù),常绿植物 () chánglǜ (zhíwù)
1355,bamboo,竹子,zhúzi,竹子 zhúzi
1356,topiary,灌木修剪,guànmù xiūjiǎn,灌木修剪 guànmù xiūjiǎn
1357,creeper,匍匐植物,púfú zhíwù,匍匐植物 púfú zhíwù
1358,ornamental,观赏植物,() guānshǎng (zhíwù),观赏植物 () guānshǎng (zhíwù)
1359,climber,攀缘植物,pānyuán zhíwù,攀缘植物 pānyuán zhíwù
1360,grass,草,cǎo,草 cǎo
1361,succulent,肉质植物,ròuzhì zhíwù,肉质植物 ròuzhì zhíwù
1362,alpine,高山植物,gāoshān zhíwù,高山植物 gāoshān zhíwù
1363,flowering shrub,开花灌木,kāihuā guànmù,开花灌木 kāihuā guànmù
1364,potted plant,盆栽植物,pénzāi zhíwù,盆栽植物 pénzāi zhíwù
1365,cactus,仙人掌,xiānrénzhǎng,仙人掌 xiānrénzhǎng
1366,shade plant,阴地植物,yīndì zhíwù,阴地植物 yīndì zhíwù
1367,ground cover,地被植物,dìbèi zhíwù,地被植物 dìbèi zhíwù
1368,lawn rake,搂草耙,lǒucǎopá,搂草耙 lǒucǎopá
1369,gravel,碎石,suìshí,碎石 suìshí
1370,bone meal,骨粉,gǔfěn,骨粉 gǔfěn
1371,trimmer,剪草器,jiǎncǎoqì,剪草器 jiǎncǎoqì
1372,rake,耙子,pázi,耙子 pázi
1373,trug,浅底篮,qiǎndǐlán,浅底篮 qiǎndǐlán
1374,stand,支架,zhījià,支架 zhījià
1375,motor,马达,mǎdá,马达 mǎdá
1376,lawnmower,剪草机,jiǎncǎojī,剪草机 jiǎncǎojī
1377,hoe,锄头,chútou,锄头 chútou
1378,seeds,种子,zhǒngzi,种子 zhǒngzi
1379,shield,防护盘,fánghùpán,防护盘 fánghùpán
1380,wheelbarrow,独轮手推车,dúlún shǒutuīchē,独轮手推车 dúlún shǒutuīchē
1381,spade,铲,chǎn,铲 chǎn
1382,long-handled shears,长柄修篱剪,chángbǐng xiūlíjiǎn,长柄修篱剪 chángbǐng xiūlíjiǎn
1383,compost,堆肥,duīféi,堆肥 duīféi
1384,grass bag,草袋,cǎodài,草袋 cǎodài
1385,twine,合股线,hégǔxiàn,合股线 hégǔxiàn
1386,pesticide,杀虫剂,shāchóngjì,杀虫剂 shāchóngjì
1387,shears,修篱剪,xiūlíjiǎn,修篱剪 xiūlíjiǎn
1388,hand fork,手叉,shǒuchā,手叉 shǒuchā
1389,secateurs,修枝剪,xiūzhījiǎn,修枝剪 xiūzhījiǎn
1390,hosepipe,橡胶软管,xiàngjiāo ruǎnguǎn,橡胶软管 xiàngjiāo ruǎnguǎn
1391,nozzle,喷嘴,pēnzuǐ,喷嘴 pēnzuǐ
1392,watering can,喷壶,pēnhú,喷壶 pēnhú
1393,gardening gloves,园艺手套,yuányì shǒutào,园艺手套 yuányì shǒutào
1394,plant pot,花盆,huāpén,花盆 huāpén
1395,twist ties,捆绑细丝,kǔnbǎng xìsī,捆绑细丝 kǔnbǎng xìsī
1396,canes,支撑杆,zhīchēnggān,支撑杆 zhīchēnggān
1397,ring ties,固枝环,gùzhīhuán,固枝环 gùzhīhuán
1398,trowel,移植铲,yízhíchǎn,移植铲 yízhíchǎn
1399,rose,喷头,pēntóu,喷头 pēntóu
1400,labels,签条,qiāntiáo,签条 qiāntiáo
1401,sprinkler,喷灌器,pēnguànqì,喷灌器 pēnguànqì
1402,hand saw,手锯,shǒujù,手锯 shǒujù
1403,rubber boots,橡胶靴,xiàngjiāoxuē,橡胶靴 xiàngjiāoxuē
1404,seed tray,育苗盘,yùmiáopán,育苗盘 yùmiáopán
1405,sow (v),播种,bōzhǒng,播种 bōzhǒng
1406,turf (v),铺草皮,pūcǎopí,铺草皮 pūcǎopí
1407,stake,树木支桩,shùmù zhīzhuāng,树木支桩 shùmù zhīzhuāng
1408,dig (v),挖,wā,挖 wā
1409,water (v),浇水,jiāoshuǐ,浇水 jiāoshuǐ
1410,top dress (v),土表施肥,tǔbiǎo shīféi,土表施肥 tǔbiǎo shīféi
1411,rake (v),耙,pá,耙 pá
1412,spike (v),钉,dìng,钉 dìng
1413,sieve (v),筛,shāi,筛 shāi
1414,aerate (v),松土,sōngtǔ,松土 sōngtǔ
1415,subsoil,底土,dǐtǔ,底土 dǐtǔ
1416,weedkiller,除草剂,chúcǎojì,除草剂 chúcǎojì
1417,stake (v),用杆支撑,yònggǎn zhīchēng,用杆支撑 yònggǎn zhīchēng
1418,seedling,秧苗,yāngmiáo,秧苗 yāngmiáo
1419,fertilizer,肥料,féiliào,肥料 féiliào
1420,landscape (v),园艺设计,yuányì shèjì,园艺设计 yuányì shèjì
1421,pot up (v),把种于盆内,… bǎ…zhòng yú pénnèi,把种于盆内 … bǎ…zhòng yú pénnèi
1422,weed (v),清除杂草,qīngchú zácǎo,清除杂草 qīngchú zácǎo
1423,mulch (v),加护盖物,jiā hùgàiwù,加护盖物 jiā hùgàiwù
1424,harvest (v),收获,shōuhuò,收获 shōuhuò
1425,train (v),整枝,zhěngzhī,整枝 zhěngzhī
1426,deadhead (v),摘除枯花,zhāichú kūhuā,摘除枯花 zhāichú kūhuā
1427,graft (v),嫁接,jiàjiē,嫁接 jiàjiē
1428,fertilize (v),施肥,shīféi,施肥 shīféi
1429,pick (v),采摘,cǎizhāi,采摘 cǎizhāi
1430,cutting,插条,chātiáo,插条 chātiáo
1431,transplant (v),移植,yízhí,移植 yízhí
1432,spray (v),喷水,pēnshuǐ,喷水 pēnshuǐ
1433,prune (v),修剪,xiūjiǎn,修剪 xiūjiǎn
1434,cane,支撑杆,zhīchēnggān,支撑杆 zhīchēnggān
1435,cultivate (v),栽培,zāipéi,栽培 zāipéi
1436,tend (v),护理,hùlǐ,护理 hùlǐ
1437,propagate (v),插技,chājì,插技 chājì
1438,organic,有机栽培的,() yǒujī(zāipéi)de,有机栽培的 () yǒujī(zāipéi)de
1439,drainage,排水,páishuǐ,排水 páishuǐ
1440,services,服务,fúwù,服务 fúwù
1441,stretcher,担架,dānjià,担架 dānjià
1442,arrest,逮捕,dàibǔ,逮捕 dàibǔ
1443,police cell,单人牢房,dānrén láofáng,单人牢房 dānrén láofáng
1444,charge,控告,kònggào,控告 kònggào
1445,suspect,嫌疑犯,xiányífàn,嫌疑犯 xiányífàn
1446,assault,攻击,gōngjī,攻击 gōngjī
1447,ﬁngerprint,指纹,zhǐwén,指纹 zhǐwén
1448,siren,警笛,jǐngdí,警笛 jǐngdí
1449,badge,警徽,jǐnghuī,警徽 jǐnghuī
1450,police car,警车,jǐngchē,警车 jǐngchē
1451,police station,警察局,jǐngchájú,警察局 jǐngchájú
1452,complaint,起诉,qǐsù,起诉 qǐsù
1453,investigation,调查,diàochá,调查 diàochá
1454,burglary,入室盗窃,rùshì dàoqiè,入室盗窃 rùshì dàoqiè
1455,lights,警灯,jǐngdēng,警灯 jǐngdēng
1456,uniform,制服,zhìfú,制服 zhìfú
1457,handcuffs,手铐,shǒukào,手铐 shǒukào
1458,gun,手枪,shǒuqiāng,手枪 shǒuqiāng
1459,inspector,探员,tànyuán,探员 tànyuán
1460,crime,罪行,zuìxíng,罪行 zuìxíng
1461,detective,侦探,zhēntàn,侦探 zhēntàn
1462,truncheon,警棍,jǐnggùn,警棍 jǐnggùn
1463,ladder,消防梯,xiāofángtī,消防梯 xiāofángtī
1464,Call the police!,报警,！ bàojǐng!,报警 ！ bàojǐng!
1465,There’s a ﬁre at…,在有火情,...。 zài...yǒu huǒqíng.,在有火情 ...。 zài...yǒu huǒqíng.
1466,cab,驾驶室,jiàshǐshì,驾驶室 jiàshǐshì
1467,hose,水龙,shuǐlóng,水龙 shuǐlóng
1468,fire fighters,消防队员,xiāofángduìyuán,消防队员 xiāofángduìyuán
1469,cradle,吊篮,diàolán,吊篮 diàolán
1470,fire engine,消防车,xiāofángchē,消防车 xiāofángchē
1471,fire station,消防站,xiāofángzhàn,消防站 xiāofángzhàn
1472,fire alarm,火灾警报器,huǒzāi jǐngbàoqì,火灾警报器 huǒzāi jǐngbàoqì
1473,axe,消防斧,xiāofángfǔ,消防斧 xiāofángfǔ
1474,hydrant,消防栓,xiāofángshuān,消防栓 xiāofángshuān
1475,There’s been an accident.,发生了事故,。 fāshēngle shìgù.,发生了事故 。 fāshēngle shìgù.
1476,smoke,烟,yān,烟 yān
1477,helmet,头盔,tóukuī,头盔 tóukuī
1478,smoke alarm,烟雾报警器,yānwù bàojǐngqì,烟雾报警器 yānwù bàojǐngqì
1479,ambulance.,我需要警察消防队救护车,//。 wǒ xūyào jǐngchá/xiāofángduì/ jiùhùchē. I need the police/ﬁre brigade/,我需要警察消防队救护车 //。 wǒ xūyào jǐngchá/xiāofángduì/ jiùhùchē. I need the police/ﬁre brigade/
1480,fire extinguisher,灭火器,mièhuǒqì,灭火器 mièhuǒqì
1481,boom,悬臂,xuánbì,悬臂 xuánbì
1482,water jet,水柱,shuǐzhù,水柱 shuǐzhù
1483,fire escape,消防通道,xiāofángtōngdào,消防通道 xiāofángtōngdào
1484,customer,客户,kèhù,客户 kèhù
1485,leaflets,宣传页,xuānchuányè,宣传页 xuānchuányè
1486,current account,活期存款账户,huóqīcúnkuǎn zhànghù,活期存款账户 huóqīcúnkuǎn zhànghù
1487,savings account,储蓄账户,chǔxù zhànghù,储蓄账户 chǔxù zhànghù
1488,pin number,密码,mìmǎ,密码 mìmǎ
1489,payment,付款,fùkuǎn,付款 fùkuǎn
1490,direct debit,直接借记,zhíjiē jièjì,直接借记 zhíjiē jièjì
1491,withdrawal slip,取款单,qǔkuǎndān,取款单 qǔkuǎndān
1492,savings,储蓄,chǔxù,储蓄 chǔxù
1493,tax,税,shuì,税 shuì
1494,loan,贷款,dàikuǎn,贷款 dàikuǎn
1495,debit card,银行卡,yínhángkǎ,银行卡 yínhángkǎ
1496,amount,金额,jīn’é,金额 jīn’é
1497,cashier,出纳员,chūnàyuán,出纳员 chūnàyuán
1498,paying-in slips,存款单,cúnkuǎndān,存款单 cúnkuǎndān
1499,chequebook,支票簿,zhīpiàobù,支票簿 zhīpiàobù
1500,signature,签名,qiānmíng,签名 qiānmíng
1501,mortgage,抵押贷款,dǐyā dàikuǎn,抵押贷款 dǐyā dàikuǎn
1502,overdraft,透支,tòuzhī,透支 tòuzhī
1503,interest rate,利率,lìlǜ,利率 lìlǜ
1504,cheque,支票,zhīpiào,支票 zhīpiào
1505,counter,柜台,guìtái,柜台 guìtái
1506,pay in (v),存入,cúnrù,存入 cúnrù
1507,bank charge,银行手续费,yínháng shǒuxùfèi,银行手续费 yínháng shǒuxùfèi
1508,bank transfer,银行转账,yínháng zhuǎnzhàng,银行转账 yínháng zhuǎnzhàng
1509,bank manager,银行经理,yínháng jīnglǐ,银行经理 yínháng jīnglǐ
1510,credit card,信用卡,xìnyòngkǎ,信用卡 xìnyòngkǎ
1511,account number,账号,zhànghào,账号 zhànghào
1512,coin,硬币,yìngbì,硬币 yìngbì
1513,note,纸币,zhǐbì,纸币 zhǐbì
1514,Can I change this please?,我能兑换吗,？ wǒ néng duìhuàn ma?,我能兑换吗 ？ wǒ néng duìhuàn ma?
1515,What’s today’s exchange rate?,今天的汇率是多少,？ jīntiān de huìlǜ shì duōshǎo?,今天的汇率是多少 ？ jīntiān de huìlǜ shì duōshǎo?
1516,cash (v),兑现,duìxiàn,兑现 duìxiàn
1517,denomination,货币面额,huòbì miàné,货币面额 huòbì miàné
1518,commission,佣金,yòngjīn,佣金 yòngjīn
1519,investment,投资,tóuzī,投资 tóuzī
1520,stocks,证券,zhèngquàn,证券 zhèngquàn
1521,traveller’s cheque,旅行支票,lǚxíng zhīpiào,旅行支票 lǚxíng zhīpiào
1522,stock exchange,证券交易所,zhèngquàn jiāoyìsuǒ,证券交易所 zhèngquàn jiāoyìsuǒ
1523,bureau de change,外币兑换处,wàibì duìhuànchù,外币兑换处 wàibì duìhuànchù
1524,share price,股票价格,gǔpiào jiàgé,股票价格 gǔpiào jiàgé
1525,stockbroker,股票经纪人,gǔpiào jīngjìrén,股票经纪人 gǔpiào jīngjìrén
1526,key pad,按键区,ànjiànqū,按键区 ànjiànqū
1527,card slot,插卡口,chākǎkǒu,插卡口 chākǎkǒu
1528,shares,股份,gǔfèn,股份 gǔfèn
1529,dividends,股息,gǔxī,股息 gǔxī
1530,accountant,会计师,kuàijìshī,会计师 kuàijìshī
1531,portfolio,有价证券组合,yǒujià zhèngquàn zǔhé,有价证券组合 yǒujià zhèngquàn zǔhé
1532,equity,股权,gǔquán,股权 gǔquán
1533,financial advisor,投资顾问,tóuzī gùwèn,投资顾问 tóuzī gùwèn
1534,exchange rate,汇率,huìlǜ,汇率 huìlǜ
1535,fragile,易损坏,yìsǔnhuài,易损坏 yìsǔnhuài
1536,mailbag,邮袋,yóudài,邮袋 yóudài
1537,telegram,电报,diànbào,电报 diànbào
1538,postmark,邮戳,yóuchuō,邮戳 yóuchuō
1539,address,地址,dìzhǐ,地址 dìzhǐ
1540,postal worker,邮局职员,yóujú zhíyuán,邮局职员 yóujú zhíyuán
1541,return address,寄信人地址,jìxìnrén dìzhǐ,寄信人地址 jìxìnrén dìzhǐ
1542,collection,从邮筒中取信,() (cóng yóutǒng zhōng) qǔxìn,从邮筒中取信 () (cóng yóutǒng zhōng) qǔxìn
1543,do not bend (v),勿折,wùzhé,勿折 wùzhé
1544,this way up,此面向上,cǐmiàn xiàngshàng,此面向上 cǐmiàn xiàngshàng
1545,fax,传真,chuánzhēn,传真 chuánzhēn
1546,postman,邮递员,yóudìyuán,邮递员 yóudìyuán
1547,stamp,邮票,yóupiào,邮票 yóupiào
1548,letter,信,xìn,信 xìn
1549,by airmail,航空邮件,hángkōng yóujiàn,航空邮件 hángkōng yóujiàn
1550,registered post,挂号邮件,guàhào yóujiàn,挂号邮件 guàhào yóujiàn
1551,postal order,汇票,huìpiào,汇票 huìpiào
1552,postage,邮资,yóuzī,邮资 yóuzī
1553,postal code,邮政编码,yóuzhèngbiānmǎ,邮政编码 yóuzhèngbiānmǎ
1554,mobile phone,移动电话,yídòng diànhuà,移动电话 yídòng diànhuà
1555,handset,话机,huàjī,话机 huàjī
1556,cordless phone,无绳电话,wúshéng diànhuà,无绳电话 wúshéng diànhuà
1557,keypad,按键区,ànjiànqū,按键区 ànjiànqū
1558,coin phone,投币电话,tóubìdiànhuà,投币电话 tóubìdiànhuà
1559,telephone box,电话亭,diànhuàtíng,电话亭 diànhuàtíng
1560,courier,速递,sùdì,速递 sùdì
1561,postbox,邮筒,yóutǒng,邮筒 yóutǒng
1562,operator,接线员,jiēxiànyuán,接线员 jiēxiànyuán
1563,engaged/busy,占线,zhànxiàn,占线 zhànxiàn
1564,disconnected,断线,duànxiàn,断线 duànxiàn
1565,directory enquiries,电话号码查询台,diànhuàháo mǎcháxúntái,电话号码查询台 diànhuàháo mǎcháxúntái
1566,reverse charge call,对方付费电话,duìfāng fùfèi diànhuà,对方付费电话 duìfāng fùfèi diànhuà
1567,dial (v),拨号,bōhào,拨号 bōhào
1568,base station,机座,jīzuò,机座 jīzuò
1569,answering machine,答录机,dálùjī,答录机 dálùjī
1570,card phone,磁卡电话,cíkǎdiànhuà,磁卡电话 cíkǎdiànhuà
1571,answer (v),接听电话,jiētīng diànhuà,接听电话 jiētīng diànhuà
1572,text message,文字讯息,wénzì xùnxī,文字讯息 wénzì xùnxī
1573,voice message,语音讯息,yǔyīn xùnxī,语音讯息 yǔyīn xùnxī
1574,receiver,听筒,tīngtǒng,听筒 tīngtǒng
1575,video phone,可视电话,kěshìdiànhuà,可视电话 kěshìdiànhuà
1576,Can you give me the number for...?,你能告诉我的号码吗,...？ nǐ néng gàosù wǒ…de hàomǎ ma?,你能告诉我的号码吗 ...？ nǐ néng gàosù wǒ…de hàomǎ ma?
1577,What is the dialling code for...?,的拨叫号码是多少,...？ …de bōjiào hàomǎ shì duōshǎo?,的拨叫号码是多少 ...？ …de bōjiào hàomǎ shì duōshǎo?
1578,parcel,包裹,bāoguǒ,包裹 bāoguǒ
1579,coin return,退币口,tuìbìkǒu,退币口 tuìbìkǒu
1580,messages,留言,liúyán,留言 liúyán
1581,receptionist,接待员,jiēdàiyuán,接待员 jiēdàiyuán
1582,private bathroom,专用浴室,zhuān yòngyùshì,专用浴室 zhuān yòngyùshì
1583,double room,双人间,shuāngrénjiān,双人间 shuāngrénjiān
1584,pigeonhole,分类架,fēnlèijià,分类架 fēnlèijià
1585,luggage,行李,xíngli,行李 xíngli
1586,single room,单人间,dānrénjiān,单人间 dānrénjiān
1587,twin room,标准间,biāozhǔnjiān,标准间 biāozhǔnjiān
1588,register,登记簿,dēngjìbù,登记簿 dēngjìbù
1589,room number,房间号码,fángjiān hàomǎ,房间号码 fángjiān hàomǎ
1590,room key,房间钥匙,fángjiān yàoshi,房间钥匙 fángjiān yàoshi
1591,breakfast tray,早餐盘,zǎocānpán,早餐盘 zǎocānpán
1592,swimming pool,游泳池,yóuyǒngchí,游泳池 yóuyǒngchí
1593,mini bar,小冰箱,xiǎobīngxiāng,小冰箱 xiǎobīngxiāng
1594,I’d like a room for three nights.,我要一个房间住三天,"，。 wǒ yào yīgèfángjiān, zhù sāntiān.","我要一个房间住三天 ，。 wǒ yào yīgèfángjiān, zhù sāntiān."
1595,What is the charge per night?,住一晚多少钱,？ zhù yīwǎn duōshǎoqián?,住一晚多少钱 ？ zhù yīwǎn duōshǎoqián?
1596,When do I have to vacate the room?,我什么时候得腾房,？ wǒ shénme shíhòu děi téng fáng?,我什么时候得腾房 ？ wǒ shénme shíhòu děi téng fáng?
1597,bed and breakfast,提供住宿和早餐,tígōng zhùsù hé zǎocān,提供住宿和早餐 tígōng zhùsù hé zǎocān
1598,full board,供应三餐,gōngyìng sāncān,供应三餐 gōngyìng sāncān
1599,half board,半食宿,bànshísù,半食宿 bànshísù
1600,restaurant,餐厅,cāntīng,餐厅 cāntīng
1601,gym,健身房,jiànshēnfáng,健身房 jiànshēnfáng
1602,laundry service,洗衣服务,xǐyī fúwù,洗衣服务 xǐyī fúwù
1603,Do you have any vacancies?,有空房间吗,？ yǒu kōng fángjiān ma?,有空房间吗 ？ yǒu kōng fángjiān ma?
1604,I have a reservation.,我预定了房间,。 wǒ yùdìngle fángjiān.,我预定了房间 。 wǒ yùdìngle fángjiān.
1605,I’d like a single room.,我想要一个单人间,"。 wǒ xiǎngyào yīgè dānrénjiān,","我想要一个单人间 。 wǒ xiǎngyào yīgè dānrénjiān,"
1606,maid service,客房清洁服务,kèfáng qīngjié fúwù,客房清洁服务 kèfáng qīngjié fúwù
1607,shopping,购物,gòuwù,购物 gòuwù
1608,atrium,大厅,dàtīng,大厅 dàtīng
1609,How much is this?,这个多少钱,？ zhège duōshǎo qián?,这个多少钱 ？ zhège duōshǎo qián?
1610,May I exchange this?,我可以换一件吗,？ wǒ kěyǐ huàn yījiàn ma?,我可以换一件吗 ？ wǒ kěyǐ huàn yījiàn ma?
1611,store directory,购物指南,gòuwù zhǐnán,购物指南 gòuwù zhǐnán
1612,sales assistant,售货员,shòuhuòyuán,售货员 shòuhuòyuán
1613,customer services,客户服务,kèhù fúwù,客户服务 kèhù fúwù
1614,first floor,二层,èrcéng,二层 èrcéng
1615,ground floor,一层,yīcéng,一层 yīcéng
1616,second floor,三层,sāncéng,三层 sāncéng
1617,children’s department,儿童用品部,értóng yòngpǐnbù,儿童用品部 értóng yòngpǐnbù
1618,luggage department,箱包部,xiāngbāobù,箱包部 xiāngbāobù
1619,shoe department,鞋靴部,xiéxuēbù,鞋靴部 xiéxuēbù
1620,escalator,自动扶梯,zìdòng fútī,自动扶梯 zìdòng fútī
1621,sign,招牌,zhāopái,招牌 zhāopái
1622,changing rooms,更衣室,gēngyīshì,更衣室 gēngyīshì
1623,baby changing facilities,婴儿间,yīngérjiān,婴儿间 yīngérjiān
1624,toilets,卫生间,wèishēngjiān,卫生间 wèishēngjiān
1625,haberdashery,缝纫用品,féngrèn yòngpǐn,缝纫用品 féngrèn yòngpǐn
1626,china,瓷器,cíqì,瓷器 cíqì
1627,linen,家用纺织品,jiāyòng fǎngzhīpǐn,家用纺织品 jiāyòng fǎngzhīpǐn
1628,food hall,食品,shípǐn,食品 shípǐn
1629,home furnishings,家具,jiājù,家具 jiājù
1630,toys,玩具,wánjù,玩具 wánjù
1631,women’s wear,女装,nǚzhuāng,女装 nǚzhuāng
1632,lighting,灯具,dēngjù,灯具 dēngjù
1633,perfumery,香水,xiāngshuǐ,香水 xiāngshuǐ
1634,kitchenware,厨房用品,chúfáng yòngpǐn,厨房用品 chúfáng yòngpǐn
1635,stationery,文具,wénjù,文具 wénjù
1636,lingerie,女用内衣,nǚyòng nèiyī,女用内衣 nǚyòng nèiyī
1637,sports,体育用品,tǐyù yòngpǐn,体育用品 tǐyù yòngpǐn
1638,beauty,美容用品,měiróng yòngpǐn,美容用品 měiróng yòngpǐn
1639,men’s wear,男装,nánzhuāng,男装 nánzhuāng
1640,electrical goods,电子产品,diànzǐ chǎnpǐn,电子产品 diànzǐ chǎnpǐn
1641,till,收款机,shōukuǎnjī,收款机 shōukuǎnjī
1642,conveyer belt,传送带,chuánsòngdài,传送带 chuánsòngdài
1643,groceries,食品杂货,shípǐn záhuò,食品杂货 shípǐn záhuò
1644,shopping bag,购物袋,gòuwùdài,购物袋 gòuwùdài
1645,offers,促销海报,cùxiāo hǎibào,促销海报 cùxiāo hǎibào
1646,aisle,过道,guòdào,过道 guòdào
1647,bar code,条形码,tiáoxíngmǎ,条形码 tiáoxíngmǎ
1648,pet food,宠物饲料,chǒngwù sìliào,宠物饲料 chǒngwù sìliào
1649,baby products,婴儿用品,yīngér yòngpǐn,婴儿用品 yīngér yòngpǐn
1650,meat and poultry,肉禽,ròuqín,肉禽 ròuqín
1651,tinned food,罐装食品,guànzhuāng shípǐn,罐装食品 guànzhuāng shípǐn
1652,vegetables,蔬菜,shūcài,蔬菜 shūcài
1653,household products,家庭日用品,jiātíng rìyòngpǐn,家庭日用品 jiātíng rìyòngpǐn
1654,convenience food,方便食品,fāngbiàn shípǐn,方便食品 fāngbiàn shípǐn
1655,frozen food,冷冻食品,lěngdòng shípǐn,冷冻食品 lěngdòng shípǐn
1656,bakery,烘烤食品,hōngkǎo shípǐn,烘烤食品 hōngkǎo shípǐn
1657,confectionery,甜食,tiánshí,甜食 tiánshí
1658,fish,鱼,yú,鱼 yú
1659,breakfast cereals,早餐麦片,zǎocān màipiàn,早餐麦片 zǎocān màipiàn
1660,toiletries,化妆品,huàzhuāngpǐn,化妆品 huàzhuāngpǐn
1661,deli,熟食,shúshí,熟食 shúshí
1662,drinks,饮料,yǐnliào,饮料 yǐnliào
1663,fruit,水果,shuǐguǒ,水果 shuǐguǒ
1664,dairy,乳制品,rǔzhìpǐn,乳制品 rǔzhìpǐn
1665,sunscreen,防晒霜,fángshàishuāng,防晒霜 fángshàishuāng
1666,aftersun,晒后护肤液,shàihòu hùfūyè,晒后护肤液 shàihòu hùfūyè
1667,deodorants,除臭剂,chúchòujì,除臭剂 chúchòujì
1668,cough medicine,止咳药,zhǐkéyào,止咳药 zhǐkéyào
1669,dispensary,药剂室,yàojìshì,药剂室 yàojìshì
1670,panty liner,卫生护垫,wèishēng hùdiàn,卫生护垫 wèishēng hùdiàn
1671,sanitary towel,卫生巾,wèishēngjīn,卫生巾 wèishēngjīn
1672,vitamins,维生素,wéishēngsù,维生素 wéishēngsù
1673,skin care,皮肤护理,pífū hùlǐ,皮肤护理 pífū hùlǐ
1674,tissue,纸巾,zhǐjīn,纸巾 zhǐjīn
1675,hygiene,妇女保健,fùnǚ bǎojiàn feminine,妇女保健 fùnǚ bǎojiàn feminine
1676,pharmacist,药剂师,yàojìshī,药剂师 yàojìshī
1677,tampon,卫生棉条,wèishēng miántiáo,卫生棉条 wèishēng miántiáo
1678,insect repellent,驱虫剂,qūchóngjì,驱虫剂 qūchóngjì
1679,dental care,牙齿护理,yáchǐ hùlǐ,牙齿护理 yáchǐ hùlǐ
1680,sunblock,防晒液,fángshàiyè,防晒液 fángshàiyè
1681,herbal remedies,草药,cǎoyào,草药 cǎoyào
1682,suppository,栓剂,shuānjì,栓剂 shuānjì
1683,medicine,药,yào,药 yào
1684,laxative,泻药,xièyào,泻药 xièyào
1685,throat lozenge,润喉片,rùnhóupiàn,润喉片 rùnhóupiàn
1686,calcium,钙,gài,钙 gài
1687,magnesium,镁,měi,镁 měi
1688,multivitamins,多种维生素制剂,duōzhǒng wéishēngsù zhìjì,多种维生素制剂 duōzhǒng wéishēngsù zhìjì
1689,spray,喷雾器,pēnwùqì,喷雾器 pēnwùqì
1690,drops,滴剂,dījì,滴剂 dījì
1691,dropper,滴管,dīguǎn,滴管 dīguǎn
1692,needle,针头,zhēntóu,针头 zhēntóu
1693,insulin,胰岛素,yídǎosù,胰岛素 yídǎosù
1694,side-effects,副作用,fùzuòyòng,副作用 fùzuòyòng
1695,expiry date,有效期限,yǒuxiào qīxiàn,有效期限 yǒuxiào qīxiàn
1696,travel sickness pills,晕车药,yùnchēyào,晕车药 yùnchēyào
1697,syrup,糖浆,tángjiāng,糖浆 tángjiāng
1698,syringe,注射器,zhùshèqì,注射器 zhùshèqì
1699,capsule,胶囊,jiāonáng,胶囊 jiāonáng
1700,measuring spoon,量匙,liàngchí,量匙 liàngchí
1701,disposable,一次性的,yícìxìngde,一次性的 yícìxìngde
1702,soluble,可溶解的,kěróngjiěde,可溶解的 kěróngjiěde
1703,dosage,剂量,jìliàng,剂量 jìliàng
1704,medication,药物治疗,yàowù zhìliáo,药物治疗 yàowù zhìliáo
1705,painkiller,止痛药,zhǐtòngyào,止痛药 zhǐtòngyào
1706,sedative,镇静剂,zhènjìngjì,镇静剂 zhènjìngjì
1707,sleeping pill,安眠药,ānmiányào,安眠药 ānmiányào
1708,anti-inﬂammatory,消炎药,xiāoyányào,消炎药 xiāoyányào
1709,instructions,使用说明,shǐyòng shuōmíng,使用说明 shǐyòng shuōmíng
1710,cream,霜剂,shuāngjì,霜剂 shuāngjì
1711,gypsophila,满天星,mǎntiānxīng,满天星 mǎntiānxīng
1712,freesia,小苍兰,xiǎocānglán,小苍兰 xiǎocānglán
1713,lily,百合,bǎihé,百合 bǎihé
1714,pot plant,盆栽植物,pénzāi zhíwù,盆栽植物 pénzāi zhíwù
1715,chrysanthemum,菊花,júhuā,菊花 júhuā
1716,gladiolus,剑兰,jiànlán,剑兰 jiànlán
1717,foliage,叶簇,yècù,叶簇 yècù
1718,daisy,雏菊,chújú,雏菊 chújú
1719,acacia,洋槐,yánghuái,洋槐 yánghuái
1720,carnation,康乃馨,kāngnǎixīn,康乃馨 kāngnǎixīn
1721,gerbera,非洲菊,fēizhōujú,非洲菊 fēizhōujú
1722,flowers,花,huā,花 huā
1723,dried flowers,干花,gānhuā,干花 gānhuā
1724,How long will these last?,这些花能开多久,？ zhèxiē huā néng kāi duōjiǔ?,这些花能开多久 ？ zhèxiē huā néng kāi duōjiǔ?
1725,Are they fragrant?,这些花香吗,？ zhèxiē huā xiāng ma?,这些花香吗 ？ zhèxiē huā xiāng ma?
1726,Can I have a bunch of… please.,我想买一束,... wǒ xiǎng mǎi yíshù…,我想买一束 ... wǒ xiǎng mǎi yíshù…
1727,garland,花环,huāhuán,花环 huāhuán
1728,wrapping,包装纸,bāozhuāngzhǐ,包装纸 bāozhuāngzhǐ
1729,bud,花苞,huābāo,花苞 huābāo
1730,orchid,兰花,lánhuā,兰花 lánhuā
1731,bunch,花束,huāshù,花束 huāshù
1732,peony,牡丹,mǔdān,牡丹 mǔdān
1733,daffodil,黄水仙,huángshuǐxiān,黄水仙 huángshuǐxiān
1734,stem,茎,jīng,茎 jīng
1735,Can I attach a message?,我能附上留言吗,？ wǒ néng fùshàng liúyán ma?,我能附上留言吗 ？ wǒ néng fùshàng liúyán ma?
1736,Can I have them wrapped?,能帮我包一下吗,？ néng bāng wǒ bāo yíxià ma?,能帮我包一下吗 ？ néng bāng wǒ bāo yíxià ma?
1737,Can you send them to….?,能不能将它们送到,...？ néngbùnéng jiāng tāmen sòngdào…?,能不能将它们送到 ...？ néngbùnéng jiāng tāmen sòngdào…?
1738,packet of cigarettes,烟盒,yānhé,烟盒 yānhé
1739,magazine,杂志,zázhì,杂志 zázhì
1740,stamps,邮票,yóupiào,邮票 yóupiào
1741,newspaper,报纸,bàozhǐ,报纸 bàozhǐ
1742,lighter,打火机,dǎhuǒjī,打火机 dǎhuǒjī
1743,postcard,明信片,míngxìnpiàn,明信片 míngxìnpiàn
1744,tobacco,烟草,yāncǎo,烟草 yāncǎo
1745,lottery tickets,彩票奖券,"， cǎipiào, jiǎngquàn","彩票奖券 ， cǎipiào, jiǎngquàn"
1746,cigarettes,香烟,xiāngyān,香烟 xiāngyān
1747,matches,火柴,huǒchái,火柴 huǒchái
1748,cigar,雪茄,xuějiā,雪茄 xuějiā
1749,comic,连环画,liánhuánhuà,连环画 liánhuánhuà
1750,chocolate bar,块状巧克力板,kuàizhuàng qiǎokèlìbǎn,块状巧克力板 kuàizhuàng qiǎokèlìbǎn
1751,milk chocolate,牛奶巧克力,niúnǎiqiǎokèlì,牛奶巧克力 niúnǎiqiǎokèlì
1752,plain chocolate,黑巧克力,hēiqiǎokèlì,黑巧克力 hēiqiǎokèlì
1753,white chocolate,白巧克力,báiqiǎokèlì,白巧克力 báiqiǎokèlì
1754,pick and mix,杂拌糖果,zábàntángguǒ,杂拌糖果 zábàntángguǒ
1755,snack bar,零食,língshí,零食 língshí
1756,fruit gum,果味橡皮糖,guǒwèixiàngpítáng,果味橡皮糖 guǒwèixiàngpítáng
1757,chewing gum,口香糖,kǒuxiāngtáng,口香糖 kǒuxiāngtáng
1758,marshmallow,棉花软糖,miánhuāruǎntáng,棉花软糖 miánhuāruǎntáng
1759,lollipop,棒棒糖,bàngbàngtáng,棒棒糖 bàngbàngtáng
1760,caramel,焦糖,jiāotáng,焦糖 jiāotáng
1761,trufﬂe,巧克力球,qiǎokèlìqiú,巧克力球 qiǎokèlìqiú
1762,biscuit,饼干,bǐnggān,饼干 bǐnggān
1763,boiled sweets,硬糖,yìngtáng,硬糖 yìngtáng
1764,crisps,薯片,shǔpiàn,薯片 shǔpiàn
1765,liquorice,甘草糖,gāncǎotáng,甘草糖 gāncǎotáng
1766,mint,薄荷糖,bòhetáng,薄荷糖 bòhetáng
1767,chocolate,巧克力,qiǎokèlì,巧克力 qiǎokèlì
1768,jellybean,软心豆粒糖,ruǎnxīndòulìtáng,软心豆粒糖 ruǎnxīndòulìtáng
1769,box of chocolates,巧克力盒,qiǎokèlìhé,巧克力盒 qiǎokèlìhé
1770,sweets,糖果,tángguǒ,糖果 tángguǒ
1771,travel agent’s,旅行社,lǚxíngshè,旅行社 lǚxíngshè
1772,gift shop,礼品店,lǐpǐndiàn,礼品店 lǐpǐndiàn
1773,shoe shop,鞋店,xiédiàn,鞋店 xiédiàn
1774,greengrocer’s,蔬菜水果店,shūcàishuǐguǒdiàn,蔬菜水果店 shūcàishuǐguǒdiàn
1775,butcher’s,肉铺,ròupù,肉铺 ròupù
1776,baker’s,面包店,miànbāodiàn,面包店 miànbāodiàn
1777,jeweller’s,首饰店,shǒushìdiàn,首饰店 shǒushìdiàn
1778,hardware shop,五金店,wǔjīndiàn,五金店 wǔjīndiàn
1779,fishmonger’s,水产店,shuǐchǎndiàn,水产店 shuǐchǎndiàn
1780,antiques shop,古董店,gǔdǒngdiàn,古董店 gǔdǒngdiàn
1781,cake shop,糕点店,gāodiǎndiàn,糕点店 gāodiǎndiàn
1782,grocer’s,食品杂货店,shípǐnzáhuòdiàn,食品杂货店 shípǐnzáhuòdiàn
1783,camera shop,照相器材店,zhàoxiàng qìcáidiàn,照相器材店 zhàoxiàng qìcáidiàn
1784,health food shop,绿色食品店,lǜsèshípǐndiàn,绿色食品店 lǜsèshípǐndiàn
1785,art shop,艺术品店,yìshùpǐndiàn,艺术品店 yìshùpǐndiàn
1786,second-hand shop,旧货商店,jiùhuò shāngdiàn,旧货商店 jiùhuò shāngdiàn
1787,hairdresser’s,美发厅,měifàtīng,美发厅 měifàtīng
1788,boutique,时装店,shízhuāngdiàn,时装店 shízhuāngdiàn
1789,furniture shop,家具店,jiājùdiàn,家具店 jiājùdiàn
1790,off licence,酒类专卖店,jiǔlèizhuānmàidiàn,酒类专卖店 jiǔlèizhuānmàidiàn
1791,book shop,书店,shūdiàn,书店 shūdiàn
1792,tailor’s,裁缝店,cáifengdiàn,裁缝店 cáifengdiàn
1793,pet shop,宠物商店,chǒngwùshāngdiàn,宠物商店 chǒngwùshāngdiàn
1794,record shop,音像店,yīnxiàngdiàn,音像店 yīnxiàngdiàn
1795,estate agent’s,房地产商,fángdìchǎnshāng,房地产商 fángdìchǎnshāng
1796,garden centre,园艺用品店,yuányì yòngpǐndiàn,园艺用品店 yuányì yòngpǐndiàn
1797,dry cleaner’s,干洗店,gānxǐdiàn,干洗店 gānxǐdiàn
1798,launderette,投币式自动洗衣店,tóubìshì zìdòngxǐyīdiàn,投币式自动洗衣店 tóubìshì zìdòngxǐyīdiàn
1799,food,食物,shíwù,食物 shíwù
1800,sausages,香肠,xiāngcháng,香肠 xiāngcháng
1801,free range,放养的,fàngyǎngde,放养的 fàngyǎngde
1802,lean meat,瘦肉,shòuròu,瘦肉 shòuròu
1803,venison,野味肉,yěwèiròu,野味肉 yěwèiròu
1804,rabbit,兔肉,tùròu,兔肉 tùròu
1805,lamb,羔羊肉,gāoyángròu,羔羊肉 gāoyángròu
1806,meat hook,吊肉钩,diàoròugōu,吊肉钩 diàoròugōu
1807,offal,下水,xiàshuǐ,下水 xiàshuǐ
1808,cured,腌制的,yānzhìde,腌制的 yānzhìde
1809,smoked,熏制的,xūnzhìde,熏制的 xūnzhìde
1810,butcher,肉店老板,ròudiànlǎobǎn,肉店老板 ròudiànlǎobǎn
1811,cooked meat,熟肉,shúròu,熟肉 shúròu
1812,white meat,白肉指家禽肉鱼肉等,"(、) báiròu (zhǐjiāqínròu, yúròuděng)","白肉指家禽肉鱼肉等 (、) báiròu (zhǐjiāqínròu, yúròuděng)"
1813,red meat,红肉指牛肉猪肉和羊肉,"(、) hóngròu (zhǐniúròu, zhūròuhéyángròu)","红肉指牛肉猪肉和羊肉 (、) hóngròu (zhǐniúròu, zhūròuhéyángròu)"
1814,pork,猪肉,zhūròu,猪肉 zhūròu
1815,beef,牛肉,niúròu,牛肉 niúròu
1816,veal,小牛肉,xiǎoniúròu,小牛肉 xiǎoniúròu
1817,bacon,熏肉,xūnròu,熏肉 xūnròu
1818,turkey,火鸡,huǒjī,火鸡 huǒjī
1819,dressed chicken,去毛开膛的鸡,qùmáokāitángde jī,去毛开膛的鸡 qùmáokāitángde jī
1820,wing,翅膀,chìbǎng,翅膀 chìbǎng
1821,ham,火腿,huǒtuǐ,火腿 huǒtuǐ
1822,mince,肉馅,ròuxiàn,肉馅 ròuxiàn
1823,chop,排骨,páigǔ,排骨 páigǔ
1824,slice,薄片,báopiàn,薄片 báopiàn
1825,game,野味,yěwèi,野味 yěwèi
1826,joint,后腿肉,hòutuǐròu,后腿肉 hòutuǐròu
1827,rind,肉皮,ròupí,肉皮 ròupí
1828,rasher,火腿片,huǒtuǐpiàn,火腿片 huǒtuǐpiàn
1829,fillet,里脊肉,lǐjiròu,里脊肉 lǐjiròu
1830,fat,肥肉,féiròu,肥肉 féiròu
1831,sirloin steak,牛上腰排,niúshàngyāopái,牛上腰排 niúshàngyāopái
1832,sea bream,鲷鱼,diāoyú,鲷鱼 diāoyú
1833,monkfish,鮟鱇鱼,ānkāngyú,鮟鱇鱼 ānkāngyú
1834,trout,鳟鱼,zūnyú,鳟鱼 zūnyú
1835,mackerel,鲭鱼,qīngyú,鲭鱼 qīngyú
1836,haddock,黑线鳕,hēixiànxuě,黑线鳕 hēixiànxuě
1837,ice,冰,bīng,冰 bīng
1838,skate wings,鳐鱼翅,yáoyúchì,鳐鱼翅 yáoyúchì
1839,red mullet,羊鱼,yángyú,羊鱼 yángyú
1840,swordfish,剑鱼,jiànyú,剑鱼 jiànyú
1841,lemon sole,黄盖鲽,huánggàidié,黄盖鲽 huánggàidié
1842,cod,鳕鱼,xuěyú,鳕鱼 xuěyú
1843,peeled prawns,去皮虾,qùpíxiā,去皮虾 qùpíxiā
1844,sardine,沙丁鱼,shādīngyú,沙丁鱼 shādīngyú
1845,sea bass,海鲈,hǎilú,海鲈 hǎilú
1846,Dover sole,鳎鱼,tǎyú,鳎鱼 tǎyú
1847,rainbow trout,虹鳟鱼,hóngzūnyú,虹鳟鱼 hóngzūnyú
1848,skate,鳐鱼,yáoyú,鳐鱼 yáoyú
1849,tuna,金枪鱼,jīnqiāngyú,金枪鱼 jīnqiāngyú
1850,whiting,牙鳕,yáxuě,牙鳕 yáxuě
1851,halibut fillets,大比目鱼片,dàbǐmùyúpiàn,大比目鱼片 dàbǐmùyúpiàn
1852,octopus,章鱼乌贼,zhāngyú wūzéi,章鱼乌贼 zhāngyú wūzéi
1853,Will you clean it for me?,能帮我把它收拾干净吗,？ néng bāng wǒ bǎ tā shōushi gānjìng ma?,能帮我把它收拾干净吗 ？ néng bāng wǒ bǎ tā shōushi gānjìng ma?
1854,loin,腰肉,yāoròu,腰肉 yāoròu
1855,steak,鱼片,yúpiàn,鱼片 yúpiàn
1856,descaled,去鳞的,qùlínde,去鳞的 qùlínde
1857,boned,去骨的,qùgǔde,去骨的 qùgǔde
1858,salted,盐渍的,yánzìde,盐渍的 yánzìde
1859,cleaned,处理干净的,chǔlǐgān jìngde,处理干净的 chǔlǐgān jìngde
1860,mussel,贻贝,yíbèi,贻贝 yíbèi
1861,crab,螃蟹,pángxiè,螃蟹 pángxiè
1862,lobster,龙虾,lóngxiā,龙虾 lóngxiā
1863,razor-shell,蛏子,chēngzi,蛏子 chēngzi
1864,squid,鱿鱼,yóuyú,鱿鱼 yóuyú
1865,scallop,扇贝,shànbèi,扇贝 shànbèi
1866,scale,鳞片,línpiàn,鳞片 línpiàn
1867,ﬁllet,去骨鱼片,qùgǔyúpiàn,去骨鱼片 qùgǔyúpiàn
1868,ﬁlleted,切片的,qiēpiànde,切片的 qiēpiànde
1869,frozen,冷冻的,lěngdòngde,冷冻的 lěngdòngde
1870,fresh,新鲜,xīnxiān,新鲜 xīnxiān
1871,king prawn,大对虾,dàduìxiā,大对虾 dàduìxiā
1872,crayfish,小龙虾,xiǎolóngxiā,小龙虾 xiǎolóngxiā
1873,tail,尾部,wěibù,尾部 wěibù
1874,oyster,牡蛎,mǔlì,牡蛎 mǔlì
1875,clam,蛤蜊,gélí,蛤蜊 gélí
1876,cuttlefish,乌贼,wūzéi,乌贼 wūzéi
1877,skinned,去皮的,qùpíde,去皮的 qùpíde
1878,cockle,鸟蛤,niǎogé,鸟蛤 niǎogé
1879,leaf,叶,yè,叶 yè
1880,stalk,菜梗,càigěng,菜梗 càigěng
1881,seed,种子,zhǒngzi,种子 zhǒngzi
1882,chicory,菊苣,jújù,菊苣 jújù
1883,runner bean,红花菜豆,hónghuācàidòu,红花菜豆 hónghuācàidòu
1884,palm hearts,棕榈芯,zōnglǘxīn,棕榈芯 zōnglǘxīn
1885,garden pea,豌豆,wāndòu,豌豆 wāndòu
1886,fennel,茴香,huíxiāng,茴香 huíxiāng
1887,bean sprout,豆芽,dòuyá,豆芽 dòuyá
1888,broad bean,蚕豆,cándòu,蚕豆 cándòu
1889,ﬂoret,小花,xiǎohuā,小花 xiǎohuā
1890,kernel,果仁,guǒrén,果仁 guǒrén
1891,French bean,四季豆,sìjìdòu,四季豆 sìjìdòu
1892,okra,羊角豆,yángjiǎodòu,羊角豆 yángjiǎodòu
1893,sweetcorn,甜玉米,tiányùmǐ,甜玉米 tiányùmǐ
1894,pod,豆芽,dòujiá,豆芽 dòujiá
1895,celery,芹菜,qíncài,芹菜 qíncài
1896,plastic bag,塑料袋,sùliàodài,塑料袋 sùliàodài
1897,Do you sell organic vegetables?,这儿卖有机蔬菜吗,？ zhè’er mài yǒujīshūcài ma?,这儿卖有机蔬菜吗 ？ zhè’er mài yǒujīshūcài ma?
1898,Are these grown locally?,这些是当地产的吗,？ zhèxiē shì dāngdìchǎnde ma?,这些是当地产的吗 ？ zhèxiē shì dāngdìchǎnde ma?
1899,Swiss chard,甜叶菜,tiányècài,甜叶菜 tiányècài
1900,sorrel,酸模,suānmó,酸模 suānmó
1901,kohlrabi,球茎甘蓝,qiújīnggānlán,球茎甘蓝 qiújīnggānlán
1902,endive,苦苣,kǔjù,苦苣 kǔjù
1903,watercress,豆瓣菜,dòubàncài,豆瓣菜 dòubàncài
1904,radicchio,红球菊苣,hóngqiújújù,红球菊苣 hóngqiújújù
1905,lettuce,莴苣,wōjù,莴苣 wōjù
1906,dandelion,蒲公英,púgōngyīng,蒲公英 púgōngyīng
1907,kale,羽衣甘蓝,yǔyīgānlán,羽衣甘蓝 yǔyīgānlán
1908,broccoli,西兰花,xīlánhuā,西兰花 xīlánhuā
1909,rocket,芝麻菜,zhīmacài,芝麻菜 zhīmacài
1910,spinach,菠菜,bōcài,菠菜 bōcài
1911,spring greens,嫩圆白菜,nènyuánbáicài,嫩圆白菜 nènyuánbáicài
1912,cabbage,卷心菜,juǎnxīncài,卷心菜 juǎnxīncài
1913,pak-choi,油菜,yóucài,油菜 yóucài
1914,Brussels sprouts,抱子甘蓝,bàozǐgānlán,抱子甘蓝 bàozǐgānlán
1915,celeriac,块根芹,kuàigēnqín,块根芹 kuàigēnqín
1916,taro root,芋头,yùtou,芋头 yùtou
1917,cassava,木薯,mùshǔ,木薯 mùshǔ
1918,water chestnut,荸荠,bíqí,荸荠 bíqí
1919,please?,请给我一公斤马铃薯,。 qǐng gěi wǒ yì gōngjīn mǎlíngshǔ. Can I have one kilo of potatoes,请给我一公斤马铃薯 。 qǐng gěi wǒ yì gōngjīn mǎlíngshǔ. Can I have one kilo of potatoes
1920,What’s the price per kilo?,每公斤多少钱,？ měi gōngjīn duōshǎo qián?,每公斤多少钱 ？ měi gōngjīn duōshǎo qián?
1921,What are those called?,那些叫什么,？ nàxiē jiào shénme?,那些叫什么 ？ nàxiē jiào shénme?
1922,raw,生,shēng,生 shēng
1923,hot (spicy),辣,là,辣 là
1924,sweet,甜,tián,甜 tián
1925,artichoke,朝鲜蓟,cháoxiǎnjì,朝鲜蓟 cháoxiǎnjì
1926,radish,小红萝卜,xiǎohóngluóbo,小红萝卜 xiǎohóngluóbo
1927,potato,马铃薯,mǎlíngshǔ,马铃薯 mǎlíngshǔ
1928,bitter,苦,kǔ,苦 kǔ
1929,ﬁrm,硬,yìng,硬 yìng
1930,ﬂesh,果肉,guǒròu,果肉 guǒròu
1931,cherry tomato,樱桃番茄,yīngtáofānqié,樱桃番茄 yīngtáofānqié
1932,carrot,胡萝卜,húluóbo,胡萝卜 húluóbo
1933,breadfruit,面包果,miànbāoguǒ,面包果 miànbāoguǒ
1934,new potato,嫩马铃薯,nènmǎlíngshǔ,嫩马铃薯 nènmǎlíngshǔ
1935,marrow,西葫芦,xīhúlu,西葫芦 xīhúlu
1936,chilli,辣椒,làjiāo,辣椒 làjiāo
1937,onion,洋葱,yángcōng,洋葱 yángcōng
1938,cauliflower,花椰菜菜花,"， huāyēcài, càihuā","花椰菜菜花 ， huāyēcài, càihuā"
1939,turnip,萝卜芜菁,"， luóbo, wújīng","萝卜芜菁 ， luóbo, wújīng"
1940,acorn squash,橡果,xiàngguǒ,橡果 xiàngguǒ
1941,tomato,番茄,fānqié,番茄 fānqié
1942,shallot,葱头,cōngtóu,葱头 cōngtóu
1943,sweet potato,红薯,hóngshǔ,红薯 hóngshǔ
1944,mushroom,蘑菇,mógū,蘑菇 mógū
1945,clove,蒜瓣儿,suànbàn’er,蒜瓣儿 suànbàn’er
1946,courgette,密生西葫芦,mìshēngxīhúlu,密生西葫芦 mìshēngxīhúlu
1947,parsnip,欧洲防风根,ōuzhōufángfēnggēn,欧洲防风根 ōuzhōufángfēnggēn
1948,beetroot,甜菜,tiáncài,甜菜 tiáncài
1949,swede,芜菁甘蓝,wújīnggānlán,芜菁甘蓝 wújīnggānlán
1950,pumpkin,南瓜,nánguā,南瓜 nánguā
1951,aubergine,茄子,qiézi,茄子 qiézi
1952,truffle,块菌,kuàijūn,块菌 kuàijūn
1953,cucumber,黄瓜,huángguā,黄瓜 huángguā
1954,leek,韭葱,jiǔcōng,韭葱 jiǔcōng
1955,yam,山药,shānyào,山药 shānyào
1956,butternut squash,冬南瓜,dōngnánguā,冬南瓜 dōngnánguā
1957,horseradish,辣根菜,làgēncài,辣根菜 làgēncài
1958,garlic,大蒜,dàsuàn,大蒜 dàsuàn
1959,spring onion,葱,cōng,葱 cōng
1960,Jerusalem artichoke,菊芋,júyù,菊芋 júyù
1961,apple,苹果,píngguǒ,苹果 píngguǒ
1962,segment,橘瓣儿,júbàner,橘瓣儿 júbàner
1963,pith,海绵层,hǎimiáncéng,海绵层 hǎimiáncéng
1964,satsuma,无核蜜橘,wúhémìjú,无核蜜橘 wúhémìjú
1965,plum,李子,lǐzi,李子 lǐzi
1966,nectarine,油桃,yóutáo,油桃 yóutáo
1967,lime,酸橙,suānchéng,酸橙 suānchéng
1968,orange,橘子,júzi,橘子 júzi
1969,clementine,细皮小柑橘,xìpíxiǎogānjú,细皮小柑橘 xìpíxiǎogānjú
1970,grapefruit,葡萄柚,pútáoyòu,葡萄柚 pútáoyòu
1971,pear,梨,lí,梨 lí
1972,kumquat,金橘,jīnjú,金橘 jīnjú
1973,apricot,杏,xìng,杏 xìng
1974,lemon,柠檬,níngméng,柠檬 níngméng
1975,zest,外皮,wàipí,外皮 wàipí
1976,tangerine,橘瓣儿,júbànér,橘瓣儿 júbànér
1977,ugli fruit,牙买加丑橘,yámǎijiāchǒujú,牙买加丑橘 yámǎijiāchǒujú
1978,peach,桃,táo,桃 táo
1979,cherry,樱桃,yīngtáo,樱桃 yīngtáo
1980,blueberry,蓝莓,lánméi,蓝莓 lánméi
1981,juice,汁液,zhīyè,汁液 zhīyè
1982,core,核,hé,核 hé
1983,seedless,无核,wúhé,无核 wúhé
1984,sour,酸,suān,酸 suān
1985,juicy,多汁,duōzhī,多汁 duōzhī
1986,flesh,瓜瓤,guāráng,瓜瓤 guāráng
1987,loganberry,罗甘莓,luógānméi,罗甘莓 luógānméi
1988,melon,甜瓜,tiánguā,甜瓜 tiánguā
1989,white currant,白醋栗,báicùlì,白醋栗 báicùlì
1990,blackberry,黑莓,hēiméi,黑莓 hēiméi
1991,cranberry,蔓越橘,mànyuèjú,蔓越橘 mànyuèjú
1992,strawberry,草莓,cǎoméi,草莓 cǎoméi
1993,crisp,脆,cuì,脆 cuì
1994,rotten,烂,làn,烂 làn
1995,pulp,果肉,guǒròu,果肉 guǒròu
1996,grapes,葡萄,pútáo,葡萄 pútáo
1997,redcurrant,红醋栗,hóngcùlì,红醋栗 hóngcùlì
1998,blackcurrant,黑醋栗,hēicùlì,黑醋栗 hēicùlì
1999,rhubarb,大黄,dàihuáng,大黄 dàihuáng
2000,ﬁbre,纤维,xiānwéi,纤维 xiānwéi
2001,gooseberry,醋栗,cùlì,醋栗 cùlì
2002,Are they ripe?,它们熟吗,？ tāmen shú ma?,它们熟吗 ？ tāmen shú ma?
2003,Can I try one?,我可以尝一个吗,？ wǒ kěyǐ cháng yígè ma?,我可以尝一个吗 ？ wǒ kěyǐ cháng yígè ma?
2004,How long will they keep?,它们能放多久,？ tāmen néng fàng duōjiǔ?,它们能放多久 ？ tāmen néng fàng duōjiǔ?
2005,watermelon,西瓜,xīguā,西瓜 xīguā
2006,raspberry,覆盆子,fùpénzǐ,覆盆子 fùpénzǐ
2007,pip,籽,zǐ,籽 zǐ
2008,persimmon,柿子,shìzi,柿子 shìzi
2009,papaya,番木瓜,fānmùguā,番木瓜 fānmùguā
2010,cape gooseberry,灯笼果,dēnglongguǒ,灯笼果 dēnglongguǒ
2011,mango,芒果,mángguǒ,芒果 mángguǒ
2012,avocado,鳄梨,èlí,鳄梨 èlí
2013,prickly pear,仙人掌果,xiānrénzhǎngguǒ,仙人掌果 xiānrénzhǎngguǒ
2014,starfruit,杨桃,yángtáo,杨桃 yángtáo
2015,guava,番石榴,fānshíliu,番石榴 fānshíliu
2016,pomegranate,石榴,shíliu,石榴 shíliu
2017,banana,香蕉,xiāngjiāo,香蕉 xiāngjiāo
2018,lychee,荔枝,lìzhī,荔枝 lìzhī
2019,feijoa,费约果,fèiyuēguǒ,费约果 fèiyuēguǒ
2020,passion fruit,西番莲果,xīfānliánguǒ,西番莲果 xīfānliánguǒ
2021,kiwifruit,猕猴桃,míhóutáo,猕猴桃 míhóutáo
2022,quince,榅桲,yùnbó,榅桲 yùnbó
2023,mangosteen,山竹果,shānzhúguǒ,山竹果 shānzhúguǒ
2024,pineapple,菠萝,bōluó,菠萝 bōluó
2025,sultana,无核葡萄干,wúhépútáogān,无核葡萄干 wúhépútáogān
2026,raisin,葡萄干,pútáogān,葡萄干 pútáogān
2027,candied fruit,蜜饯,mìjiàn,蜜饯 mìjiàn
2028,tropical fruit,热带水果,rèdàishuǐguǒ,热带水果 rèdàishuǐguǒ
2029,hard,硬,yìng,硬 yìng
2030,soft,软,ruǎn,软 ruǎn
2031,macadamia,澳洲坚果,àozhōujiānguǒ,澳洲坚果 àozhōujiānguǒ
2032,pecan,美洲山核桃,měizhōushānhétao,美洲山核桃 měizhōushānhétao
2033,pine nut,松子,sōngzǐ,松子 sōngzǐ
2034,walnut,核桃,hétao,核桃 hétao
2035,almond,杏仁,xìngrén,杏仁 xìngrén
2036,chestnut,栗子,lìzi,栗子 lìzi
2037,peanut,花生,huāshēng,花生 huāshēng
2038,coconut,椰子,yēzi,椰子 yēzi
2039,shelled,去壳的,qùkéde,去壳的 qùkéde
2040,whole,完整,wánzhěng,完整 wánzhěng
2041,desiccated,脱水的,tuōshuǐde,脱水的 tuōshuǐde
2042,date,椰枣,yēzǎo,椰枣 yēzǎo
2043,hazelnut,榛子,zhēnzi,榛子 zhēnzi
2044,brazil nut,巴西果,bāxīguǒ,巴西果 bāxīguǒ
2045,currant,无核小葡萄干,wúhéxiǎopútáogān,无核小葡萄干 wúhéxiǎopútáogān
2046,green,未熟的,wèishúde,未熟的 wèishúde
2047,ripe,成熟的,chéngshúde,成熟的 chéngshúde
2048,cashewnut,腰果,yāoguǒ,腰果 yāoguǒ
2049,fig,无花果,wúhuāguǒ,无花果 wúhuāguǒ
2050,shell,壳,ké,壳 ké
2051,prune,梅干,méigān,梅干 méigān
2052,roasted,烘烤的,hōngkǎode,烘烤的 hōngkǎode
2053,seasonal,应季的,yìngjìde,应季的 yìngjìde
2054,pistachio,开心果,kāixīnguǒ,开心果 kāixīnguǒ
2055,fragranced,香,xiāng,香 xiāng
2056,cereal,谷类食品,gǔlèishípǐn,谷类食品 gǔlèishípǐn
2057,wholegrain,整粒,zhěnglì,整粒 zhěnglì
2058,soak (v),浸泡,jìnpào,浸泡 jìnpào
2059,brown rice,糙米,cāomǐ,糙米 cāomǐ
2060,white rice,白米,báimǐ,白米 báimǐ
2061,couscous,蒸粗麦粉,zhēngcūmàifěn,蒸粗麦粉 zhēngcūmàifěn
2062,semolina,粗粒小麦粉,cūlìxiǎomàifěn,粗粒小麦粉 cūlìxiǎomàifěn
2063,quinoa,奎奴亚藜,kuínúyàlí,奎奴亚藜 kuínúyàlí
2064,corn,玉米,yùmǐ,玉米 yùmǐ
2065,millet,小米,xiǎomǐ,小米 xiǎomǐ
2066,husk,外壳,wàiké,外壳 wàiké
2067,pudding rice,布丁米,bùdīngmǐ,布丁米 bùdīngmǐ
2068,cracked wheat,碎粒小麦,suìlìxiǎomài,碎粒小麦 suìlìxiǎomài
2069,barley,大麦,dàmài,大麦 dàmài
2070,wheat,小麦,xiǎomài,小麦 xiǎomài
2071,wild rice,菰米,gūmǐ,菰米 gūmǐ
2072,oats,燕麦,yànmài,燕麦 yànmài
2073,easy cook,易烹调的,yìpēngtiáode,易烹调的 yìpēngtiáode
2074,long-grain,长粒,chánglì,长粒 chánglì
2075,short-grain,圆粒,yuánlì,圆粒 yuánlì
2076,bran,麦麸,màifū,麦麸 màifū
2077,soya beans,大豆,dàdòu,大豆 dàdòu
2078,split peas,半粒豆,bànlìdòu,半粒豆 bànlìdòu
2079,green peas,青豆,qīngdòu,青豆 qīngdòu
2080,brown lentils,褐色小扁豆,hèsèxiǎobiǎndòu,褐色小扁豆 hèsèxiǎobiǎndòu
2081,mung beans,绿豆,lǜdòu,绿豆 lǜdòu
2082,broad beans,蚕豆,cándòu,蚕豆 cándòu
2083,red kidney beans,红芸豆,hóngyúndòu,红芸豆 hóngyúndòu
2084,butter beans,棉豆,miándòu,棉豆 miándòu
2085,sesame seed,芝麻籽,zhīmazǐ,芝麻籽 zhīmazǐ
2086,mustard seed,芥菜籽,jiècàizǐ,芥菜籽 jiècàizǐ
2087,sunflower seed,向日葵籽,xiàngrìkuízǐ,向日葵籽 xiàngrìkuízǐ
2088,black-eyed beans,黑眼豆,hēiyǎndòu,黑眼豆 hēiyǎndòu
2089,red lentils,红豆,hóngdòu,红豆 hóngdòu
2090,pinto beans,斑豆,bāndòu,斑豆 bāndòu
2091,haricot beans,菜豆,càidòu,菜豆 càidòu
2092,pumpkin seed,南瓜籽,nánguāzǐ,南瓜籽 nánguāzǐ
2093,chick peas,鹰嘴豆,yīngzuǐdòu,鹰嘴豆 yīngzuǐdòu
2094,aduki beans,赤豆,chìdòu,赤豆 chìdòu
2095,caraway,葛缕子籽,gělǚzǐzǐ,葛缕子籽 gělǚzǐzǐ
2096,flageolet beans,小粒菜豆,() xiǎo(lì)càidòu,小粒菜豆 () xiǎo(lì)càidòu
2097,paprika,辣椒粉,làjiāofěn,辣椒粉 làjiāofěn
2098,ground,磨碎的,mósuìde,磨碎的 mósuìde
2099,turmeric,姜黄根,jiānghuánggēn,姜黄根 jiānghuánggēn
2100,nutmeg,肉豆蔻,ròudòukòu,肉豆蔻 ròudòukòu
2101,saffron,藏红花,zànghónghuā,藏红花 zànghónghuā
2102,peppercorn,胡椒粒,hújiāolì,胡椒粒 hújiāolì
2103,flakes,片状,piànzhuàng,片状 piànzhuàng
2104,curry powder,咖喱粉,gālífěn,咖喱粉 gālífěn
2105,bouquet garni,香料包,xiāngliàobāo,香料包 xiāngliàobāo
2106,mace,肉豆蔻衣,ròudòukòuyī,肉豆蔻衣 ròudòukòuyī
2107,cardamom,小豆蔻,xiǎodòukòu,小豆蔻 xiǎodòukòu
2108,crushed,压碎的,yāsuìde,压碎的 yāsuìde
2109,allspice,多香果,duōxiāngguǒ,多香果 duōxiāngguǒ
2110,fenugreek,葫芦巴,húlubā,葫芦巴 húlubā
2111,cumin,枯茗小茴香,"， kūmíng, xiǎohuíxiāng","枯茗小茴香 ， kūmíng, xiǎohuíxiāng"
2112,cinnamon,肉桂,ròuguì,肉桂 ròuguì
2113,cloves,丁香,dīngxiāng,丁香 dīngxiāng
2114,fennel seeds,茴香籽,huíxiāngzǐ,茴香籽 huíxiāngzǐ
2115,lemon grass,柠檬草,níngméngcǎo,柠檬草 níngméngcǎo
2116,chives,细香葱,xìxiāngcōng,细香葱 xìxiāngcōng
2117,basil,罗勒,luólè,罗勒 luólè
2118,oregano,牛至,niúzhì,牛至 niúzhì
2119,rosemary,迷迭香,mídiéxiāng,迷迭香 mídiéxiāng
2120,thyme,百里香,bǎilǐxiāng,百里香 bǎilǐxiāng
2121,coriander,香菜,xiāngcài,香菜 xiāngcài
2122,sticks,桂皮,guìpí,桂皮 guìpí
2123,star anise,八角大料,"， bājiǎo, dàliào","八角大料 ， bājiǎo, dàliào"
2124,bay leaf,月桂叶,yuèguìyè,月桂叶 yuèguìyè
2125,marjoram,墨角兰,mòjiǎolán,墨角兰 mòjiǎolán
2126,parsley,欧芹,ōuqín,欧芹 ōuqín
2127,dill,莳萝,shíluó,莳萝 shíluó
2128,sage,鼠尾草,shǔwěicǎo,鼠尾草 shǔwěicǎo
2129,tarragon,龙蒿,lónghāo,龙蒿 lónghāo
2130,maple syrup,枫糖浆,fēngtángjiāng,枫糖浆 fēngtángjiāng
2131,lemon curd,柠檬酱,níngméngjiàng,柠檬酱 níngméngjiàng
2132,clear honey,液体蜂蜜,yètǐfēngmì,液体蜂蜜 yètǐfēngmì
2133,jar,广口瓶,guǎngkǒupíng,广口瓶 guǎngkǒupíng
2134,cork,软木塞,ruǎnmùsāi,软木塞 ruǎnmùsāi
2135,set honey,固体蜂蜜,gùtǐfēngmì,固体蜂蜜 gùtǐfēngmì
2136,grapeseed oil,葡萄籽油,pútáozǐyóu,葡萄籽油 pútáozǐyóu
2137,oils,油,yóu,油 yóu
2138,almond oil,杏仁油,xìngrényóu,杏仁油 xìngrényóu
2139,walnut oil,核桃油,hétaoyóu,核桃油 hétaoyóu
2140,honeycomb,蜜脾,mìpí,蜜脾 mìpí
2141,herbs,香草,xiāngcǎo,香草 xiāngcǎo
2142,sunflower oil,葵花籽油,kuíhuāzǐyóu,葵花籽油 kuíhuāzǐyóu
2143,hazelnut oil,榛仁油,zhēnrényóu,榛仁油 zhēnrényóu
2144,marmalade,橘子酱,júzijiàng,橘子酱 júzijiàng
2145,raspberry jam,覆盆子酱,fùpénzǐjiàng,覆盆子酱 fùpénzǐjiàng
2146,olive oil,橄榄油,gǎnlǎnyóu,橄榄油 gǎnlǎnyóu
2147,flavoured oil,香油,xiāngyóu,香油 xiāngyóu
2148,oil,芝麻油,zhīmayóu sesame seed,芝麻油 zhīmayóu sesame seed
2149,cider vinegar,苹果醋,píngguǒcù,苹果醋 píngguǒcù
2150,malt vinegar,麦芽醋,màiyácù,麦芽醋 màiyácù
2151,ketchup,番茄酱,fānqiéjiàng,番茄酱 fānqiéjiàng
2152,corn oil,玉米油,yùmǐyóu,玉米油 yùmǐyóu
2153,groundnut oil,花生油,huāshēngyóu,花生油 huāshēngyóu
2154,vegetable oil,植物油,zhíwùyóu,植物油 zhíwùyóu
2155,vinegar,醋,cù,醋 cù
2156,French mustard,法式芥末酱,fǎshì jièmojiàng,法式芥末酱 fǎshì jièmojiàng
2157,wholegrain mustard,颗粒芥末酱,kēlì jièmojiàng,颗粒芥末酱 kēlì jièmojiàng
2158,peanut butter,花生酱,huāshēngjiàng,花生酱 huāshēngjiàng
2159,sauce,调味汁,tiáowèizhī,调味汁 tiáowèizhī
2160,chutney,酸辣酱,suānlàjiàng,酸辣酱 suānlàjiàng
2161,chocolate spread,巧克力酱,qiǎokèlìjiàng,巧克力酱 qiǎokèlìjiàng
2162,rapeseed oil,菜籽油,càizǐyóu,菜籽油 càizǐyóu
2163,cold-pressed oil,冷榨油,lěngzhàyóu,冷榨油 lěngzhàyóu
2164,preserved fruit,罐装水果,guànzhuāngshuǐguǒ,罐装水果 guànzhuāngshuǐguǒ
2165,wine vinegar,酒醋,jiǔcù,酒醋 jiǔcù
2166,English mustard,英式芥末酱,yīngshì jièmojiàng,英式芥末酱 yīngshì jièmojiàng
2167,balsamic vinegar,香脂醋,xiāngzhīcù,香脂醋 xiāngzhīcù
2168,mayonnaise,蛋黄酱,dànhuángjiàng,蛋黄酱 dànhuángjiàng
2169,sealed jar,密封瓶,mìfēngpíng,密封瓶 mìfēngpíng
2170,goat’s milk,山羊奶,shānyángnǎi,山羊奶 shānyángnǎi
2171,milk carton,奶盒,nǎihé,奶盒 nǎihé
2172,semi-skimmed milk,半脱脂牛奶,bàntuōzhī niúnǎi,半脱脂牛奶 bàntuōzhī niúnǎi
2173,soft cheese,软奶酪,ruǎnnǎilào,软奶酪 ruǎnnǎilào
2174,condensed milk,炼乳,liànrǔ,炼乳 liànrǔ
2175,hard cheese,硬奶酪,yìngnǎilào,硬奶酪 yìngnǎilào
2176,blue cheese,蓝纹奶酪,lánwénnǎilào,蓝纹奶酪 lánwénnǎilào
2177,cheese,白干酪,báigānlào cottage,白干酪 báigānlào cottage
2178,cream cheese,奶油干酪,nǎiyóugānlào,奶油干酪 nǎiyóugānlào
2179,whole milk,纯牛奶,chúnniúnǎi,纯牛奶 chúnniúnǎi
2180,semi-hard cheese,半硬奶酪,bànyìngnǎilào,半硬奶酪 bànyìngnǎilào
2181,grated cheese,碎奶酪,suìnǎilào,碎奶酪 suìnǎilào
2182,semi-soft cheese,半软奶酪,bànruǎnnǎilào,半软奶酪 bànruǎnnǎilào
2183,skimmed milk,脱脂牛奶,tuōzhī niúnǎi,脱脂牛奶 tuōzhī niúnǎi
2184,yoghurt,酸奶,suānnǎi,酸奶 suānnǎi
2185,double cream,高脂肪奶油,gāozhīfángnǎiyóu,高脂肪奶油 gāozhīfángnǎiyóu
2186,milkshake,奶昔,nǎixī,奶昔 nǎixī
2187,frozen yoghurt,冻酸奶,dòngsuānnǎi,冻酸奶 dòngsuānnǎi
2188,sheep's milk,绵羊奶,miányángnǎi,绵羊奶 miányángnǎi
2189,buttermilk,酪乳,làorǔ,酪乳 làorǔ
2190,homogenised,均质,jūnzhì,均质 jūnzhì
2191,powdered milk,奶粉,nǎifěn,奶粉 nǎifěn
2192,whipped cream,掼奶油,guànnǎiyóu,掼奶油 guànnǎiyóu
2193,duck egg,鸭蛋,yādàn,鸭蛋 yādàn
2194,goose egg,鹅蛋,édàn,鹅蛋 édàn
2195,single cream,脱脂奶油,tuōzhīnǎiyóu,脱脂奶油 tuōzhīnǎiyóu
2196,lactose,乳糖,rǔtáng,乳糖 rǔtáng
2197,fat free,不含脂肪的,bùhánzhīfángde,不含脂肪的 bùhánzhīfángde
2198,pasteurized,已经过巴氏消毒的,yǐ jīngguò bāshìxiāodúde,已经过巴氏消毒的 yǐ jīngguò bāshìxiāodúde
2199,unpasteurized,未经过巴氏消毒的,wèi jīngguò bāshìxiāodúde,未经过巴氏消毒的 wèi jīngguò bāshìxiāodúde
2200,yolk,蛋黄,dànhuáng,蛋黄 dànhuáng
2201,butter,黄油,huángyóu,黄油 huángyóu
2202,egg white,蛋白,dànbái,蛋白 dànbái
2203,quail egg,鹌鹑蛋,ānchúndàn,鹌鹑蛋 ānchúndàn
2204,sour cream,酸奶油,suānnǎiyóu,酸奶油 suānnǎiyóu
2205,hen’s egg,鸡蛋,jīdàn,鸡蛋 jīdàn
2206,ice-cream,冰激凌,bīngjīlíng,冰激凌 bīngjīlíng
2207,margarine,人造黄油,rénzàohuángyóu,人造黄油 rénzàohuángyóu
2208,unsalted,无盐的,wúyánde,无盐的 wúyánde
2209,rye bread,黑面包,hēimiànbāo,黑面包 hēimiànbāo
2210,sliced bread,切片面包,qiēpiànmiànbāo,切片面包 qiēpiànmiànbāo
2211,wholemeal flour,全麦面粉,quánmàimiànfěn,全麦面粉 quánmàimiànfěn
2212,baguette,棍子面包,gùnzimiànbāo,棍子面包 gùnzimiànbāo
2213,yeast,酵母,jiàomǔ,酵母 jiàomǔ
2214,dough,生面团,shēng miàntuán,生面团 shēng miàntuán
2215,poppy seeds,罂粟籽,yīngsùzǐ,罂粟籽 yīngsùzǐ
2216,brown flour,黑麦面粉,hēimàimiànfěn,黑麦面粉 hēimàimiànfěn
2217,white flour,精白面粉,jīngbáimiànfěn,精白面粉 jīngbáimiànfěn
2218,flatbread,薄干脆饼,báogāncuìbǐng,薄干脆饼 báogāncuìbǐng
2219,bagel,硬面包圈百吉饼,"， yìngmiànbāoquān, bǎijíbǐng","硬面包圈百吉饼 ， yìngmiànbāoquān, bǎijíbǐng"
2220,pitta bread,皮塔饼,pítǎbǐng,皮塔饼 pítǎbǐng
2221,naan bread,印度式面包,yìndùshìmiànbāo,印度式面包 yìndùshìmiànbāo
2222,slicer,切片机,qiēpiànjī,切片机 qiēpiànjī
2223,baker,面包师,miànbāoshī,面包师 miànbāoshī
2224,prove (v),发酵,fājiào,发酵 fājiào
2225,glaze (v),浇糖,jiāotáng,浇糖 jiāotáng
2226,strong ﬂour,高筋面粉,gāojīnmiànfěn,高筋面粉 gāojīnmiànfěn
2227,self-raising ﬂour,自发粉,zìfāfěn,自发粉 zìfāfěn
2228,crust,面包皮,miànbāopí,面包皮 miànbāopí
2229,granary bread,麸皮面包,fūpímiànbāo,麸皮面包 fūpímiànbāo
2230,brown bread,黑面包,hēimiànbāo,黑面包 hēimiànbāo
2231,sourdough bread,酸面包,suānmiànbāo,酸面包 suānmiànbāo
2232,crispbread,薄脆饼干,báocuìbǐnggān,薄脆饼干 báocuìbǐnggān
2233,fruit bread,葡萄干面包,pútáogānmiànbāo,葡萄干面包 pútáogānmiànbāo
2234,breadcrumbs,面包屑,miànbāoxiè,面包屑 miànbāoxiè
2235,ﬂute,细长形面包,xìchángxíngmiànbāo,细长形面包 xìchángxíngmiànbāo
2236,wholemeal bread,全麦面包,quánmàimiànbāo,全麦面包 quánmàimiànbāo
2237,soda bread,苏打面包,sūdámiànbāo,苏打面包 sūdámiànbāo
2238,seeded bread,撒籽面包,sǎzǐmiànbāo,撒籽面包 sǎzǐmiànbāo
2239,rise (v),发起,fāqǐ,发起 fāqǐ
2240,plain ﬂour,中筋面粉,zhōngjīnmiànfěn,中筋面粉 zhōngjīnmiànfěn
2241,white bread,白面包,báimiànbāo,白面包 báimiànbāo
2242,corn bread,玉米面包,yùmǐmiànbāo,玉米面包 yùmǐmiànbāo
2243,loaf,面包块,miànbāokuài,面包块 miànbāokuài
2244,éclair,心点心,chángtiáo nǎiyóu jiāxīn diǎnxīn,心点心 chángtiáo nǎiyóu jiāxīn diǎnxīn
2245,muffin,松饼,sōngbing,松饼 sōngbing
2246,rice pudding,米饭布丁,mǐfàn bùdīng,米饭布丁 mǐfàn bùdīng
2247,celebration,庆祝会,qìngzhùhuì,庆祝会 qìngzhùhuì
2248,custard,蛋奶糕,dànnǎigāo,蛋奶糕 dànnǎigāo
2249,puff pastry,奶油泡芙,nǎiyóupàofú,奶油泡芙 nǎiyóupàofú
2250,chocolate coated,外覆巧克力,wàifù qiǎokèlì,外覆巧克力 wàifù qiǎokèlì
2251,filling,夹心,jiāxīn,夹心 jiāxīn
2252,meringue,蛋白甜饼,dànbái tiánbing,蛋白甜饼 dànbái tiánbing
2253,filo pastry,夹心酥,jiāxīnsū,夹心酥 jiāxīnsū
2254,May I have a slice please?,我可以吃一片吗,？ wǒ kěyǐ chī yīpiàn ma?,我可以吃一片吗 ？ wǒ kěyǐ chī yīpiàn ma?
2255,chocolate cake,巧克力蛋糕,qiǎokèlì dàngāo,巧克力蛋糕 qiǎokèlì dàngāo
2256,sponge cake,松糕,sōnggāo,松糕 sōnggāo
2257,fruit tart,水果馅饼,shuǐguǒ xiànbǐng,水果馅饼 shuǐguǒ xiànbǐng
2258,fruit cake,水果蛋糕,shuǐguǒ dàngāo,水果蛋糕 shuǐguǒ dàngāo
2259,choux pastry,油酥点心,yóusūdiǎnxīn,油酥点心 yóusūdiǎnxīn
2260,pastry,面团,miàntuán,面团 miàntuán
2261,sponge fingers,指形饼干,zhǐxíng bǐnggān,指形饼干 zhǐxíng bǐnggān
2262,trifle,蜜饯布丁,mìjiàn bùdīng,蜜饯布丁 mìjiàn bùdīng
2263,birthday candles,生日蜡烛,shēngrì làzhú,生日蜡烛 shēngrì làzhú
2264,blow out (v),吹熄,chuīxī,吹熄 chuīxī
2265,sorbet,果汁冰糕,guǒzhī bīnggāo,果汁冰糕 guǒzhī bīnggāo
2266,mousse,奶油冻慕思,"， nǎiyóudòng, mùsī","奶油冻慕思 ， nǎiyóudòng, mùsī"
2267,icing,糖霜,tángshuāng,糖霜 tángshuāng
2268,chocolate chip,巧克力脆片,qiǎokèlì cuìpiàn,巧克力脆片 qiǎokèlì cuìpiàn
2269,florentine,果仁巧克力脆饼,guǒrén qiǎokèlì cuìbǐng,果仁巧克力脆饼 guǒrén qiǎokèlì cuìbǐng
2270,decoration,装饰,zhuāngshì,装饰 zhuāngshì
2271,top tier,顶层,dǐngcéng,顶层 dǐngcéng
2272,bottom tier,底层,dǐcéng,底层 dǐcéng
2273,marzipan,杏仁糊,xìngrénhú,杏仁糊 xìngrénhú
2274,cream pie,奶油馅饼,nǎiyóu xiànbǐng,奶油馅饼 nǎiyóu xiànbǐng
2275,edam,伊丹奶酪,yīdānnǎilào,伊丹奶酪 yīdānnǎilào
2276,cheddar,切达干酪,qiēdá gānlào,切达干酪 qiēdá gānlào
2277,brie,布里干酪,bùlǐ gānlào,布里干酪 bùlǐ gānlào
2278,parmesan,帕尔马干酪,pà’ěrmǎ gānlào,帕尔马干酪 pà’ěrmǎ gānlào
2279,flan,果酱饼,guǒjiàngbing,果酱饼 guǒjiàngbing
2280,pepperoni,意大利辣香肠,yìdàlìlà xiāngcháng,意大利辣香肠 yìdàlìlà xiāngcháng
2281,pâté,肉酱,ròujiàng,肉酱 ròujiàng
2282,uncooked meat,生肉,shēngròu,生肉 shēngròu
2283,camembert,卡门贝干酪,kǎménbèi gānlào,卡门贝干酪 kǎménbèi gānlào
2284,mozzarella,莫泽雷勒干酪,mòzéléilè gānlào,莫泽雷勒干酪 mòzéléilè gānlào
2285,salami,萨拉米香肠,sàlāmǐ xiāngcháng,萨拉米香肠 sàlāmǐ xiāngcháng
2286,goat’s cheese,山羊奶酪,shānyáng nǎilào,山羊奶酪 shānyáng nǎilào
2287,manchego,蒙切各干酪,méngqiēgè gānlào,蒙切各干酪 méngqiēgè gānlào
2288,spicy sausage,辣香肠,làxiāngcháng,辣香肠 làxiāngcháng
2289,in oil,油渍,yóuzì,油渍 yóuzì
2290,in brine,卤制,lǔzhì,卤制 lǔzhì
2291,green olive,绿橄榄,lǜgǎnlǎn,绿橄榄 lǜgǎnlǎn
2292,chorizo,蒜味腊肠,suànwèilàcháng,蒜味腊肠 suànwèilàcháng
2293,stuffed olive,填馅橄榄,tiánxiàn gǎnlǎn,填馅橄榄 tiánxiàn gǎnlǎn
2294,prosciutto,意大利熏火腿,yìdàlì xūnhuǒtuǐ,意大利熏火腿 yìdàlì xūnhuǒtuǐ
2295,Take a number please.,请拿一个号,。 qǐng ná yīgè hào.,请拿一个号 。 qǐng ná yīgè hào.
2296,May I have six slices of that please?,我能尝尝吗,？ wǒ néng chángcháng ma? Can I try some of that please? qǐng lái liùpiàn.,我能尝尝吗 ？ wǒ néng chángcháng ma? Can I try some of that please? qǐng lái liùpiàn.
2297,black olive,黑橄榄,hēigǎnlǎn,黑橄榄 hēigǎnlǎn
2298,marinated,醋渍的,cùzìde,醋渍的 cùzìde
2299,smoked fish,熏鱼,xūnyú,熏鱼 xūnyú
2300,bread roll,小圆面包,xiǎoyuán miànbāo,小圆面包 xiǎoyuán miànbāo
2301,capers,马槟榔,mǎbīngláng,马槟榔 mǎbīngláng
2302,chili,辣椒,làjiāo,辣椒 làjiāo
2303,pies,西式馅饼派,"， xīshì xiànbǐng, pài","西式馅饼派 ， xīshì xiànbǐng, pài"
2304,cola,可乐,kělè,可乐 kělè
2305,still,非碳酸饮料,() fēitànsuān(yǐnliào),非碳酸饮料 () fēitànsuān(yǐnliào)
2306,lemonade,柠檬水,níngméng shuǐ,柠檬水 níngméng shuǐ
2307,tomato juice,番茄汁,fānqiézhī,番茄汁 fānqiézhī
2308,bottled water,瓶装水,píngzhuāng shuǐ,瓶装水 píngzhuāng shuǐ
2309,loose leaf tea,茶叶,cháyè,茶叶 cháyè
2310,teabag,茶包,chábāo,茶包 chábāo
2311,tap water,自来水,zìlái shuǐ,自来水 zìlái shuǐ
2312,sparkling,碳酸饮料,() tànsuān (yǐnliào),碳酸饮料 () tànsuān (yǐnliào)
2313,coffee,咖啡,kāfēi,咖啡 kāfēi
2314,malted drink,麦芽饮料,màiyáyǐnliào,麦芽饮料 màiyáyǐnliào
2315,tonic water,奎宁水,kuíníng shuǐ,奎宁水 kuíníng shuǐ
2316,orangeade,橘子水,júzi shuǐ,橘子水 júzi shuǐ
2317,soda water,苏打水,sūdá shuǐ,苏打水 sūdá shuǐ
2318,hot drinks,咖啡豆,kāfēidòu beans,咖啡豆 kāfēidòu beans
2319,hot chocolate,热巧克力,rèqiǎokèlì,热巧克力 rèqiǎokèlì
2320,grape juice,葡萄汁,pútáozhī,葡萄汁 pútáozhī
2321,tea,茶,chá,茶 chá
2322,straw,吸管,xīguǎn,吸管 xīguǎn
2323,ground coffee,咖啡末,kāfēimò,咖啡末 kāfēimò
2324,campari,堪培利酒,kānpéilìjiǔ,堪培利酒 kānpéilìjiǔ
2325,liqueur,利口酒,lìkǒujiǔ,利口酒 lìkǒujiǔ
2326,rosé (wine),玫瑰红葡萄酒,() méiguīhóng (pútáojiǔ),玫瑰红葡萄酒 () méiguīhóng (pútáojiǔ)
2327,sherry,雪利酒,xuělìjiǔ,雪利酒 xuělìjiǔ
2328,rum,朗姆酒,lǎngmǔjiǔ,朗姆酒 lǎngmǔjiǔ
2329,cider,苹果酒,píngguǒjiǔ,苹果酒 píngguǒjiǔ
2330,can,罐,guàn,罐 guàn
2331,beer,啤酒,píjiǔ,啤酒 píjiǔ
2332,champagne,香槟酒,xiāngbīnjiǔ,香槟酒 xiāngbīnjiǔ
2333,tequila,龙舌兰酒,lóngshélánjiǔ,龙舌兰酒 lóngshélánjiǔ
2334,brandy,白兰地,báilándì,白兰地 báilándì
2335,port,波尔图葡萄酒,bōěrtú pútáojiǔ,波尔图葡萄酒 bōěrtú pútáojiǔ
2336,white (wine),白葡萄酒,() bái (pútáojiǔ),白葡萄酒 () bái (pútáojiǔ)
2337,stout,浓烈黑啤酒,nóngliè hēipíjiǔ,浓烈黑啤酒 nóngliè hēipíjiǔ
2338,red (wine),红葡萄酒,() hóng (pútáojiǔ),红葡萄酒 () hóng (pútáojiǔ)
2339,eating out,外出就餐,wàichū jiùcān,外出就餐 wàichū jiùcān
2340,filter coffee,过滤式咖啡,guòlǜshì kāfēi,过滤式咖啡 guòlǜshì kāfēi
2341,iced coffee,冰咖啡,bīngkāfēi,冰咖啡 bīngkāfēi
2342,froth,泡沫,pàomò,泡沫 pàomò
2343,coffee machine,咖啡机,kāfēijī,咖啡机 kāfēijī
2344,black coffee,黑咖啡,hēikāfēi,黑咖啡 hēikāfēi
2345,white coffee,牛奶咖啡,niúnǎi kāfēi,牛奶咖啡 niúnǎi kāfēi
2346,espresso,意式浓缩咖啡,yìshìnóngsuō kāfēi,意式浓缩咖啡 yìshìnóngsuō kāfēi
2347,cocoa powder,可可粉,kěkěfěn,可可粉 kěkěfěn
2348,menu,菜单,càidān,菜单 càidān
2349,awning,遮阳篷,zhēyángpéng,遮阳篷 zhēyángpéng
2350,terrace café,露天咖啡座,lùtiān kāfēizuò,露天咖啡座 lùtiān kāfēizuò
2351,waiter,侍者,shìzhě,侍者 shìzhě
2352,cappuccino,卡布奇诺咖啡,kǎbùqínuò kāfēi,卡布奇诺咖啡 kǎbùqínuò kāfēi
2353,green tea,绿茶,lǜchá,绿茶 lǜchá
2354,tea with milk,奶茶,nǎichá,奶茶 nǎichá
2355,tea with lemon,柠檬茶,níngméngchá,柠檬茶 níngméngchá
2356,mint tea,薄荷茶,bòhechá,薄荷茶 bòhechá
2357,apple juice,苹果汁,píngguǒzhī,苹果汁 píngguǒzhī
2358,ice cream,冰激凌,bīngjīlíng,冰激凌 bīngjīlíng
2359,toasted  sandwich,烤三明治,kǎosānmíngzhì,烤三明治 kǎosānmíngzhì
2360,camomile tea,菊花茶,júhuāchá,菊花茶 júhuāchá
2361,iced tea,冰茶,bīngchá,冰茶 bīngchá
2362,pineapple juice,菠萝汁,bōluózhī,菠萝汁 bōluózhī
2363,herbal tea,草药茶,cǎoyàochá,草药茶 cǎoyàochá
2364,chocolate milkshake,巧克力奶昔,qiǎokèlì nǎixī,巧克力奶昔 qiǎokèlì nǎixī
2365,black tea,红茶,hóngchá,红茶 hóngchá
2366,coffee milkshake,咖啡奶昔,kāfēi nǎixī,咖啡奶昔 kāfēi nǎixī
2367,salad,沙拉,shālā,沙拉 shālā
2368,orange juice,橘子汁,júzizhī,橘子汁 júzizhī
2369,bar counter,吧台,bātái,吧台 bātái
2370,stirrer,搅拌棒,jiǎobànbàng,搅拌棒 jiǎobànbàng
2371,coaster,杯垫,bēidiàn,杯垫 bēidiàn
2372,beer tap,啤酒龙头,píjiǔ lóngtóu,啤酒龙头 píjiǔ lóngtóu
2373,bartender,酒保,jiǔbǎo,酒保 jiǔbǎo
2374,tongs,夹钳,jiáqián,夹钳 jiáqián
2375,cocktail shaker,鸡尾酒调制器,jīwěijiǔ tiáozhìqì,鸡尾酒调制器 jīwěijiǔ tiáozhìqì
2376,ice bucket,冰桶,bīngtǒng,冰桶 bīngtǒng
2377,bar stool,酒吧椅,jiǔbāyǐ,酒吧椅 jiǔbāyǐ
2378,ashtray,烟灰缸,yānhuīgāng,烟灰缸 yānhuīgāng
2379,measure,量杯,liángbēi,量杯 liángbēi
2380,optic,量杯,liángbēi,量杯 liángbēi
2381,pitcher,水罐,shuǐguàn,水罐 shuǐguàn
2382,vodka and orange,加橙汁伏特加酒,jiāchéngzhī fútèjiājiǔ,加橙汁伏特加酒 jiāchéngzhī fútèjiājiǔ
2383,peanuts,花生,huāshēng,花生 huāshēng
2384,double,双份,shuāngfèn,双份 shuāngfèn
2385,gin and tonic,奎宁杜松子酒,kuíníng dùsōngzǐjiǔ,奎宁杜松子酒 kuíníng dùsōngzǐjiǔ
2386,with ice,加冰,jiābīng,加冰 jiābīng
2387,without ice,不加冰,bù jiābīng,不加冰 bù jiābīng
2388,cocktail,鸡尾酒,jīwěijiǔ,鸡尾酒 jīwěijiǔ
2389,wine,葡萄酒,pútáojiǔ,葡萄酒 pútáojiǔ
2390,scotch and water,加水威士忌,jiāshuǐ wēishìjì,加水威士忌 jiāshuǐ wēishìjì
2391,ice and lemon,冰和柠檬,bīng hé níngméng,冰和柠檬 bīng hé níngméng
2392,almonds,杏仁,xìngrén,杏仁 xìngrén
2393,cashewnuts,腰果,yāoguǒ,腰果 yāoguǒ
2394,martini,马提尼酒,mǎtíníjiǔ,马提尼酒 mǎtíníjiǔ
2395,ice cube,冰块,bīngkuài,冰块 bīngkuài
2396,a shot,一小杯,yì  xiǎobēi,一小杯 yì  xiǎobēi
2397,single,单份,dānfèn,单份 dānfèn
2398,rum and coke,加可乐朗姆酒,jiākělè lǎngmǔjiǔ,加可乐朗姆酒 jiākělè lǎngmǔjiǔ
2399,table setting,餐具摆放,cānjù bǎifàng,餐具摆放 cānjù bǎifàng
2400,service included,含服务费,hán fúwùfèi,含服务费 hán fúwùfèi
2401,service not included,不含服务费,bùhán fúwùfèi,不含服务费 bùhán fúwùfèi
2402,specials,特色菜,tèsècài,特色菜 tèsècài
2403,sweet trolley,甜食小车,tiánshí xiǎochē,甜食小车 tiánshí xiǎochē
2404,chef,主厨,zhǔchú,主厨 zhǔchú
2405,commis chef,助厨,zhùchú,助厨 zhùchú
2406,price,价格,jiàgé,价格 jiàgé
2407,bill,账单,zhàngdān,账单 zhàngdān
2408,receipt,收据,shōujù,收据 shōujù
2409,tray,托盘,tuōpán,托盘 tuōpán
2410,section,禁烟区,jìnyānqū non-smoking,禁烟区 jìnyānqū non-smoking
2411,evening menu,晚餐菜单,wǎncān càidān,晚餐菜单 wǎncān càidān
2412,wine list,酒单,jiǔdān,酒单 jiǔdān
2413,lunch menu,午餐菜单,wǔcān càidān,午餐菜单 wǔcān càidān
2414,buffet,自助餐,zìzhùcān,自助餐 zìzhùcān
2415,bar,酒吧,jiǔbā,酒吧 jiǔbā
2416,smoking section,吸烟区,xīyānqū,吸烟区 xīyānqū
2417,main course,主菜,zhǔcài,主菜 zhǔcài
2418,A table for two please.,要一张两人桌,。 yào yīzhāng liǎngrénzhuō.,要一张两人桌 。 yào yīzhāng liǎngrénzhuō.
2419,Can I see the menu/winelist please?,能让我看看菜单酒单吗,/？ néng ràng wǒ kànkan càidān/jiǔdān ma?,能让我看看菜单酒单吗 /？ néng ràng wǒ kànkan càidān/jiǔdān ma?
2420,Is there a ﬁxed price menu?,有固定价格菜单吗,？ yǒu gùdìng jiàgé càidān ma?,有固定价格菜单吗 ？ yǒu gùdìng jiàgé càidān ma?
2421,Do you have any vegetarian dishes?,有素食吗,？ yǒu sùshí ma?,有素食吗 ？ yǒu sùshí ma?
2422,Could I have the bill/a receipt please?,请给我账单收据,/。 qǐng gěi wǒ zhàngdān/shōujù.,请给我账单收据 /。 qǐng gěi wǒ zhàngdān/shōujù.
2423,Can we pay separately?,我们能分开结账吗,？ wǒmen néng fēnkāi jiézhàng ma?,我们能分开结账吗 ？ wǒmen néng fēnkāi jiézhàng ma?
2424,"Where are the toilets, please?",请问卫生间在哪儿,？ qǐngwèn wèishēngjiān zàinǎ’er?,请问卫生间在哪儿 ？ qǐngwèn wèishēngjiān zàinǎ’er?
2425,apéritif,开胃酒,kāiwèijiǔ,开胃酒 kāiwèijiǔ
2426,soup,汤,tāng,汤 tāng
2427,child’s meal,儿童套餐,értóng tàocān,儿童套餐 értóng tàocān
2428,dessert,餐后甜点,cānhòu tiándiǎn,餐后甜点 cānhòu tiándiǎn
2429,coffee spoon,咖啡匙,kāfēichí,咖啡匙 kāfēichí
2430,side order,配菜,pèicài,配菜 pèicài
2431,starter,开胃酒,kāiwèijiǔ,开胃酒 kāiwèijiǔ
2432,Can I have that to go please?,我带走吃,。 wǒ dàizǒu chī.,我带走吃 。 wǒ dàizǒu chī.
2433,Do you deliver?,你们提供送餐服务吗,？ nǐmen tígōng sòngcānfúwù ma?,你们提供送餐服务吗 ？ nǐmen tígōng sòngcānfúwù ma?
2434,paper napkin,餐巾纸,cānjīnzhǐ,餐巾纸 cānjīnzhǐ
2435,french fries,薯条,shǔtiáo,薯条 shǔtiáo
2436,canned drink,罐装饮料,guànzhuāng yǐnliào,罐装饮料 guànzhuāng yǐnliào
2437,pizza,比萨饼,bǐsàbǐng,比萨饼 bǐsàbǐng
2438,burger,汉堡包,hànbǎobāo,汉堡包 hànbǎobāo
2439,pizza parlour,比萨饼店,bǐsàbǐngdiàn,比萨饼店 bǐsàbǐngdiàn
2440,burger bar,快餐店,kuàicāndiàn,快餐店 kuàicāndiàn
2441,eat-in,店内用餐,diànnèi yòngcān,店内用餐 diànnèi yòngcān
2442,take-away,外带,wàidài,外带 wàidài
2443,re-heat (v),重新加热,chóngxīn jiārè,重新加热 chóngxīn jiārè
2444,tomato sauce,番茄酱,fānqiéjiàng,番茄酱 fānqiéjiàng
2445,soft drink,软饮料,ruǎn yǐnliào,软饮料 ruǎn yǐnliào
2446,price list,价目表,jiàmùbiǎo,价目表 jiàmùbiǎo
2447,savoury,开胃的,kāiwèide,开胃的 kāiwèide
2448,wrap,菜卷,càijuǎn,菜卷 càijuǎn
2449,sausage,香肠,xiāngcháng,香肠 xiāngcháng
2450,topping,装饰配料,zhuāngshìpèiliào,装饰配料 zhuāngshìpèiliào
2451,chicken nuggets,鸡块,jīkuài,鸡块 jīkuài
2452,ribs,肋排,lèipái,肋排 lèipái
2453,kebab,烤肉串,kǎoròuchuàn,烤肉串 kǎoròuchuàn
2454,sandwich,三明治,sānmíngzhì,三明治 sānmíngzhì
2455,chicken burger,鸡肉汉堡,jīròu hànbǎo,鸡肉汉堡 jīròu hànbǎo
2456,club sandwich,总汇三明治,zǒnghuì sānmíngzhì,总汇三明治 zǒnghuì sānmíngzhì
2457,fish and chips,鱼和薯条,yú hé shǔtiáo,鱼和薯条 yú hé shǔtiáo
2458,veggie burger,蔬菜汉堡,shūcài hànbǎo,蔬菜汉堡 shūcài hànbǎo
2459,mustard,芥末,jièmo,芥末 jièmo
2460,open sandwich,单片三明治,dānpiàn sānmíngzhì,单片三明治 dānpiàn sānmíngzhì
2461,hamburger,汉堡包,hànbǎobāo,汉堡包 hànbǎobāo
2462,fried chicken,炸鸡,zhájī,炸鸡 zhájī
2463,croissant,羊角面包,yángjiǎo miànbāo,羊角面包 yángjiǎo miànbāo
2464,milk,牛奶,niúnǎi,牛奶 niúnǎi
2465,dried fruit,干果,gānguǒ,干果 gānguǒ
2466,fruit juice,果汁,guǒzhī,果汁 guǒzhī
2467,jam,果酱,guǒjiàng,果酱 guǒjiàng
2468,breakfast buffet,自助早餐,zìzhùzǎocān,自助早餐 zìzhùzǎocān
2469,fried egg,煎蛋,jiāndàn,煎蛋 jiāndàn
2470,toast,烤面包,kǎomiànbāo,烤面包 kǎomiànbāo
2471,porridge,麦片粥,màipiànzhōu,麦片粥 màipiànzhōu
2472,waffles,华夫饼,huáfūbǐng,华夫饼 huáfūbǐng
2473,boiled egg,煮鸡蛋,zhǔjīdàn,煮鸡蛋 zhǔjīdàn
2474,kippers,熏鲱鱼,xūnfēiyú,熏鲱鱼 xūnfēiyú
2475,bread,面包,miànbāo,面包 miànbāo
2476,black pudding,猪血香肠,zhūxuè xiāngcháng,猪血香肠 zhūxuè xiāngcháng
2477,scrambled eggs,炒鸡蛋,chǎojīdàn,炒鸡蛋 chǎojīdàn
2478,pancakes,薄煎饼,báojiānbǐng,薄煎饼 báojiānbǐng
2479,fruit yoghurt,果味酸奶,guǒwèisuānnǎi,果味酸奶 guǒwèisuānnǎi
2480,brioche,奶油糕点,nǎiyóugāodiǎn,奶油糕点 nǎiyóugāodiǎn
2481,fresh fruit,鲜果,xiānguǒ,鲜果 xiānguǒ
2482,french toast,法式吐司,fǎshìtǔsī,法式吐司 fǎshìtǔsī
2483,English breakfast,英式早餐,yīngshì zǎocān,英式早餐 yīngshì zǎocān
2484,green salad,蔬菜沙拉,shūcàishālā,蔬菜沙拉 shūcàishālā
2485,pasta,意大利面食,yìdàlì miànshí,意大利面食 yìdàlì miànshí
2486,omelette,煎蛋饼,jiāndànbǐng,煎蛋饼 jiāndànbǐng
2487,noodles,面条,miàntiáo,面条 miàntiáo
2488,mixed salad,什锦沙拉,shíjǐnshālā,什锦沙拉 shíjǐnshālā
2489,in syrup,枫糖浸泡,fēngtángjìnpào,枫糖浸泡 fēngtángjìnpào
2490,study,学习,xuéxí,学习 xuéxí
2491,history,历史,lìshǐ,历史 lìshǐ
2492,languages,语言,yǔyán,语言 yǔyán
2493,literature,文学,wénxué,文学 wénxué
2494,geography,地理,dìlǐ,地理 dìlǐ
2495,school bag,书包,shūbāo,书包 shūbāo
2496,schoolgirl,女生,nǚshēng,女生 nǚshēng
2497,blackboard,黑板,hēibǎn,黑板 hēibǎn
2498,desk,课桌,kèzhuō,课桌 kèzhuō
2499,school uniform,校服,xiàofú,校服 xiàofú
2500,physics,物理,wùlǐ,物理 wùlǐ
2501,chemistry,化学,huàxué,化学 huàxué
2502,biology,生物学,shēngwùxué,生物学 shēngwùxué
2503,education,体育,tǐyù physical,体育 tǐyù physical
2504,science,自然科学,zìránkēxué,自然科学 zìránkēxué
2505,art,艺术,yìshù,艺术 yìshù
2506,music,音乐,yīnyuè,音乐 yīnyuè
2507,maths,数学,shùxué,数学 shùxué
2508,nib,笔尖,bǐjiān,笔尖 bǐjiān
2509,colouring pencil,彩色铅笔,cǎisèqiānbǐ,彩色铅笔 cǎisèqiānbǐ
2510,notebook,笔记本,bǐjìběn,笔记本 bǐjìběn
2511,rubber,橡皮,xiàngpí,橡皮 xiàngpí
2512,grade,评分,píngfēn,评分 píngfēn
2513,year,年级,niánjí,年级 niánjí
2514,dictionary,字典,zìdiǎn,字典 zìdiǎn
2515,encyclopedia,百科全书,bǎikēquánshū,百科全书 bǎikēquánshū
2516,head teacher,校长,xiàozhǎng,校长 xiàozhǎng
2517,lesson,课,kè,课 kè
2518,question,问题,wèntí,问题 wèntí
2519,take notes (v),记笔记,jìbǐjì,记笔记 jìbǐjì
2520,sharpener,转笔刀,zhuǎnbǐdāo pencil,转笔刀 zhuǎnbǐdāo pencil
2521,pen,钢笔,gāngbǐ,钢笔 gāngbǐ
2522,answer,答案,dáàn,答案 dáàn
2523,homework,作业,zuòyè,作业 zuòyè
2524,essay,作文,zuòwén,作文 zuòwén
2525,overhead projector,幻灯机,huàndēngjī,幻灯机 huàndēngjī
2526,pencil,铅笔,qiānbǐ,铅笔 qiānbǐ
2527,pyramid,棱锥体,léngzhuītǐ,棱锥体 léngzhuītǐ
2528,hypotenuse,斜边,xiébiān,斜边 xiébiān
2529,arc,弧,hú,弧 hú
2530,centre,圆心,yuánxīn,圆心 yuánxīn
2531,base,底,dǐ,底 dǐ
2532,circumference,圆周,yuánzhōu,圆周 yuánzhōu
2533,triangle,三角形,sānjiǎoxíng,三角形 sānjiǎoxíng
2534,octagon,八边形,bābiānxíng,八边形 bābiānxíng
2535,pentagon,五边形,wǔbiānxíng,五边形 wǔbiānxíng
2536,rhombus,菱形,língxíng,菱形 língxíng
2537,square,正方形,zhèngfāngxíng,正方形 zhèngfāngxíng
2538,cylinder,圆柱体,yuánzhùtǐ,圆柱体 yuánzhùtǐ
2539,diagonal,对角线,duìjiǎoxiàn,对角线 duìjiǎoxiàn
2540,diameter,直径,zhíjìng,直径 zhíjìng
2541,side,面,miàn,面 miàn
2542,oval,椭圆形,tuǒyuánxíng,椭圆形 tuǒyuánxíng
2543,circle,圆形,yuánxíng,圆形 yuánxíng
2544,trapezium,梯形,tīxíng,梯形 tīxíng
2545,cone,圆锥体,yuánzhuītǐ,圆锥体 yuánzhuītǐ
2546,apex,顶点,dǐngdiǎn,顶点 dǐngdiǎn
2547,parallelogram,平行四边形,píngxíngsìbiānxíng,平行四边形 píngxíngsìbiānxíng
2548,rectangle,长方形,chángfāngxíng,长方形 chángfāngxíng
2549,cube,立方体,lìfāngtǐ,立方体 lìfāngtǐ
2550,angle,角,jiǎo,角 jiǎo
2551,sphere,球体,qiútǐ,球体 qiútǐ
2552,hexagon,六边形,liùbiānxíng,六边形 liùbiānxíng
2553,numerator,分子,fēnzǐ,分子 fēnzǐ
2554,protractor,量角器,liángjiǎoqì,量角器 liángjiǎoqì
2555,area,面积,miànjī,面积 miànjī
2556,compass,圆规,yuánguī,圆规 yuánguī
2557,height,高,gāo,高 gāo
2558,depth,纵深,zòngshēn,纵深 zòngshēn
2559,fraction,分数,fēnshù,分数 fēnshù
2560,equation,等式,děngshì,等式 děngshì
2561,percentage,百分比,bǎifēnbǐ,百分比 bǎifēnbǐ
2562,add (v),加,jiā,加 jiā
2563,subtract (v),减,jiǎn,减 jiǎn
2564,times,倍,bèi,倍 bèi
2565,divided by,除以,chúyǐ,除以 chúyǐ
2566,geometry,几何,jǐhé,几何 jǐhé
2567,arithmetic,算术,suànshù,算术 suànshù
2568,curved,弯曲,wānqū,弯曲 wānqū
2569,perpendicular,垂直,chuízhí,垂直 chuízhí
2570,calculator,计算器,jìsuànqì,计算器 jìsuànqì
2571,volume,体积,tǐjī,体积 tǐjī
2572,ruler,直尺,zhíchǐ,直尺 zhíchǐ
2573,width,宽,kuān,宽 kuān
2574,dimensions,尺寸,chǐcùn,尺寸 chǐcùn
2575,equals,等于,děngyú,等于 děngyú
2576,count (v),计数,jìshù,计数 jìshù
2577,set square,三角板,sānjiǎobǎn,三角板 sānjiǎobǎn
2578,multiply (v),乘,chéng,乘 chéng
2579,divide (v),除,chú,除 chú
2580,denominator,分母,fēnmǔ,分母 fēnmǔ
2581,length,长,cháng,长 cháng
2582,parallel,平行,píngxíng,平行 píngxíng
2583,plus,正,zhèng,正 zhèng
2584,minus,负,fù,负 fù
2585,bunsen burner,本生灯,běnshēngdēng,本生灯 běnshēngdēng
2586,spring balance,弹簧秤,tánhuángchèng,弹簧秤 tánhuángchèng
2587,rack,试管架,shìguǎnjià,试管架 shìguǎnjià
2588,timer,计时器,jìshíqì,计时器 jìshíqì
2589,funnel,漏斗,lòudǒu,漏斗 lòudǒu
2590,clamp stand,夹钳座,jiáqiánzuò,夹钳座 jiáqiánzuò
2591,stopper,瓶塞,píngsāi,瓶塞 píngsāi
2592,crucible,坩埚,gānguō,坩埚 gānguō
2593,weight,砝码,fǎmǎ,砝码 fǎmǎ
2594,petri dish,培养皿,péiyǎngmǐn,培养皿 péiyǎngmǐn
2595,flask,烧瓶,shāopíng,烧瓶 shāopíng
2596,tripod,三脚架,sānjiǎojià,三脚架 sānjiǎojià
2597,test tube,试管,shìguǎn,试管 shìguǎn
2598,laboratory,实验室,shíyànshì,实验室 shíyànshì
2599,glass bottle,玻璃瓶,bōlipíng,玻璃瓶 bōlipíng
2600,negative electrode,负极,fùjí,负极 fùjí
2601,focusing knob,调焦旋钮,tiáojiāoxuánniǔ,调焦旋钮 tiáojiāoxuánniǔ
2602,objective lens,物镜,wùjìng,物镜 wùjìng
2603,stage,载物台,zǎiwùtái,载物台 zǎiwùtái
2604,beaker,烧杯,shāobēi,烧杯 shāobēi
2605,magnet,磁铁,cítiě,磁铁 cítiě
2606,glass rod,玻璃棒,bōlíbàng,玻璃棒 bōlíbàng
2607,eyepiece,目镜,mùjìng,目镜 mùjìng
2608,slide,载玻片,zǎibōpiàn,载玻片 zǎibōpiàn
2609,crocodile clip,鳄鱼夹,èyújiá,鳄鱼夹 èyújiá
2610,pipette,吸管,xīguǎn,吸管 xīguǎn
2611,positive electrode,正极,zhèngjí,正极 zhèngjí
2612,filter paper,滤纸,lǜzhǐ,滤纸 lǜzhǐ
2613,book,书,shū,书 shū
2614,title,书名,shūmíng,书名 shūmíng
2615,library card,借书证,jièshūzhèng,借书证 jièshūzhèng
2616,reading room,阅览室,yuèlǎnshì,阅览室 yuèlǎnshì
2617,reading list,推荐书目,tuījiànshūmù,推荐书目 tuījiànshūmù
2618,return date,还书日期,huánshūrìqī,还书日期 huánshūrìqī
2619,residence,学生宿舍,xuéshēngsùshè hall of,学生宿舍 xuéshēngsùshè hall of
2620,librarian,图书管理员,túshūguǎnlǐyuán,图书管理员 túshūguǎnlǐyuán
2621,journal,杂志,zázhì,杂志 zázhì
2622,loans desk,借书处,jièshūchù,借书处 jièshūchù
2623,health centre,健康中心,jiànkāngzhōngxīn,健康中心 jiànkāngzhōngxīn
2624,sports field,运动场,yùndòngchǎng,运动场 yùndòngchǎng
2625,refectory,学生食堂,xuéshēngshítáng,学生食堂 xuéshēngshítáng
2626,catalogue,书目,shūmù,书目 shūmù
2627,periodical,期刊,qīkān,期刊 qīkān
2628,admissions,招生办,zhāoshēngbàn,招生办 zhāoshēngbàn
2629,enquiries,问询处,wènxúnchù,问询处 wènxúnchù
2630,borrow (v),借入,jièrù,借入 jièrù
2631,reserve (v),预订,yùdìng,预订 yùdìng
2632,renew (v),续借,xùjiè,续借 xùjiè
2633,research,研究,yánjiū,研究 yánjiū
2634,masters,硕士学位,shuòshìxuéwèi,硕士学位 shuòshìxuéwèi
2635,doctorate,博士学位,bóshìxuéwèi,博士学位 bóshìxuéwèi
2636,thesis,论文,lùnwén,论文 lùnwén
2637,model,模特,mótè,模特 mótè
2638,zoology,动物学,dòngwùxué,动物学 dòngwùxué
2639,politics,政治学,zhèngzhìxué,政治学 zhèngzhìxué
2640,scholarship,奖学金,jiǎngxuéjīn,奖学金 jiǎngxuéjīn
2641,diploma,文凭,wénpíng,文凭 wénpíng
2642,degree,学位,xuéwèi,学位 xuéwèi
2643,postgraduate,研究生阶段的,yánjiūshēng jiēduànde,研究生阶段的 yánjiūshēng jiēduànde
2644,music school,音乐学院,yīnyuèxuéyuàn,音乐学院 yīnyuèxuéyuàn
2645,graduate,毕业生,bìyèshēng,毕业生 bìyèshēng
2646,philosophy,哲学,zhéxué,哲学 zhéxué
2647,history of art,艺术史,yìshùshǐ,艺术史 yìshùshǐ
2648,economics,经济学,jīngjìxué,经济学 jīngjìxué
2649,dance academy,舞蹈学院,wǔdǎoxuéyuàn,舞蹈学院 wǔdǎoxuéyuàn
2650,undergraduate,大学生,dàxuéshēng,大学生 dàxuéshēng
2651,dissertation,学位论文,() (xuéwèi) lùnwén,学位论文 () (xuéwèi) lùnwén
2652,department,系,xì,系 xì
2653,law,法律,fǎlǜ,法律 fǎlǜ
2654,engineering,工程学,gōngchéngxué,工程学 gōngchéngxué
2655,art college,美术学院,měishùxuéyuàn,美术学院 měishùxuéyuàn
2656,lecturer,讲师,jiǎngshī,讲师 jiǎngshī
2657,work,工作,gōngzuò,工作 gōngzuò
2658,label,标签,biāoqiān,标签 biāoqiān
2659,wastebasket,废纸篓,fèizhǐlǒu,废纸篓 fèizhǐlǒu
2660,enlarge (v),放大,fàngdà,放大 fàngdà
2661,reduce (v),缩小,suōxiǎo,缩小 suōxiǎo
2662,swivel chair,转椅,zhuànyǐ,转椅 zhuànyǐ
2663,paper guide,送纸器,sòngzhǐqì,送纸器 sòngzhǐqì
2664,desktop organizer,笔筒,bǐtǒng,笔筒 bǐtǒng
2665,paper tray,纸盒,zhǐhé,纸盒 zhǐhé
2666,in-tray,收件篮,shōujiànlán,收件篮 shōujiànlán
2667,print (v),打印,dǎyìn,打印 dǎyìn
2668,copy (v),复印,fùyìn,复印 fùyìn
2669,keyboard,键盘,jiànpán,键盘 jiànpán
2670,filing cabinet,文件柜,wénjiànguì,文件柜 wénjiànguì
2671,out-tray,发件篮,fājiànlán,发件篮 fājiànlán
2672,drawer unit,组合抽屉,zǔhéchōutì,组合抽屉 zǔhéchōutì
2673,computer,计算机,jìsuànjī,计算机 jìsuànjī
2674,telephone,电话,diànhuà,电话 diànhuà
2675,I need to make some copies.,我要复印,。 wǒ yào fùyìn.,我要复印 。 wǒ yào fùyìn.
2676,rubber stamp,橡皮图章,xiàngpítúzhāng,橡皮图章 xiàngpítúzhāng
2677,note pad,便笺,biànjiān,便笺 biànjiān
2678,lever arch file,盒式文件夹,héshì wénjiànjiā,盒式文件夹 héshì wénjiànjiā
2679,stapler,订书机,dìngshūjī,订书机 dìngshūjī
2680,tape dispenser,胶带架,jiāodàijià,胶带架 jiāodàijià
2681,envelope,信封,xìnfēng,信封 xìnfēng
2682,letterhead,印有笺头的信纸,yìn yǒu jiāntóude xìnzhǐ,印有笺头的信纸 yìn yǒu jiāntóude xìnzhǐ
2683,ink pad,印台,yìntái,印台 yìntái
2684,bulldog clip,强力纸夹,qiánglìzhǐjiá,强力纸夹 qiánglìzhǐjiá
2685,paper clip,曲别针,qūbiézhēn,曲别针 qūbiézhēn
2686,divider,分隔页,fēngéyè,分隔页 fēngéyè
2687,box file,文件盒,wénjiànhé,文件盒 wénjiànhé
2688,personal organizer,备忘录,bèiwànglù,备忘录 bèiwànglù
2689,tab,标签,biāoqiān,标签 biāoqiān
2690,drawing pin,图钉,túdīng,图钉 túdīng
2691,clipboard,带纸夹的笔记板,dài zhǐjiáde bǐjìbǎn,带纸夹的笔记板 dài zhǐjiáde bǐjìbǎn
2692,concertina file,格式文件夹,géshì wénjiànjiā,格式文件夹 géshì wénjiànjiā
2693,sticky tape,透明胶带,tòumíngjiāodài,透明胶带 tòumíngjiāodài
2694,compliments slip,礼帖,lǐtiē,礼帖 lǐtiē
2695,rubber band,皮筋,píjīn,皮筋 píjīn
2696,hole punch,打孔器,dǎkǒngqì,打孔器 dǎkǒngqì
2697,hanging file,悬挂式文件夹,xuánguàshì wénjiànjiā,悬挂式文件夹 xuánguàshì wénjiànjiā
2698,staples,订书钉,dìngshūdīng,订书钉 dìngshūdīng
2699,easel,挂图架,guàtújià,挂图架 guàtújià
2700,flipchart,活动挂图,huódòngguàtú,活动挂图 huódòngguàtú
2701,report,报告,bàogào,报告 bàogào
2702,executive,主管,zhǔguǎn,主管 zhǔguǎn
2703,attend (v),参加,cānjiā,参加 cānjiā
2704,chair (v),主持,zhǔchí,主持 zhǔchí
2705,speaker,讲解人,jiǎngjiěrén,讲解人 jiǎngjiěrén
2706,projector,幻灯机,huàndēngjī,幻灯机 huàndēngjī
2707,proposal,提案,tí’àn,提案 tí’àn
2708,What time is the meeting?,什么时候开会,？ shénme shíhòu kāihuì?,什么时候开会 ？ shénme shíhòu kāihuì?
2709,What are your ofﬁce hours?,您几点上下班,？ nín jǐdiǎn shàngxiàbān?,您几点上下班 ？ nín jǐdiǎn shàngxiàbān?
2710,minutes,会议记录,huìyìjìlù,会议记录 huìyìjìlù
2711,meeting room,会议室,huìyìshì,会议室 huìyìshì
2712,agenda,议程,yìchéng,议程 yìchéng
2713,palmtop,掌上电脑,zhǎngshàng diànnǎo,掌上电脑 zhǎngshàng diànnǎo
2714,director,总经理,zǒngjīnglǐ managing,总经理 zǒngjīnglǐ managing
2715,businessman,商人,shāngrén,商人 shāngrén
2716,notes,笔记,bǐjì,笔记 bǐjì
2717,laptop,笔记本电脑,bǐjìběn diànnǎo,笔记本电脑 bǐjìběn diànnǎo
2718,accounts department,会计部,kuàijìbù,会计部 kuàijìbù
2719,marketing department,市场部,shìchǎngbù,市场部 shìchǎngbù
2720,sales department,销售部,xiāoshòubù,销售部 xiāoshòubù
2721,company,公司,gōngsī,公司 gōngsī
2722,head ofﬁce,总部总公司,"， zǒngbù, zǒnggōngsī","总部总公司 ， zǒngbù, zǒnggōngsī"
2723,branch,分部分公司,"， fēnbù, fēngōngsī","分部分公司 ， fēnbù, fēngōngsī"
2724,legal department,法律事务部,fǎlǜshìwùbù,法律事务部 fǎlǜshìwùbù
2725,customer service department,客户服务部,kèhùfúwùbù,客户服务部 kèhùfúwùbù
2726,personnel department,人力资源部,rénlìzīyuánbù,人力资源部 rénlìzīyuánbù
2727,businesswoman,女商人,nǚshāngrén,女商人 nǚshāngrén
2728,staff,员工,yuángōng,员工 yuángōng
2729,salary,薪水,xīnshuǐ,薪水 xīnshuǐ
2730,payroll,工资单,gōngzīdān,工资单 gōngzīdān
2731,server,服务器,fúwùqì,服务器 fúwùqì
2732,processor,处理器,chǔlǐqì,处理器 chǔlǐqì
2733,power cable,电源线,diànyuánxiàn,电源线 diànyuánxiàn
2734,memory,存储器,cúnchǔqì,存储器 cúnchǔqì
2735,RAM,随机存储器,suíjī cúnchǔqì,随机存储器 suíjī cúnchǔqì
2736,bytes,字节,zìjié,字节 zìjié
2737,system,系统,xìtǒng,系统 xìtǒng
2738,hardware,硬件,yìngjiàn,硬件 yìngjiàn
2739,hard drive,硬盘,yìngpán,硬盘 yìngpán
2740,scanner,扫描仪,sǎomiáoyí,扫描仪 sǎomiáoyí
2741,central processing unit,中央处理器,zhōngyāngchǔlǐqì,中央处理器 zhōngyāngchǔlǐqì
2742,software,软件,ruǎnjiàn,软件 ruǎnjiàn
2743,application,应用程序,yìngyòng chéngxù,应用程序 yìngyòng chéngxù
2744,program,程序,chéngxù,程序 chéngxù
2745,network,网络,wǎngluò,网络 wǎngluò
2746,mouse,鼠标,shǔbiāo,鼠标 shǔbiāo
2747,modem,调制解调器,tiáozhìjiětiáoqì,调制解调器 tiáozhìjiětiáoqì
2748,printer,打印机,dǎyìnjī,打印机 dǎyìnjī
2749,send (v),发送,fāsòng,发送 fāsòng
2750,receive (v),接收,jiēshōu,接收 jiēshōu
2751,service provider,服务商,fúwùshāng,服务商 fúwùshāng
2752,email account,电子邮件账户,diànzǐyóujiàn zhànghù,电子邮件账户 diànzǐyóujiàn zhànghù
2753,folder,文件夹,wénjiànjiā,文件夹 wénjiànjiā
2754,icon,图标,túbiāo,图标 túbiāo
2755,menubar,菜单栏,càidānlán,菜单栏 càidānlán
2756,website,网站,wǎngzhàn,网站 wǎngzhàn
2757,email address,电子邮件地址,diànzǐyóujiàn dìzhǐ,电子邮件地址 diànzǐyóujiàn dìzhǐ
2758,download (v),下载,xiàzǎi,下载 xiàzǎi
2759,attachment,附件,fùjiàn,附件 fùjiàn
2760,log on (v),登录,dēnglù,登录 dēnglù
2761,on-line,在线,zàixiàn,在线 zàixiàn
2762,font,字体,zìtǐ,字体 zìtǐ
2763,scrollbar,滚动条,gǔndòngtiáo,滚动条 gǔndòngtiáo
2764,inbox,收件箱,shōujiànxiāng,收件箱 shōujiànxiāng
2765,toolbar,工具栏,gōngjùlán,工具栏 gōngjùlán
2766,save (v),保存,bǎocún,保存 bǎocún
2767,search (v),搜索,sōusuǒ,搜索 sōusuǒ
2768,trash,回收站,huíshōuzhàn,回收站 huíshōuzhàn
2769,connect (v),连接,liánjiē,连接 liánjiē
2770,instal (v),安装,ānzhuāng,安装 ānzhuāng
2771,browser,浏览器,liúlǎnqì,浏览器 liúlǎnqì
2772,broadcast (v),播放,bōfàng,播放 bōfàng
2773,game show,游戏节目,yóuxìjiémù,游戏节目 yóuxìjiémù
2774,channel,频道,píndào,频道 píndào
2775,programming,节目编排,jiémùbiānpái,节目编排 jiémùbiānpái
2776,presenter,节目主持人,jiémùzhǔchírén,节目主持人 jiémùzhǔchírén
2777,cameraman,摄像师,shèxiàngshī,摄像师 shèxiàngshī
2778,set,布景,bùjǐng,布景 bùjǐng
2779,press,新闻媒体,xīnwénméitǐ,新闻媒体 xīnwénméitǐ
2780,series,电视连续剧,diànshì liánxùjù television,电视连续剧 diànshì liánxùjù television
2781,camera crane,摄像机升降器,shèxiàngjī shēngjiàngqì,摄像机升降器 shèxiàngjī shēngjiàngqì
2782,light,照明,zhàomíng,照明 zhàomíng
2783,news,新闻,xīnwén,新闻 xīnwén
2784,documentary,纪录片,jìlùpijìlùpiānn,纪录片 jìlùpijìlùpiānn
2785,cartoon,动画片,dònghuàpiān,动画片 dònghuàpiān
2786,prerecorded,录播,lùbō,录播 lùbō
2787,camera,摄像机,shèxiàngjī,摄像机 shèxiàngjī
2788,mixing desk,混音台,húnyīntái,混音台 húnyīntái
2789,microphone,话筒,huàtǒng,话筒 huàtǒng
2790,medium wave,中波,zhōngbō,中波 zhōngbō
2791,frequency,频率,pínlǜ,频率 pínlǜ
2792,tune (v),调音,tiáoyīn,调音 tiáoyīn
2793,DJ,流行音乐节目主持人,liúxíngyīnyuè jiémù zhǔchírén,流行音乐节目主持人 liúxíngyīnyuè jiémù zhǔchírén
2794,interviewer,采访记者,cǎifǎngjìzhě,采访记者 cǎifǎngjìzhě
2795,film set,电影布景,diànyǐngbùjǐng,电影布景 diànyǐngbùjǐng
2796,autocue,自动提示机,zìdòngtíshìjī,自动提示机 zìdòngtíshìjī
2797,sound technician,录音师,lùyīnshī,录音师 lùyīnshī
2798,radio station,广播电台,guǎngbōdiàntái,广播电台 guǎngbōdiàntái
2799,broadcast,广播,guǎngbō,广播 guǎngbō
2800,wavelength,波长,bōcháng,波长 bōcháng
2801,long wave,长波,chángbō,长波 chángbō
2802,short wave,短波,duǎnbō,短波 duǎnbō
2803,clapper board,场记板,chǎngjìbǎn,场记板 chǎngjìbǎn
2804,sound boom,录音吊杆,lùyīndiàogǎn,录音吊杆 lùyīndiàogǎn
2805,newsreader,新闻播音员,xīnwénbōyīnyuán,新闻播音员 xīnwénbōyīnyuán
2806,court case,诉讼案件,sùsòng ànjiàn,诉讼案件 sùsòng ànjiàn
2807,accused,被告,bèigào,被告 bèigào
2808,summons,传讯,chuánxùn,传讯 chuánxùn
2809,statement,陈辞,chéncí,陈辞 chéncí
2810,warrant,逮捕令,dàibǔlìng,逮捕令 dàibǔlìng
2811,jury,陪审团,péishěntuán,陪审团 péishěntuán
2812,prosecution,公诉,gōngsù,公诉 gōngsù
2813,lawyer,律师,lǜshī,律师 lǜshī
2814,witness,证人,zhèngrén,证人 zhèngrén
2815,writ,传票,chuánpiào,传票 chuánpiào
2816,court date,开庭日,kāitíngrì,开庭日 kāitíngrì
2817,plea,抗辩,kàngbiàn,抗辩 kàngbiàn
2818,court official,书记官,shūjìguān,书记官 shūjìguān
2819,court officer,庭警,tíngjǐng,庭警 tíngjǐng
2820,judge,法官,fǎguān,法官 fǎguān
2821,jury box,陪审席,péishěnxí,陪审席 péishěnxí
2822,lawyer’s ofﬁce,律师事务所,lǜshīshìwùsuǒ,律师事务所 lǜshīshìwùsuǒ
2823,legal advice,法律咨询,fǎlǜzīxún,法律咨询 fǎlǜzīxún
2824,I want to see a lawyer.,我要见律师,。 wǒ yào jiàn lǜshī.,我要见律师 。 wǒ yào jiàn lǜshī.
2825,Where is the courthouse?,法院在哪儿,? fǎyuàn zàinǎ’er?,法院在哪儿 ? fǎyuàn zàinǎ’er?
2826,Can I post bail?,我可以保释吗,? wǒ kěyǐ bǎoshì ma?,我可以保释吗 ? wǒ kěyǐ bǎoshì ma?
2827,guilty,有罪,yǒuzuì,有罪 yǒuzuì
2828,acquitted,无罪释放,wúzuìshìfàng,无罪释放 wúzuìshìfàng
2829,sentence,判刑,pànxíng,判刑 pànxíng
2830,defence,应诉方,yìngsùfāng,应诉方 yìngsùfāng
2831,criminal,罪犯,zuìfàn,罪犯 zuìfàn
2832,photofit,拼凑人像,pīncòurénxiàng I,拼凑人像 pīncòurénxiàng I
2833,bail,保释金,bǎoshìjīn,保释金 bǎoshìjīn
2834,appeal,上诉,shàngsù,上诉 shàngsù
2835,parole,假释,jiǎshì,假释 jiǎshì
2836,stenographer,速记员,sùjìyuán,速记员 sùjìyuán
2837,record,犯罪记录,fànzuìjìlù I criminal,犯罪记录 fànzuìjìlù I criminal
2838,evidence,证据,zhèngjù,证据 zhèngjù
2839,verdict,判决,pànjué,判决 pànjué
2840,innocent,无罪,wúzuì,无罪 wúzuì
2841,defendant,被告人,bèigàorén,被告人 bèigàorén
2842,cell,单人牢房,dānrénláofáng,单人牢房 dānrénláofáng
2843,pasture,牧场,mùchǎng,牧场 mùchǎng
2844,barn,谷仓,gǔcāng,谷仓 gǔcāng
2845,livestock,家畜,jiāchù,家畜 jiāchù
2846,outbuilding,附属建筑物,fùshǔ jiànzhùwù,附属建筑物 fùshǔ jiànzhùwù
2847,farmhouse,农舍,nóngshè,农舍 nóngshè
2848,cultivator,中耕机,zhōnggēngjī,中耕机 zhōnggēngjī
2849,vegetable plot,菜地,càidì,菜地 càidì
2850,farmer,农民,nóngmín,农民 nóngmín
2851,field,田地,tiándì,田地 tiándì
2852,farmland,农田,nóngtián,农田 nóngtián
2853,farmyard,农家场院,nóngjiā chǎngyuàn,农家场院 nóngjiā chǎngyuàn
2854,flock,羊群,yángqún,羊群 yángqún
2855,poultry farm,养鸡场,yǎngjīchǎng,养鸡场 yǎngjīchǎng
2856,trough,饲料槽,sìliàocáo,饲料槽 sìliàocáo
2857,plant (v),种植,zhòngzhí,种植 zhòngzhí
2858,herbicide,除草剂,chúcǎojì,除草剂 chúcǎojì
2859,milk (v),挤奶,jǐ’nǎi,挤奶 jǐ’nǎi
2860,vineyard,葡萄园,pútáoyuán,葡萄园 pútáoyuán
2861,dairy farm,乳牛场,rǔniúchǎng,乳牛场 rǔniúchǎng
2862,pig farm,养猪场,yǎngzhūchǎng,养猪场 yǎngzhūchǎng
2863,feed (v),饲养,sìyǎng,饲养 sìyǎng
2864,furrow,犁,lí,犁 lí
2865,vine,葡萄树,pútáoshù,葡萄树 pútáoshù
2866,fruit farm,果园,guǒyuán,果园 guǒyuán
2867,arable farm,种植园,zhòngzhíyuán,种植园 zhòngzhíyuán
2868,fish farm,养鱼场,yǎngyúchǎng,养鱼场 yǎngyúchǎng
2869,herd,牧群,mùqún,牧群 mùqún
2870,silo,地窖,dìjiào,地窖 dìjiào
2871,sheep farm,牧羊场,mùyángchǎng,牧羊场 mùyángchǎng
2872,plough (v),犁地,lídì,犁地 lídì
2873,sugarcane,甘蔗,gānzhè,甘蔗 gānzhè
2874,flax,亚麻,yàmá,亚麻 yàmá
2875,hay,干草,gāncǎo,干草 gāncǎo
2876,rapeseed,油菜籽,yóucàizǐ,油菜籽 yóucàizǐ
2877,bale,捆包,kǔnbāo,捆包 kǔnbāo
2878,cotton,棉花,miánhuā,棉花 miánhuā
2879,rice,水稻,shuǐdào,水稻 shuǐdào
2880,sunflower,向日葵,xiàngrìkuí,向日葵 xiàngrìkuí
2881,alfalfa,紫花苜蓿,zǐhuāmùxu,紫花苜蓿 zǐhuāmùxu
2882,scarecrow,稻草人,dàocǎorén,稻草人 dàocǎorén
2883,foal,马驹,mǎjū,马驹 mǎjū
2884,kid,小山羊,xiǎoshānyáng,小山羊 xiǎoshānyáng
2885,sheep,绵羊,miányáng,绵羊 miányáng
2886,duckling,小鸭,xiǎoyā,小鸭 xiǎoyā
2887,chicken coop,鸡舍,jīshè,鸡舍 jīshè
2888,stable,马厩,mǎjiù,马厩 mǎjiù
2889,cockerel,公鸡,gōngjī,公鸡 gōngjī
2890,donkey,驴,lǘ,驴 lǘ
2891,chick,小鸡,xiǎojī,小鸡 xiǎojī
2892,cow,母牛,mǔniú,母牛 mǔniú
2893,pig,猪,zhū,猪 zhū
2894,horse,马,mǎ,马 mǎ
2895,duck,鸭,yā,鸭 yā
2896,chicken,鸡,jī,鸡 jī
2897,piglet,小猪,xiǎozhū,小猪 xiǎozhū
2898,bull,公牛,gōngniú,公牛 gōngniú
2899,goat,山羊,shānyáng,山羊 shānyáng
2900,pigsty,猪圈,zhūjuàn,猪圈 zhūjuàn
2901,toolbelt,工具腰带,gōngjùyāodài,工具腰带 gōngjùyāodài
2902,hard hat,安全帽,ānquánmào,安全帽 ānquánmào
2903,cement mixer,水泥搅拌器,shuǐní jiǎobànqì,水泥搅拌器 shuǐní jiǎobànqì
2904,beam,梁,liáng,梁 liáng
2905,fork-lift truck,叉车,chāchē,叉车 chāchē
2906,scaffolding,脚手架,jiǎoshǒujià,脚手架 jiǎoshǒujià
2907,builder,建筑工人,jiànzhùgōngrén,建筑工人 jiànzhùgōngrén
2908,cement,水泥,shuǐní,水泥 shuǐní
2909,build (v),建造,jiànzào,建造 jiànzào
2910,rafter,椽子,chuánzǐ,椽子 chuánzǐ
2911,lintel,过梁,guòliáng,过梁 guòliáng
2912,building site,建筑工地,jiànzhùgōngdì,建筑工地 jiànzhùgōngdì
2913,pallet,承砖坯板,chéngzhuānpībǎn,承砖坯板 chéngzhuānpībǎn
2914,girder,大梁,dàliáng,大梁 dàliáng
2915,tarmac,柏油路面,bǎiyóulùmiàn,柏油路面 bǎiyóulùmiàn
2916,pickaxe,丁字镐,dīngzìgǎo,丁字镐 dīngzìgǎo
2917,sledgehammer,大锤,dàchuí,大锤 dàchuí
2918,shovel,铁锹,tiěqiāo,铁锹 tiěqiāo
2919,resurfacing,重铺路面,zhòngpū lùmiàn,重铺路面 zhòngpū lùmiàn
2920,roof tile,瓦片,wǎpiàn,瓦片 wǎpiàn
2921,timber,木材,mùcái,木材 mùcái
2922,support,支座,zhīzuò,支座 zhīzuò
2923,pneumatic drill,风钻,fēngzuàn,风钻 fēngzuàn
2924,concrete block,混凝土块,hùnníngtǔkuài,混凝土块 hùnníngtǔkuài
2925,dumper truck,翻斗卡车,fāndǒukǎchē,翻斗卡车 fāndǒukǎchē
2926,mechanical digger,挖掘机,wājuéjī,挖掘机 wājuéjī
2927,hook,吊钩,diàogōu,吊钩 diàogōu
2928,brick,砖,zhuān,砖 zhuān
2929,shop assistant,售货员,shòuhuòyuán,售货员 shòuhuòyuán
2930,florist,花商,huāshāng,花商 huāshāng
2931,gardener,园丁,yuándīng,园丁 yuándīng
2932,jeweller,珠宝匠,zhūbǎojiàng,珠宝匠 zhūbǎojiàng
2933,carpenter,木匠,mùjiàng,木匠 mùjiàng
2934,cleaner,吸尘器,xīchénqì vacuum,吸尘器 xīchénqì vacuum
2935,fishmonger,鱼贩,yúfàn,鱼贩 yúfàn
2936,plumber,水暖工,shuǐnuǎngōng,水暖工 shuǐnuǎngōng
2937,greengrocer,蔬菜水果商,shūcài shuǐguǒshāng,蔬菜水果商 shūcài shuǐguǒshāng
2938,electrician,电工,diàngōng,电工 diàngōng
2939,mechanic,机械师,jīxièshī,机械师 jīxièshī
2940,identity badge,徽章,huīzhāng,徽章 huīzhāng
2941,mask,口罩,kǒuzhào,口罩 kǒuzhào
2942,security guard,保安,bǎoān,保安 bǎoān
2943,optician,配镜师,pèijìngshī,配镜师 pèijìngshī
2944,policeman,警察,jǐngchá,警察 jǐngchá
2945,soldier,士兵,shìbīng,士兵 shìbīng
2946,fisherman,渔民,yúmín,渔民 yúmín
2947,machine-gun,机枪,jīqiāng,机枪 jīqiāng
2948,dentist,牙医,yáyī,牙医 yáyī
2949,estate agent,房地产商,fángdìchǎnshāng,房地产商 fángdìchǎnshāng
2950,sailor,水手,shuǐshǒu,水手 shuǐshǒu
2951,vet,兽医,shòuyī,兽医 shòuyī
2952,fireman,消防队员,xiāofángduìyuán,消防队员 xiāofángduìyuán
2953,travel agent,旅行代理,lǚxíngdàilǐ,旅行代理 lǚxíngdàilǐ
2954,air stewardess,空中小姐,kōngzhōngxiǎojiě,空中小姐 kōngzhōngxiǎojiě
2955,lorry driver,卡车司机,kǎchē sījī,卡车司机 kǎchē sījī
2956,scientist,科学家,kēxuéjiā,科学家 kēxuéjiā
2957,chef’s hat,厨师帽,chúshīmào,厨师帽 chúshīmào
2958,bus driver,公共汽车司机,gōnggòngqìchē sījī,公共汽车司机 gōnggòngqìchē sījī
2959,taxi driver,出租车司机,chūzūchē sījī,出租车司机 chūzūchē sījī
2960,pilot,飞行员,fēixíngyuán,飞行员 fēixíngyuán
2961,tutu,芭蕾舞裙,bālěiwǔqún,芭蕾舞裙 bālěiwǔqún
2962,waitress,女侍者,nǚshìzhě,女侍者 nǚshìzhě
2963,tailor,裁缝,cáiféng,裁缝 cáiféng
2964,editor,编辑,biānjí,编辑 biānjí
2965,sculptor,雕塑家,diāosùjiā,雕塑家 diāosùjiā
2966,designer,制图员,zhìtúyuán,制图员 zhìtúyuán
2967,dancer,舞蹈演员,wǔdǎoyǎnyuán,舞蹈演员 wǔdǎoyǎnyuán
2968,actor,演员,yǎnyuán,演员 yǎnyuán
2969,barman,酒保,jiǔbǎo,酒保 jiǔbǎo
2970,photographer,摄影师,shèyǐngshī,摄影师 shèyǐngshī
2971,painter,画家,huàjiā,画家 huàjiā
2972,singer,歌手,gēshǒu,歌手 gēshǒu
2973,seamstress,女缝纫师,nǚféngrènshī,女缝纫师 nǚféngrènshī
2974,sportsman,运动员,yùndòngyuán,运动员 yùndòngyuán
2975,journalist,新闻记者,xīnwén jìzhě,新闻记者 xīnwén jìzhě
2976,musician,音乐家,yīnyuèjiā,音乐家 yīnyuèjiā
2977,transport,交通运输,jiāotōngyùnshū,交通运输 jiāotōngyùnshū
2978,junction,交汇处,jiāohuìchù,交汇处 jiāohuìchù
2979,outside lane,外车道,wàichēdào,外车道 wàichēdào
2980,middle lane,中央车道,zhōngyāngchēdào,中央车道 zhōngyāngchēdào
2981,motorway,高速公路,gāosùgōnglù,高速公路 gāosùgōnglù
2982,road markings,路面标志,lùmiànbiāozhì,路面标志 lùmiànbiāozhì
2983,slip road,主路入口,zhǔlùrùkǒu,主路入口 zhǔlùrùkǒu
2984,traffic,交通,jiāotōng,交通 jiāotōng
2985,inside lane,内车道,nèichēdào,内车道 nèichēdào
2986,central reservation,中央分车带,zhōngyāng fēnchēdài,中央分车带 zhōngyāng fēnchēdài
2987,flyover,立交桥,lìjiāoqiáo,立交桥 lìjiāoqiáo
2988,one-way,单行,dānxíng,单行 dānxíng
2989,toll booth,收费站,shōufèizhàn,收费站 shōufèizhàn
2990,traffic light,交通信号灯,jiāotōng xìnhàodēng,交通信号灯 jiāotōng xìnhàodēng
2991,hard shoulder,硬质路肩,yìngzhìlùjiān,硬质路肩 yìngzhìlùjiān
2992,underpass,高架桥下通道,gāojià qiáoxià tōngdào,高架桥下通道 gāojià qiáoxià tōngdào
2993,exit ramp,出口,chūkǒu,出口 chūkǒu
2994,lorry,载重汽车,zàizhòngqìchē,载重汽车 zàizhòngqìchē
2995,carriageway,的复式车道,) (yǒu zhōngyāng fēngédàide) fùshì chēdào dual,的复式车道 ) (yǒu zhōngyāng fēngédàide) fùshì chēdào dual
2996,park (v),停车,tíngchē,停车 tíngchē
2997,drive (v),驾驶,jiàshǐ,驾驶 jiàshǐ
2998,reverse (v),倒车,dàochē,倒车 dàochē
2999,Is this the road to...?,这是去的路吗,... ？ zhèshìqù... de lù ma?,这是去的路吗 ... ？ zhèshìqù... de lù ma?
3000,Where can I park?,哪里可以停车,？ nǎli kěyǐ tíngchē?,哪里可以停车 ？ nǎli kěyǐ tíngchē?
3001,traffic policeman,交通警察,jiāotōng jǐngchá,交通警察 jiāotōng jǐngchá
3002,emergency phone,求救电话,qiújiù diànhuà,求救电话 qiújiù diànhuà
3003,disabled parking,残疾人停车处,cánjírén tíngchēchù,残疾人停车处 cánjírén tíngchēchù
3004,parking meter,停车计时收费器,tíngchē jìshí shōufèiqì,停车计时收费器 tíngchē jìshí shōufèiqì
3005,hazard,危险,wēixiǎn,危险 wēixiǎn
3006,no entry,禁行,jìnxíng,禁行 jìnxíng
3007,map,地图,dìtú,地图 dìtú
3008,roundabout,环行路,dàolù jiāochāchùde huánxínglù,环行路 dàolù jiāochāchùde huánxínglù
3009,diversion,绕行道路,ràoxíngdàolù,绕行道路 ràoxíngdàolù
3010,roadworks,道路施工,dàolùshīgōng,道路施工 dàolùshīgōng
3011,crash barrier,防撞护栏,fángzhuànghùlán,防撞护栏 fángzhuànghùlán
3012,pedestrian crossing,人行横道,rénxínghéngdào,人行横道 rénxínghéngdào
3013,speed limit,限速,xiànsù,限速 xiànsù
3014,overtake (v),超车,chāochē,超车 chāochē
3015,tow away (v),拖走,tuōzǒu,拖走 tuōzǒu
3016,traffic jam,人行横道,rénxínghéngdào,人行横道 rénxínghéngdào
3017,no stopping,禁止停车,jìnzhǐ tíngchē,禁止停车 jìnzhǐ tíngchē
3018,no right turn,禁止右转,jìnzhǐ yòuzhuǎn,禁止右转 jìnzhǐ yòuzhuǎn
3019,driver,司机,sījī,司机 sījī
3020,front wheel,前轮,qiánlún,前轮 qiánlún
3021,luggage hold,行李舱,xínglicāng,行李舱 xínglicāng
3022,trolley bus,无轨电车,wúguǐdiànchē,无轨电车 wúguǐdiànchē
3023,automatic door,自动门,zìdòngmén,自动门 zìdòngmén
3024,tram,有轨电车,yǒuguǐdiànchē,有轨电车 yǒuguǐdiànchē
3025,handrail,扶手,fúshǒu,扶手 fúshǒu
3026,driver’s seat,驾驶席,jiàshǐxí,驾驶席 jiàshǐxí
3027,route number,公交线路号,gōngjiāoxiànlùhào,公交线路号 gōngjiāoxiànlùhào
3028,double-decker bus,双层公共汽车,shuāngcéng gōnggòngqìchē,双层公共汽车 shuāngcéng gōnggòngqìchē
3029,wheelchair access,轮椅通道,lúnyǐ tōngdào,轮椅通道 lúnyǐ tōngdào
3030,bus shelter,公共汽车候车亭,gòngqìchē hòuchētíng,公共汽车候车亭 gòngqìchē hòuchētíng
3031,Which bus goes to…?,哪路车去,…？ nǎlù chē qù…?,哪路车去 …？ nǎlù chē qù…?
3032,minibus,小型公共汽车,xiǎoxíng gōnggòngqìchē,小型公共汽车 xiǎoxíng gōnggòngqìchē
3033,bus ticket,公共汽车票,gōnggòngqìchēpiào,公共汽车票 gōnggòngqìchēpiào
3034,bell,铃,líng,铃 líng
3035,rear wheel,后轮,hòulún,后轮 hòulún
3036,fare,车费,chēfèi,车费 chēfèi
3037,timetable,时刻表,shíkèbiǎo,时刻表 shíkèbiǎo
3038,bus station,公共汽车总站,gōnggòngqìchē zǒngzhàn,公共汽车总站 gōnggòngqìchē zǒngzhàn
3039,stop button,停车按钮,tíngchē ànniǔ,停车按钮 tíngchē ànniǔ
3040,bus stop,公共汽车站,gōnggòngqìchēzhàn,公共汽车站 gōnggòngqìchēzhàn
3041,Do you stop at…?,您在停吗,… ？ nín zài… ting ma?,您在停吗 … ？ nín zài… ting ma?
3042,wheel,车轮,chēlún,车轮 chēlún
3043,rearview mirror,内后视镜,nèihòushìjìng,内后视镜 nèihòushìjìng
3044,headlight,前灯,qiándēng,前灯 qiándēng
3045,roofrack,车顶行李架,chēdǐng xínglijià,车顶行李架 chēdǐng xínglijià
3046,bonnet,引擎盖,yǐnqínggài,引擎盖 yǐnqínggài
3047,seat belt,安全带,ānquándài,安全带 ānquándài
3048,indicator,转向灯,zhuànxiàngdēng,转向灯 zhuànxiàngdēng
3049,tyre,轮胎,lúntāi,轮胎 lúntāi
3050,door,车门,chēmén,车门 chēmén
3051,windscreen wiper,雨刷,yǔshuā,雨刷 yǔshuā
3052,licence plate,车牌,chēpái,车牌 chēpái
3053,tailgate,尾部车门,wěibùchēmén,尾部车门 wěibùchēmén
3054,boot,行李箱,xínglixiāng,行李箱 xínglixiāng
3055,windscreen,风挡,fēngdǎng,风挡 fēngdǎng
3056,child seat,儿童座椅,értóngzuòyǐ,儿童座椅 értóngzuòyǐ
3057,wing mirror,外后视镜,wàihòushìjìng,外后视镜 wàihòushìjìng
3058,air supply,轮胎充气机,lúntāi chōngqìjī,轮胎充气机 lúntāi chōngqìjī
3059,estate,客货两用车,kèhuò liǎngyòngchē,客货两用车 kèhuò liǎngyòngchē
3060,car wash,自动洗车站,zìdòngxǐ chēzhàn,自动洗车站 zìdòngxǐ chēzhàn
3061,antifreeze,防冻液,fángdòngyè,防冻液 fángdòngyè
3062,screenwash,喷水器,pēnshuǐqì,喷水器 pēnshuǐqì
3063,saloon,家庭轿车三厢车,"， jiātíng jiàochē, sānxiāngchē","家庭轿车三厢车 ， jiātíng jiàochē, sānxiāngchē"
3064,four-wheel drive,四轮驱动车,() sìlúnqūdòng(chē),四轮驱动车 () sìlúnqūdòng(chē)
3065,petrol,汽油,qìyóu,汽油 qìyóu
3066,unleaded,无铅,wúqiān,无铅 wúqiān
3067,"Fill the tank, please.",请加满油,。 qǐng jiāmǎn yóu.,请加满油 。 qǐng jiāmǎn yóu.
3068,convertible,敞篷车,chǎngpéngchē,敞篷车 chǎngpéngchē
3069,vintage,老式汽车,lǎoshìqìchē,老式汽车 lǎoshìqìchē
3070,petrol pump,汽油泵,qìyóubèng,汽油泵 qìyóubèng
3071,forecourt,加油处,jiāyóuchù,加油处 jiāyóuchù
3072,limousine,大型高级轿车,dàxínggāojí jiàochē,大型高级轿车 dàxínggāojí jiàochē
3073,hatchback,揭背式轿车,jiēbèishì jiàochē,揭背式轿车 jiēbèishì jiàochē
3074,sports car,跑车,pǎochē,跑车 pǎochē
3075,small car,微型车,wēixíngchē,微型车 wēixíngchē
3076,leaded,含铅,hánqiān,含铅 hánqiān
3077,diesel,柴油,cháiyóu,柴油 cháiyóu
3078,people carrier,六座厢式车,liùzuò xiāngshìchē,六座厢式车 liùzuò xiāngshìchē
3079,accelerator,加速器油门,"， jiāsùqì, yóumén","加速器油门 ， jiāsùqì, yóumén"
3080,air conditioning,空调,kōngtiáo,空调 kōngtiáo
3081,automatic,自动,zìdòng,自动 zìdòng
3082,ignition,点火,diǎnhuǒ,点火 diǎnhuǒ
3083,two-door,双门,shuāngmén,双门 shuāngmén
3084,three-door,三门,sānmén,三门 sānmén
3085,Where is the car park?,停车场在哪里,？ tíngchēchǎng zàinǎli?,停车场在哪里 ？ tíngchēchǎng zàinǎli?
3086,headrest,座椅头枕,zuòyǐ tóuzhěn,座椅头枕 zuòyǐ tóuzhěn
3087,door lock,门锁,ménsuǒ,门锁 ménsuǒ
3088,four-door,四门,sìmén,四门 sìmén
3089,manual,手动,shǒudòng,手动 shǒudòng
3090,Can I park here?,这儿可以停车吗,？ zhè’er kěyǐ tíngchē ma?,这儿可以停车吗 ？ zhè’er kěyǐ tíngchē ma?
3091,brake,刹车,shāchē,刹车 shāchē
3092,clutch,离合器,líhéqì,离合器 líhéqì
3093,Can you tell me the way to…?,您能告诉我去的路吗,...？ nín néng gàosù wǒ qù…de lù ma?,您能告诉我去的路吗 ...？ nín néng gàosù wǒ qù…de lù ma?
3094,armrest,扶手,fúshǒu,扶手 fúshǒu
3095,back seat,后座,hòuzuò,后座 hòuzuò
3096,car stereo,汽车音响,qìchē yīnxiǎng,汽车音响 qìchē yīnxiǎng
3097,air bag,安全气囊,ānquánqìnáng,安全气囊 ānquánqìnáng
3098,rev counter,转速表,zhuànsùbiǎo,转速表 zhuànsùbiǎo
3099,speedometer,车速表,chēsùbiǎo,车速表 chēsùbiǎo
3100,fuel gauge,油量表,yóuliàngbiǎo,油量表 yóuliàngbiǎo
3101,hazard lights,警示灯,jǐngshìdēng,警示灯 jǐngshìdēng
3102,dashboard,仪表盘,yíbiǎopán,仪表盘 yíbiǎopán
3103,odometer,里程表,lǐchéngbiǎo,里程表 lǐchéngbiǎo
3104,horn,喇叭,lǎba,喇叭 lǎba
3105,satellite navigation,卫星导航仪,wèixīng dǎohángyí,卫星导航仪 wèixīng dǎohángyí
3106,gearstick,变速杆,biànsùgǎn,变速杆 biànsùgǎn
3107,heater controls,暖风开关,nuǎnfēng kāiguān,暖风开关 nuǎnfēng kāiguān
3108,lights switch,车灯开关,chēdēng kāiguān,车灯开关 chēdēng kāiguān
3109,temperature gauge,温度计,wēndùjì,温度计 wēndùjì
3110,gearbox,变速箱,biànsùxiāng,变速箱 biànsùxiāng
3111,battery,电池,diànchí,电池 diànchí
3112,cylinder head,汽缸盖,qìgānggài,汽缸盖 qìgānggài
3113,screen wash reservoir,挡风玻璃清洗剂容器,dǎngfēng bōlí qīngxǐjì róngqì,挡风玻璃清洗剂容器 dǎngfēng bōlí qīngxǐjì róngqì
3114,brake fluid reservoir,制动液容器,zhìdòngyè róngqì,制动液容器 zhìdòngyè róngqì
3115,dipstick,量油计,liàngyóujì,量油计 liàngyóujì
3116,hubcap,轮毂盖,lúngǔgài,轮毂盖 lúngǔgài
3117,engine,发动机引擎,"， fādòngjī, yǐnqíng","发动机引擎 ， fādòngjī, yǐnqíng"
3118,sunroof,天窗,tiānchuāng,天窗 tiānchuāng
3119,bodywork,车身,chēshēn,车身 chēshēn
3120,coolant reservoir,冷却剂容器,lěngquèjì róngqì,冷却剂容器 lěngquèjì róngqì
3121,air filter,空气过滤器,kōngqìguòlǜqì,空气过滤器 kōngqìguòlǜqì
3122,driveshaft,驱动轴,qūdòngzhóu,驱动轴 qūdòngzhóu
3123,transmission,传动装置,chuándòng zhuāngzhì,传动装置 chuándòng zhuāngzhì
3124,car accident,车祸,chēhuò,车祸 chēhuò
3125,breakdown,故障,gùzhàng,故障 gùzhàng
3126,insurance,保险,bǎoxiǎn,保险 bǎoxiǎn
3127,tow truck,拖车,tuōchē,拖车 tuōchē
3128,tyre pressure,胎压,tāiyā,胎压 tāiyā
3129,spark plug,火花塞,huǒhuāsāi,火花塞 huǒhuāsāi
3130,fan belt,风扇皮带,fēngshànpídài,风扇皮带 fēngshànpídài
3131,petrol tank,油箱,yóuxiāng,油箱 yóuxiāng
3132,timing,点火定时,diǎnhuǒdìngshí,点火定时 diǎnhuǒdìngshí
3133,turbocharger,涡轮增压器,wōlúnzēngyāqì,涡轮增压器 wōlúnzēngyāqì
3134,distributor,配电器,pèidiànqì,配电器 pèidiànqì
3135,chassis,底盘,dǐpán,底盘 dǐpán
3136,handbrake,手刹车,shǒushāchē,手刹车 shǒushāchē
3137,alternator,交流发电机,jiāoliúfādiànjī,交流发电机 jiāoliúfādiànjī
3138,cam belt,轮轴皮带,lúnzhóupídài,轮轴皮带 lúnzhóupídài
3139,wheel nuts,固定螺母,gùdìngluómǔ,固定螺母 gùdìngluómǔ
3140,jack,千斤顶,qiānjīndǐng,千斤顶 qiānjīndǐng
3141,silencer,排气消音器,páiqìxiāoyīnqì,排气消音器 páiqìxiāoyīnqì
3142,exhaust pipe,排气管,páiqìguǎn,排气管 páiqìguǎn
3143,change a wheel (v),更换轮胎,gēnghuàn lúntāi,更换轮胎 gēnghuàn lúntāi
3144,suspension,汽车悬架,qìchēxuánjià,汽车悬架 qìchēxuánjià
3145,I’ve broken down.,我的车坏了,。 wǒ de chē huàile.,我的车坏了 。 wǒ de chē huàile.
3146,My car won’t start.,我的车发动不起来,。 wǒ de chē fādòng bù qǐlái.,我的车发动不起来 。 wǒ de chē fādòng bù qǐlái.
3147,Do you do repairs?,您修车吗,？ nín xiūchē ma,您修车吗 ？ nín xiūchē ma
3148,The engine is overheating,发动机过热,。 fādòngjī guòrè,发动机过热 。 fādòngjī guòrè
3149,spare tyre,备用轮胎,bèiyòng lúntāi,备用轮胎 bèiyòng lúntāi
3150,fuel tank,燃油箱,rányóuxiāng,燃油箱 rányóuxiāng
3151,tail light,尾灯,wěidēng,尾灯 wěidēng
3152,oil tank,机油箱,jīyóuxiāng,机油箱 jīyóuxiāng
3153,throttle,油门,yóumén,油门 yóumén
3154,controls,操作装置,cāozuò zhuāngzhì,操作装置 cāozuò zhuāngzhì
3155,pillion,后座,hòuzuò,后座 hòuzuò
3156,carrier,行李架,xínglijià,行李架 xínglijià
3157,leathers,皮衣,píyī,皮衣 píyī
3158,knee pad,护膝,hùxī,护膝 hùxī
3159,brake pedal,刹车踏板,shāchētàbǎn,刹车踏板 shāchētàbǎn
3160,axle,轮轴,lúnzhóu,轮轴 lúnzhóu
3161,reflector strap,反光肩带,fǎnguāng jiāndài,反光肩带 fǎnguāng jiāndài
3162,mudguard,挡泥板,dǎngníbǎn,挡泥板 dǎngníbǎn
3163,visor,头盔面罩,tóukuīmiànzhào,头盔面罩 tóukuīmiànzhào
3164,windshield,风挡,fēngdǎng,风挡 fēngdǎng
3165,mountain bike,山地车,shāndìchē,山地车 shāndìchē
3166,hub,轮毂,lúngǔ,轮毂 lúngǔ
3167,rim,轮圈,lúnquān,轮圈 lúnquān
3168,seat post,座杆,zuògǎn,座杆 zuògǎn
3169,tandem,双座自行车,shuāngzuò zìxíngchē,双座自行车 shuāngzuò zìxíngchē
3170,touring bike,旅行车,lǚxíngchē,旅行车 lǚxíngchē
3171,racing bike,赛车,sàichē,赛车 sàichē
3172,cog,链盘,liànpán,链盘 liànpán
3173,saddle,车座,chēzuò,车座 chēzuò
3174,road bike,公路车,gōnglùchē,公路车 gōnglùchē
3175,gears,齿轮,chǐlún,齿轮 chǐlún
3176,water bottle,水瓶,shuǐpíng,水瓶 shuǐpíng
3177,repair kit,修理工具箱,xiūlǐ gōngjùxiāng,修理工具箱 xiūlǐ gōngjùxiāng
3178,patch,补胎片,bǔtāipiàn,补胎片 bǔtāipiàn
3179,pump,气筒,qìtǒng,气筒 qìtǒng
3180,inner tube,内胎,nèitāi,内胎 nèitāi
3181,tread,胎面,tāimiàn,胎面 tāimiàn
3182,crossbar,横梁,héngliáng,横梁 héngliáng
3183,kickstand,支架,zhījià,支架 zhījià
3184,bike rack,自行车支架,zìxíngchē zhījià,自行车支架 zìxíngchē zhījià
3185,stabilisers,稳定轮,wěndìnglún,稳定轮 wěndìnglún
3186,toe clip,踏脚套,tàjiǎotào,踏脚套 tàjiǎotào
3187,toe strap,趾带,zhǐdài,趾带 zhǐdài
3188,pedal (v),蹬踏,dēngtà,蹬踏 dēngtà
3189,rear light,尾灯,wěidēng,尾灯 wěidēng
3190,reﬂector,反光镜,fǎnguāngjìng,反光镜 fǎnguāngjìng
3191,tyre lever,轮胎撬杆,lúntāi qiàogǎn,轮胎撬杆 lúntāi qiàogǎn
3192,brake lever,车闸,chēzhá,车闸 chēzhá
3193,spoke,辐条,fútiáo,辐条 fútiáo
3194,basket,车筐,chēkuāng,车筐 chēkuāng
3195,dynamo,发电机,fādiànjī,发电机 fādiànjī
3196,puncture,爆胎,bàotāi,爆胎 bàotāi
3197,gear lever,变速杆,biànsùgǎn,变速杆 biànsùgǎn
3198,brake block,刹车片,shāchēpiàn,刹车片 shāchēpiàn
3199,sprocket,扣链齿,kòuliànchǐ,扣链齿 kòuliànchǐ
3200,brake (v),刹车,shāchē,刹车 shāchē
3201,cycle (v),骑车,qíchē,骑车 qíchē
3202,change gear (v),变速,biànsù,变速 biànsù
3203,handlebar,车把,chēbǎ,车把 chēbǎ
3204,driver’s cab,驾驶室,jiàshǐshì,驾驶室 jiàshǐshì
3205,commuter,旅客,lǚkè,旅客 lǚkè
3206,monorail,单轨列车,dānguǐlièchē,单轨列车 dānguǐlièchē
3207,underground train,地铁,dìtiě,地铁 dìtiě
3208,electric train,电力机车,diànlìjīchē,电力机车 diànlìjīchē
3209,carriage,客车厢,kèchēxiāng,客车厢 kèchēxiāng
3210,platform,站台,zhàntái,站台 zhàntái
3211,rail,铁轨,tiěguǐ,铁轨 tiěguǐ
3212,steam train,蒸汽机车,zhēngqìjīchē,蒸汽机车 zhēngqìjīchē
3213,freight train,货车,huòchē,货车 huòchē
3214,high-speed train,高速列车,gāosùlièchē,高速列车 gāosùlièchē
3215,platform number,站台号,zhàntáihào,站台号 zhàntáihào
3216,live rail,接触轨,jiēchùguǐ,接触轨 jiēchùguǐ
3217,signal,信号,xìnhào,信号 xìnhào
3218,emergency lever,紧急刹车闸,jǐnjí shāchēzhá,紧急刹车闸 jǐnjí shāchēzhá
3219,underground map,地铁线路图,dìtiě xiànlùtú,地铁线路图 dìtiě xiànlùtú
3220,delay,晚点,wǎndiǎn,晚点 wǎndiǎn
3221,sleeping compartment,卧铺车厢,wòpùchēxiāng,卧铺车厢 wòpùchēxiāng
3222,public address system,扩音器,kuòyīnqì,扩音器 kuòyīnqì
3223,ticket ofﬁce,售票处,shòupiàochù,售票处 shòupiàochù
3224,ticket inspector,检票员,jiǎnpiàoyuán,检票员 jiǎnpiàoyuán
3225,change (v),换乘,huànchéng,换乘 huànchéng
3226,luggage rack,行李架,xínglijià,行李架 xínglijià
3227,compartment,车厢隔间,chēxiānggéjiān,车厢隔间 chēxiānggéjiān
3228,rail network,铁路网,tiělùwǎng,铁路网 tiělùwǎng
3229,inter-city train,城际列车,chéngjì lièchē,城际列车 chéngjì lièchē
3230,rush hour,上下班高峰期,shàngxiàbān gāofēngqī,上下班高峰期 shàngxiàbān gāofēngqī
3231,ticket,车票,chēpiào,车票 chēpiào
3232,track,轨道,guǐdào,轨道 guǐdào
3233,seat back,椅背,yǐbèi,椅背 yǐbèi
3234,emergency exit,紧急出口,jǐnjí chūkǒu,紧急出口 jǐnjí chūkǒu
3235,tray-table,搁板,gēbǎn,搁板 gēbǎn
3236,row,排,pái,排 pái
3237,nosewheel,前起落架,qiánqǐluòjià,前起落架 qiánqǐluòjià
3238,exit,舱门,cāngmén,舱门 cāngmén
3239,tailplane,水平尾翼,shuǐpíngwěiyì,水平尾翼 shuǐpíngwěiyì
3240,rudder,方向舵,fāngxiàngduò,方向舵 fāngxiàngduò
3241,overhead locker,头顶锁柜,tóudǐng suǒguì,头顶锁柜 tóudǐng suǒguì
3242,air vent,通风口,tōngfēngkǒu,通风口 tōngfēngkǒu
3243,landing gear,起落架,qǐluòjià,起落架 qǐluòjià
3244,fuselage,机身,jīshēn,机身 jīshēn
3245,fin,垂直尾翼,chuízhíwěiyì,垂直尾翼 chuízhíwěiyì
3246,cockpit,驾驶舱,jiàshǐcāng,驾驶舱 jiàshǐcāng
3247,flight attendant,空乘人员,kōngchèng rényuán,空乘人员 kōngchèng rényuán
3248,aileron,副翼,fùyì,副翼 fùyì
3249,reading light,阅读灯,yuèdúdēng,阅读灯 yuèdúdēng
3250,biplane,双翼飞机,shuāngyì fēijī,双翼飞机 shuāngyì fēijī
3251,glider,滑翔机,huáxiángjī,滑翔机 huáxiángjī
3252,supersonic jet,超音速飞机,chāoyīnsù fēijī,超音速飞机 chāoyīnsù fēijī
3253,helicopter,直升飞机,zhíshēng fēijī,直升飞机 zhíshēng fēijī
3254,bomber,轰炸机,hōngzhàjī,轰炸机 hōngzhàjī
3255,rotor blade,旋翼,xuányì,旋翼 xuányì
3256,economy class,经济舱,jīngjìcāng,经济舱 jīngjìcāng
3257,business class,商务舱,shāngwùcāng,商务舱 shāngwùcāng
3258,take off (v),起飞,qǐfēi,起飞 qǐfēi
3259,ﬂy (v),飞行,fēixíng,飞行 fēixíng
3260,missile,导弹,dǎodàn,导弹 dǎodàn
3261,hot-air balloon,热气球,rèqìqiú,热气球 rèqìqiú
3262,light aircraft,轻型飞机,qīngxíng fēijī,轻型飞机 qīngxíng fēijī
3263,fighter plane,战斗机,zhàndòujī,战斗机 zhàndòujī
3264,sea plane,水上飞机,shuǐshàng fēijī,水上飞机 shuǐshàng fēijī
3265,land (v),着陆,zhuólù,着陆 zhuólù
3266,altitude,高度,gāodù,高度 gāodù
3267,microlight,动力滑翔机,dònglì huáxiángjī,动力滑翔机 dònglì huáxiángjī
3268,hand luggage,手提行李,shǒutíxíngli,手提行李 shǒutíxíngli
3269,private jet,私人喷气式飞机,sīrén pēnqìshì fēijī,私人喷气式飞机 sīrén pēnqìshì fēijī
3270,propeller,螺旋桨,luóxuánjiǎng,螺旋桨 luóxuánjiǎng
3271,co-pilot,副驾驶员,fùjiàshǐyuán,副驾驶员 fùjiàshǐyuán
3272,carousel,行李传送带,xíngli chuánsòngdài,行李传送带 xíngli chuánsòngdài
3273,security,安全,ānquán,安全 ānquán
3274,X-ray machine,光行李检查机,X Xguāng xíngli jiǎnchájī,光行李检查机 X Xguāng xíngli jiǎnchájī
3275,holiday brochure,假日指南,jiàrì zhǐnán,假日指南 jiàrì zhǐnán
3276,runway,跑道,pǎodào,跑道 pǎodào
3277,international ﬂight,国际航线,guójì hángxiàn,国际航线 guójì hángxiàn
3278,domestic ﬂight,国内航线,guónèi hángxiàn,国内航线 guónèi hángxiàn
3279,connection,联运,liányùn,联运 liányùn
3280,terminal,候机楼,hòujīlóu,候机楼 hòujīlóu
3281,baggage trailer,行李拖车,xínglituōchē,行李拖车 xínglituōchē
3282,ﬂight number,航班号,hángbānhào,航班号 hángbānhào
3283,immigration,入境检查,rùjìngjiǎnchá,入境检查 rùjìngjiǎnchá
3284,customs,海关,hǎiguān,海关 hǎiguān
3285,excess baggage,超重行李,chāozhòng xíngli,超重行李 chāozhòng xíngli
3286,walkway,登机通道,dēngjītōngdào,登机通道 dēngjītōngdào
3287,holiday,假日,jiàrì,假日 jiàrì
3288,check in (v),办理登机手续,bànlǐ dēngjī shǒuxù,办理登机手续 bànlǐ dēngjī shǒuxù
3289,control tower,控制塔,kòngzhìtǎ,控制塔 kòngzhìtǎ
3290,book a ﬂight (v),订机票,dìngjīpiào,订机票 dìngjīpiào
3291,service vehicle,服务车,fúwùchē,服务车 fúwùchē
3292,arrivals,抵达,dǐdá,抵达 dǐdá
3293,visa,签证,qiānzhèng,签证 qiānzhèng
3294,passport control,护照检查处,hùzhào jiǎncháchù,护照检查处 hùzhào jiǎncháchù
3295,check-in desk,办理登机手续处,bànlǐ dēngjī shǒuxùchù,办理登机手续处 bànlǐ dēngjī shǒuxùchù
3296,duty-free shop,免税商店,miǎnshuì shāngdiàn,免税商店 miǎnshuì shāngdiàn
3297,information screen,信息屏,xìnxīpíng,信息屏 xìnxīpíng
3298,destination,目的地,mùdìdì,目的地 mùdìdì
3299,departure lounge,候机大厅,hòujīdàtīng,候机大厅 hòujīdàtīng
3300,gate number,登机门号,dēngjīménhào,登机门号 dēngjīménhào
3301,taxi rank,出租车站,chūzūchēzhàn,出租车站 chūzūchēzhàn
3302,departures,出发,chūfā,出发 chūfā
3303,boarding pass,登机牌,dēngjīpái,登机牌 dēngjīpái
3304,car hire,租车处,zūchēchù,租车处 zūchēchù
3305,baggage reclaim,领取行李处,lǐngqǔ xínglichù,领取行李处 lǐngqǔ xínglichù
3306,windlass,卷扬机,juǎnyángjī,卷扬机 juǎnyángjī
3307,captain,船长,chuánzhǎng,船长 chuánzhǎng
3308,speedboat,快艇,kuàitǐng,快艇 kuàitǐng
3309,rowing boat,划桨船,huájiǎngchuán,划桨船 huájiǎngchuán
3310,canoe,独木舟,dúmùzhōu,独木舟 dúmùzhōu
3311,galley,船上厨房,chuánshàng chúfáng,船上厨房 chuánshàng chúfáng
3312,engine room,轮机舱,lúnjīcāng,轮机舱 lúnjīcāng
3313,quarterdeck,后甲板,hòujiǎbǎn,后甲板 hòujiǎbǎn
3314,hull,船体,chuántǐ,船体 chuántǐ
3315,deck,甲板,jiǎbǎn,甲板 jiǎbǎn
3316,radio antenna,无线电天线,wúxiàndiàn tiānxiàn,无线电天线 wúxiàndiàn tiānxiàn
3317,dock,船坞,chuánwù,船坞 chuánwù
3318,gangway,舷梯,xiántī,舷梯 xiántī
3319,anchor,锚,máo,锚 máo
3320,bollard,岸边缆桩,ànbiānlǎnzhuāng,岸边缆桩 ànbiānlǎnzhuāng
3321,cabin,客舱,kècāng,客舱 kècāng
3322,lifeboat,救生艇,jiùshēngtǐng,救生艇 jiùshēngtǐng
3323,prow,船首,chuánshǒu,船首 chuánshǒu
3324,Plimsoll line,吃水线,chīshuǐxiàn,吃水线 chīshuǐxiàn
3325,porthole,舷窗,xiánchuāng,舷窗 xiánchuāng
3326,radar,雷达,léidá,雷达 léidá
3327,keel,龙骨,lónggǔ,龙骨 lónggǔ
3328,rigging,帆缆,fānlǎn,帆缆 fānlǎn
3329,aircraft carrier,航空母舰,hángkōng mǔjiàn,航空母舰 hángkōng mǔjiàn
3330,container ship,集装箱船,jízhuāngxiāng chuán,集装箱船 jízhuāngxiāng chuán
3331,inflatable dinghy,充气式橡皮艇,chōngqìshì xiàngpítǐng,充气式橡皮艇 chōngqìshì xiàngpítǐng
3332,sailboat,帆船,fānchuán,帆船 fānchuán
3333,tug boat,拖船,tuōchuán,拖船 tuōchuán
3334,hovercraft,气垫船,qìdiànchuán,气垫船 qìdiànchuán
3335,submarine,潜水艇,qiánshuǐtǐng,潜水艇 qiánshuǐtǐng
3336,conning tower,指挥塔,zhǐhuītǎ,指挥塔 zhǐhuītǎ
3337,freighter,货船,huòchuán,货船 huòchuán
3338,catamaran,双体船,shuāngtǐchuán,双体船 shuāngtǐchuán
3339,ferry,渡船,dùchuán,渡船 dùchuán
3340,battleship,战舰,zhànjiàn,战舰 zhànjiàn
3341,hold,货舱,huòcāng,货舱 huòcāng
3342,hydrofoil,水翼艇,shuǐyìtǐng,水翼艇 shuǐyìtǐng
3343,outboard motor,舷外马达,xiánwàimǎdá,舷外马达 xiánwàimǎdá
3344,yacht,游艇,yóutǐng,游艇 yóutǐng
3345,oil tanker,油轮,yóulún,油轮 yóulún
3346,cargo,货物,huòwù,货物 huòwù
3347,customs house,海关,hǎiguān,海关 hǎiguān
3348,container,集装箱,jízhuāngxiāng,集装箱 jízhuāngxiāng
3349,warehouse,仓库,cāngkù,仓库 cāngkù
3350,quay,码头,mǎtóu,码头 mǎtóu
3351,passenger,乘客,chéngkè,乘客 chéngkè
3352,crane,起重机,qǐzhòngjī,起重机 qǐzhòngjī
3353,ticket office,售票处,shòupiàochù,售票处 shòupiàochù
3354,ferry terminal,渡船码头,dùchuán mǎtóu,渡船码头 dùchuán mǎtóu
3355,access road,出入港通道,chūrùgǎng tōngdào,出入港通道 chūrùgǎng tōngdào
3356,dry dock,干船坞,gānchuánwù,干船坞 gānchuánwù
3357,moor (v),停泊,tíngbó,停泊 tíngbó
3358,dock (v),进入船坞,jìnrùchuánwù,进入船坞 jìnrùchuánwù
3359,fishing boat,渔船,yúchuán,渔船 yúchuán
3360,shipyard,船厂,chuánchǎng,船厂 chuánchǎng
3361,lighthouse,灯塔,dēngtǎ,灯塔 dēngtǎ
3362,board (v),上船,shàngchuán,上船 shàngchuán
3363,disembark (v),离船登岸,líchuándēngàn,离船登岸 líchuándēngàn
3364,set sail (v),起航,qǐháng,起航 qǐháng
3365,net,渔网,yúwǎng,渔网 yúwǎng
3366,coastguard,海岸警卫队,hǎi’àn jǐngwèiduì,海岸警卫队 hǎi’àn jǐngwèiduì
3367,harbour master,港务局长,gǎngwù júzhǎng,港务局长 gǎngwù júzhǎng
3368,drop anchor (v),抛锚,pāomáo,抛锚 pāomáo
3369,buoy,浮标,fúbiāo,浮标 fúbiāo
3370,jetty,防波堤,fángbōdī,防波堤 fángbōdī
3371,mooring,缆绳,lǎnshéng,缆绳 lǎnshéng
3372,tackle (v),擒抱,qínbào,擒抱 qínbào
3373,catch (v),接球,jiēqiú,接球 jiēqiú
3374,end zone,球门区,qiúménqū,球门区 qiúménqū
3375,line judge,边裁,biāncái,边裁 biāncái
3376,What is the score?,几比几,? jǐbǐjǐ?,几比几 ? jǐbǐjǐ?
3377,Who is winning?,谁领先,? shuí lǐngxiān?,谁领先 ? shuí lǐngxiān?
3378,score,分数,fēnshù,分数 fēnshù
3379,time out,暂停,zàntíng,暂停 zàntíng
3380,fumble,漏接,lòujiē,漏接 lòujiē
3381,sideline,边线,biānxiàn,边线 biānxiàn
3382,football player,球员,qiúyuán,球员 qiúyuán
3383,pass (v),传球,chuánqiú,传球 chuánqiú
3384,goal line,球门线,qiúménxiàn,球门线 qiúménxiàn
3385,team,球队,qiúduì,球队 qiúduì
3386,attack,进攻,jìngōng,进攻 jìngōng
3387,goalpost,门柱,ménzhù,门柱 ménzhù
3388,football,橄榄球,gǎnlǎnqiú,橄榄球 gǎnlǎnqiú
3389,cheerleader,啦啦队长,lālāduìcháng,啦啦队长 lālāduìcháng
3390,touchdown,触地得分,chùdìdéfēn,触地得分 chùdìdéfēn
3391,football field,美式橄榄球球场,měishì gǎnlǎnqiú qiúchǎng,美式橄榄球球场 měishì gǎnlǎnqiú qiúchǎng
3392,throw (v),抛球,pāoqiú,抛球 pāoqiú
3393,flag,旗,qí,旗 qí
3394,dead ball line,死球线,sǐqiúxiàn,死球线 sǐqiúxiàn
3395,touch line,边线,biānxiàn,边线 biānxiàn
3396,try,持球触地得分,chíqiú chùdìdéfēn,持球触地得分 chíqiú chùdìdéfēn
3397,rugby strip,英式橄榄球球衣,() (yīngshì) gǎnlǎnqiú qiúyī,英式橄榄球球衣 () (yīngshì) gǎnlǎnqiú qiúyī
3398,in-goal area,得分区,défēnqū,得分区 défēnqū
3399,kick (v),踢球,tīqiú,踢球 tīqiú
3400,player,球员,qiúyuán,球员 qiúyuán
3401,goal,球门,qiúmén,球门 qiúmén
3402,footballer,足球球员,zúqiú qiúyuán,足球球员 zúqiú qiúyuán
3403,forward,前锋,qiánfēng,前锋 qiánfēng
3404,centre circle,中圈,zhōngquān,中圈 zhōngquān
3405,referee,主裁判,zhǔcáipàn,主裁判 zhǔcáipàn
3406,goalkeeper,守门员,shǒuményuán,守门员 shǒuményuán
3407,football pitch,足球场,zúqiúchǎng,足球场 zúqiúchǎng
3408,head (v),头球,tóuqiú,头球 tóuqiú
3409,league,联赛,liánsài,联赛 liánsài
3410,draw,平局,píngjú,平局 píngjú
3411,half time,半场,bànchǎng,半场 bànchǎng
3412,foul,犯规,fànguī,犯规 fànguī
3413,corner,角球,jiǎoqiú,角球 jiǎoqiú
3414,red card,红牌,hóngpái,红牌 hóngpái
3415,goal area,球门区,qiúmén qū,球门区 qiúmén qū
3416,corner flag,角旗,jiǎoqí,角旗 jiǎoqí
3417,linesman,边裁,biāncái,边裁 biāncái
3418,throw-in,掷界外球,zhìjièwàiqiú,掷界外球 zhìjièwàiqiú
3419,shoot (v),射门,shèmén,射门 shèmén
3420,extra time,加时,jiāshí,加时 jiāshí
3421,substitute,替补队员,tìbǔduìyuán,替补队员 tìbǔduìyuán
3422,substitution,换人,huànrén,换人 huànrén
3423,stadium,体育场,tǐyùchǎng,体育场 tǐyùchǎng
3424,score a goal (v),进球得分,jìnqiúdéfēn,进球得分 jìnqiúdéfēn
3425,penalty,罚点球,fádiǎnqiú,罚点球 fádiǎnqiú
3426,penalty area,罚球区,fáqiúqū,罚球区 fáqiúqū
3427,defender,防守队员,fángshǒuduìyuán,防守队员 fángshǒuduìyuán
3428,yellow card,黄牌,huángpái,黄牌 huángpái
3429,off-side,越位,yuèwèi,越位 yuèwèi
3430,send off,罚出场外,fáchūchǎngwài,罚出场外 fáchūchǎngwài
3431,pad,护肩,hùjiān,护肩 hùjiān
3432,ice-skate,冰鞋,bīngxié,冰鞋 bīngxié
3433,ice hockey player,冰球球员,bīngqiú qiúyuán,冰球球员 bīngqiú qiúyuán
3434,skate (v),滑行,huáxíng,滑行 huáxíng
3435,neutral zone,中场,zhōngchǎng,中场 zhōngchǎng
3436,defending zone,防守区,fángshǒuqū,防守区 fángshǒuqū
3437,hockey stick,曲棍球棒,qūgùnqiú bàng,曲棍球棒 qūgùnqiú bàng
3438,face-off circle,开球区,kāiqiúqū,开球区 kāiqiúqū
3439,stick,球杆,qiúgān,球杆 qiúgān
3440,glove,手套,shǒutào,手套 shǒutào
3441,attack zone,进攻区,jìngōngqū,进攻区 jìngōngqū
3442,ice hockey rink,冰球场,bīngqiú chǎng,冰球场 bīngqiú chǎng
3443,hit (v),击球,jīqiú,击球 jīqiú
3444,puck,冰球,bīngqiú,冰球 bīngqiú
3445,stump,三柱门的柱,() (sānzhùménde) zhù,三柱门的柱 () (sānzhùménde) zhù
3446,bat (v),击球,jīqiú,击球 jīqiú
3447,scoreboard,记分牌,jìfēnpái,记分牌 jìfēnpái
3448,cricketer,板球球员,bǎnqiú qiúyuán,板球球员 bǎnqiú qiúyuán
3449,leg pad,护腿,hùtuǐ,护腿 hùtuǐ
3450,face mask,防护面具,fánghùmiànjù,防护面具 fánghùmiànjù
3451,pitch,落球区,luòqiúqū,落球区 luòqiúqū
3452,field (v),接球,jiēqiú,接球 jiēqiú
3453,batsman,击球手,jīqiúshǒu,击球手 jīqiúshǒu
3454,wicket-keeper,守门员,shǒuményuán,守门员 shǒuményuán
3455,bowl (v),投球,tóuqiú,投球 tóuqiú
3456,out,出局,chūjú,出局 chūjú
3457,bat,球棒,qiúbàng,球棒 qiúbàng
3458,boundary line,边线,biānxiàn,边线 biānxiàn
3459,crease,击球线,jīqiúxiàn,击球线 jīqiúxiàn
3460,bowler,投球手,tóuqiúshǒu,投球手 tóuqiúshǒu
3461,cricket ball,板球,bǎnqiú,板球 bǎnqiú
3462,wicket,三门柱,sānménzhù,三门柱 sānménzhù
3463,umpire,裁判,cáipàn,裁判 cáipàn
3464,jump ball,跳球,tiàoqiú,跳球 tiàoqiú
3465,out of bounds,出界,chūjiè,出界 chūjiè
3466,endline,底线,dǐxiàn,底线 dǐxiàn
3467,hoop,篮圈,lánquān,篮圈 lánquān
3468,number,球衣号,qiúyīhào,球衣号 qiúyīhào
3469,pass,传球,chuánqiú,传球 chuánqiú
3470,rebound,篮板球,lánbǎnqiú,篮板球 lánbǎnqiú
3471,centreline,中线,zhōngxiàn,中线 zhōngxiàn
3472,backboard,篮板,lánbǎn,篮板 lánbǎn
3473,free-throw line,罚球线,fáqiúxiàn,罚球线 fáqiúxiàn
3474,three-point line,三分线,sānfēnxiàn,三分线 sānfēnxiàn
3475,dunk (v),灌篮,guànlán,灌篮 guànlán
3476,jump (v),跳投,tiàotóu,跳投 tiàotóu
3477,knee support,护膝,hùxī,护膝 hùxī
3478,block (v),拦网,lánwǎng,拦网 lánwǎng
3479,mark (v),盯人,dīngrén,盯人 dīngrén
3480,bounce (v),运球,yùnqiú,运球 yùnqiú
3481,foul ball,界外球,jièwàiqiú,界外球 jièwàiqiú
3482,strike,好球,hǎoqiú,好球 hǎoqiú
3483,inning,击球局,jīqiújú,击球局 jīqiújú
3484,run,得分,défēn,得分 défēn
3485,left field,左外野,zuǒwàiyě,左外野 zuǒwàiyě
3486,mitt,棒球手套,bàngqiú shǒutào,棒球手套 bàngqiú shǒutào
3487,infield,内野,nèiyě,内野 nèiyě
3488,baseman,守垒员,shǒulěiyuán,守垒员 shǒulěiyuán
3489,centre field,中外野,zhōngwàiyě,中外野 zhōngwàiyě
3490,home plate,本垒,běnlěi,本垒 běnlěi
3491,safe,安全上垒,ānquánshànglěi,安全上垒 ānquánshànglěi
3492,pitcher’s mound,投球区土墩,tóuqiúqū tǔdūn,投球区土墩 tóuqiúqū tǔdūn
3493,tag (v),触杀,chùshā,触杀 chùshā
3494,right field,右外野,yòuwàiyě,右外野 yòuwàiyě
3495,pitch (v),投球,tóuqiú,投球 tóuqiú
3496,dugout,队员席,duìyuánxí,队员席 duìyuánxí
3497,foul line,边线,biānxiàn,边线 biānxiàn
3498,slide (v),滑垒,huálěi,滑垒 huálěi
3499,outfield,外野,wàiyě,外野 wàiyě
3500,run (v),跑垒,pǎolěi,跑垒 pǎolěi
3501,wristband,护腕,hùwàn,护腕 hùwàn
3502,rally,回合,huíhé,回合 huíhé
3503,let!,触网,! chùwǎng!,触网 ! chùwǎng!
3504,love,零分,língfēn,零分 língfēn
3505,deuce,评分,píngfēn,评分 píngfēn
3506,advantage,发球方占先,fāqiúfāng zhànxiān,发球方占先 fāqiúfāng zhànxiān
3507,singles,单打,dāndǎ,单打 dāndǎ
3508,doubles,双打,shuāngdǎ,双打 shuāngdǎ
3509,racquet,球拍,qiúpāi,球拍 qiúpāi
3510,championship,锦标赛,jǐnbiāosài,锦标赛 jǐnbiāosài
3511,spin,球在空中旋转,() (qiúzàikōngzhōng) xuánzhuǎn,球在空中旋转 () (qiúzàikōngzhōng) xuánzhuǎn
3512,match,比赛,bǐsài,比赛 bǐsài
3513,tiebreak,抢七局,qiǎngqījú,抢七局 qiǎngqījú
3514,service line,发球线,fāqiúxiàn,发球线 fāqiúxiàn
3515,string,球拍网线,qiúpāi wǎngxiàn,球拍网线 qiúpāi wǎngxiàn
3516,fault,发球失误,fāqiúshīwù,发球失误 fāqiúshīwù
3517,ace,发球得分,fāqiúdéfēn,发球得分 fāqiúdéfēn
3518,dropshot,近网短球,jìnwǎng duǎnqiú,近网短球 jìnwǎng duǎnqiú
3519,baseline,底线,dǐxiàn,底线 dǐxiàn
3520,smash,扣球,kòuqiú,扣球 kòuqiú
3521,return,回球,huíqiú,回球 huíqiú
3522,forehand,正手,zhèngshǒu,正手 zhèngshǒu
3523,volley,拦击球,lánjīqiú,拦击球 lánjīqiú
3524,racquetball,短拍壁球,duǎnpāibìqiú,短拍壁球 duǎnpāibìqiú
3525,table tennis,乒乓球,pīngpāngqiú,乒乓球 pīngpāngqiú
3526,shuttlecock,羽毛球,yǔmáoqiú,羽毛球 yǔmáoqiú
3527,squash,壁球,bìqiú,壁球 bìqiú
3528,backhand,反手,fǎnshǒu,反手 fǎnshǒu
3529,serve,发球,fāqiú,发球 fāqiú
3530,badminton,羽毛球运动,() yǔmáoqiú (yùndòng),羽毛球运动 () yǔmáoqiú (yùndòng)
3531,ballboy,球童,qiútóng,球童 qiútóng
3532,lob,吊高球,diàogāoqiú,吊高球 diàogāoqiú
3533,tennis shoes,网球鞋,wǎngqiúxié,网球鞋 wǎngqiúxié
3534,stance,击球姿势,jīqiúzīshì,击球姿势 jīqiúzīshì
3535,hole,球洞,qiúdòng,球洞 qiúdòng
3536,rough,长草区,chángcǎoqū,长草区 chángcǎoqū
3537,water hazard,水障碍,shuǐzhàngài,水障碍 shuǐzhàngài
3538,swing (v),挥杆,huīgān,挥杆 huīgān
3539,buggy,短途小车,duǎntú xiǎochē,短途小车 duǎntú xiǎochē
3540,teeing ground,发球区,fāqiúqū,发球区 fāqiúqū
3541,golf course,高尔夫球场,gāo’ěrfū qiúchǎng,高尔夫球场 gāo’ěrfū qiúchǎng
3542,bunker,沙坑,shākēng,沙坑 shākēng
3543,fairway,球道,qiúdào,球道 qiúdào
3544,putter,推杆,tuīgān,推杆 tuīgān
3545,golf shoe,高尔夫球鞋,gāo’ěrfū qiúxié,高尔夫球鞋 gāo’ěrfū qiúxié
3546,wood,木杆,mùgān,木杆 mùgān
3547,backswing,向后挥杆,xiàng hòu huīgān,向后挥杆 xiàng hòu huīgān
3548,practice swing,练习挥杆,liànxí huīgān,练习挥杆 liànxí huīgān
3549,caddy,球童,qiútóng,球童 qiútóng
3550,spectators,观众,guānzhòng,观众 guānzhòng
3551,par,标准杆数,biāozhǔn gānshù,标准杆数 biāozhǔn gānshù
3552,over par,高于标准杆数,gāoyú biāozhǔn gānshù,高于标准杆数 gāoyú biāozhǔn gānshù
3553,tee,球座,qiúzuò,球座 qiúzuò
3554,golf trolley,高尔夫球车,gāo’ěrfū qiúchē,高尔夫球车 gāo’ěrfū qiúchē
3555,putt (v),轻击,qīngjī,轻击 qīngjī
3556,tee-off (v),开球,kāiqiú,开球 kāiqiú
3557,spikes,鞋钉,xiédīng,鞋钉 xiédīng
3558,line of play,打球线,dǎqiúxiàn,打球线 dǎqiúxiàn
3559,hole in one,一杆入洞,yīgān rùdòng,一杆入洞 yīgān rùdòng
3560,under par,低于标准杆数,dīyú biāozhǔn gānshù,低于标准杆数 dīyú biāozhǔn gānshù
3561,golf bag,高尔夫球袋,gāo’ěrfū qiúdài,高尔夫球袋 gāo’ěrfū qiúdài
3562,handicap,差点,chàdiǎn,差点 chàdiǎn
3563,tournament,巡回赛,xúnhuísài,巡回赛 xúnhuísài
3564,wedge,挖起杆,wāqǐgān,挖起杆 wāqǐgān
3565,golf ball,高尔夫球,gāo’ěrfūqiú,高尔夫球 gāo’ěrfūqiú
3566,chip (v),切击,qiējī,切击 qiējī
3567,pole vault,撑杆跳,chēnggāntiào,撑杆跳 chēnggāntiào
3568,personal best,个人最好成绩,gèrén zuìhǎo chéngjì,个人最好成绩 gèrén zuìhǎo chéngjì
3569,break a record (v),打破纪录,dǎpò jìlù,打破纪录 dǎpò jìlù
3570,starting line,起跑线,qǐpǎo xiàn,起跑线 qǐpǎo xiàn
3571,athlete,田径选手,tiánjìng xuǎnshǒu,田径选手 tiánjìng xuǎnshǒu
3572,shotput,铅球,qiānqiú,铅球 qiānqiú
3573,discus,铁饼,tiěbǐng,铁饼 tiěbǐng
3574,photo ﬁnish,终点摄影记录,zhōngdiǎn shèyǐng jìlù,终点摄影记录 zhōngdiǎn shèyǐng jìlù
3575,marathon,马拉松,mǎlāsōng,马拉松 mǎlāsōng
3576,finishing line,终点线,zhōngdiǎn xiàn,终点线 zhōngdiǎn xiàn
3577,stopwatch,秒表,miǎobiǎo,秒表 miǎobiǎo
3578,sprinter,短跑选手,duǎnpǎo xuǎnshǒu,短跑选手 duǎnpǎo xuǎnshǒu
3579,race,赛跑,sàipǎo,赛跑 sàipǎo
3580,time,时间,shíjiān,时间 shíjiān
3581,javelin,标枪,biāoqiāng,标枪 biāoqiāng
3582,blocks,起跑器,qǐpǎoqì starting,起跑器 qǐpǎoqì starting
3583,lane,分道,fēndào,分道 fēndào
3584,springboard,跳板,tiàobǎn,跳板 tiàobǎn
3585,silver,银牌,yínpái,银牌 yínpái
3586,bronze,铜牌,tóngpái,铜牌 tóngpái
3587,rings,吊环,diàohuán,吊环 diàohuán
3588,podium,领奖台,lǐngjiǎngtái,领奖台 lǐngjiǎngtái
3589,horizontal bar,单杠,dāngàng,单杠 dāngàng
3590,parallel bars,双杠,shuānggàng,双杠 shuānggàng
3591,somersault,空翻,kōngfān,空翻 kōngfān
3592,gymnast,体操选手,tǐcāo xuǎnshǒu,体操选手 tǐcāo xuǎnshǒu
3593,floor exercises,自由体操,zìyóutǐcāo,自由体操 zìyóutǐcāo
3594,relay race,接力,jiēlì,接力 jiēlì
3595,hurdles,跨栏,kuàlán,跨栏 kuàlán
3596,pommel horse,鞍马,ānmǎ,鞍马 ānmǎ
3597,asymmetric bars,高低杠,gāodīgàng,高低杠 gāodīgàng
3598,rhythmic gymnastics,艺术体操,yìshù tǐcāo,艺术体操 yìshù tǐcāo
3599,high jump,跳高,tiàogāo,跳高 tiàogāo
3600,medals,奖牌,jiǎngpái,奖牌 jiǎngpái
3601,gold,金牌,jīnpái,金牌 jīnpái
3602,vault,跳马项目,() tiàomǎ (xiàngmù),跳马项目 () tiàomǎ (xiàngmù)
3603,tumble,翻筋斗,fānjīndǒu,翻筋斗 fānjīndǒu
3604,long jump,跳远,tiàoyuǎn,跳远 tiàoyuǎn
3605,baton,接力棒,jiēlìbàng,接力棒 jiēlìbàng
3606,sword,竹剑,zhújiàn,竹剑 zhújiàn
3607,kung fu,中国武术,zhōngguówǔshù,中国武术 zhōngguówǔshù
3608,opponent,对手,duìshǒu,对手 duìshǒu
3609,guard,护盔,hùkuī,护盔 hùkuī
3610,black belt,黑带,hēidài,黑带 hēidài
3611,self defence,自卫,zìwèi,自卫 zìwèi
3612,martial arts,武术,wǔshù,武术 wǔshù
3613,round,回合,huíhé,回合 huíhé
3614,bout,拳击比赛,quánjī bǐsài,拳击比赛 quánjī bǐsài
3615,sparring,拳击练习,quánjī liànxí,拳击练习 quánjī liànxí
3616,ﬁst,拳头,quántóu,拳头 quántóu
3617,knock out,击倒对手,() jīdǎo (duìshǒu),击倒对手 () jīdǎo (duìshǒu)
3618,punch bag,沙袋,shādài,沙袋 shādài
3619,boxing ring,拳击台,quánjī tái,拳击台 quánjī tái
3620,boxing gloves,拳击手套,quánjī shǒutào,拳击手套 quánjī shǒutào
3621,mouth guard,护齿,hùchǐ,护齿 hùchǐ
3622,capoeira,卡波卫勒舞,kǎbōwèilèwǔ,卡波卫勒舞 kǎbōwèilèwǔ
3623,sumo wrestling,相扑,xiàngpū,相扑 xiàngpū
3624,tai-chi,太极拳,tàijíquán,太极拳 tàijíquán
3625,armband,臂漂,bìpiāo,臂漂 bìpiāo
3626,nose clip,鼻夹,bíjiá,鼻夹 bíjiá
3627,starting block,出发台,chūfātái,出发台 chūfātái
3628,water,池水,chíshuǐ,池水 chíshuǐ
3629,diver,跳水选手,tiàoshuǐ xuǎnshǒu,跳水选手 tiàoshuǐ xuǎnshǒu
3630,trunks,泳裤,yǒngkù,泳裤 yǒngkù
3631,lockers,锁柜,suǒguì,锁柜 suǒguì
3632,lifeguard,救生员,jiùshēngyuán,救生员 jiùshēngyuán
3633,tread water (v),踩水,cǎishuǐ,踩水 cǎishuǐ
3634,racing dive,出发跳水,chūfā tiàoshuǐ,出发跳水 chūfā tiàoshuǐ
3635,weight belt,负重腰带,fùzhòng yāodài,负重腰带 fùzhòng yāodài
3636,wetsuit,潜水服,qiánshuǐfú,潜水服 qiánshuǐfú
3637,snorkel,水下呼吸管,shuǐxià hūxīguǎn,水下呼吸管 shuǐxià hūxīguǎn
3638,cramp,抽筋,chōujīn,抽筋 chōujīn
3639,drown (v),溺水,nìshuǐ,溺水 nìshuǐ
3640,dive,跳水,tiàoshuǐ,跳水 tiàoshuǐ
3641,high dive,高台跳水,gāotái tiàoshuǐ,高台跳水 gāotái tiàoshuǐ
3642,regulator,呼吸调节器,hūxītiáojié qì,呼吸调节器 hūxītiáojié qì
3643,shallow end,浅水区,qiǎnshuǐqū,浅水区 qiǎnshuǐqū
3644,synchronized swimming,花样游泳,huāyàng yóuyǒng,花样游泳 huāyàng yóuyǒng
3645,kick,打水,dǎshuǐ,打水 dǎshuǐ
3646,flipper,脚蹼,jiǎopǔ,脚蹼 jiǎopǔ
3647,water polo,水球,shuǐqiú,水球 shuǐqiú
3648,deep end,深水区,shēnshuǐqū,深水区 shēnshuǐqū
3649,air cylinder,氧气瓶,yǎngqìpíng,氧气瓶 yǎngqìpíng
3650,bow,船头,chuántóu,船头 chuántóu
3651,mast,桅杆,wéigān,桅杆 wéigān
3652,tiller,舵柄,duòbǐng,舵柄 duòbǐng
3653,stern,船尾,chuánwěi,船尾 chuánwěi
3654,lifebuoy,救生圈,jiùshēngquān,救生圈 jiùshēngquān
3655,headsail,艏三角帆,shǒusān jiǎofān,艏三角帆 shǒusān jiǎofān
3656,life jacket,救生衣,jiùshēngyī,救生衣 jiùshēngyī
3657,sidedeck,侧舷,cèxián,侧舷 cèxián
3658,mainsail,主帆,zhǔfān,主帆 zhǔfān
3659,life raft,救生筏,jiùshēngfá,救生筏 jiùshēngfá
3660,cleat,系索耳,xìsuǒ’ěr,系索耳 xìsuǒ’ěr
3661,flare,照明弹,zhàomíngdàn,照明弹 zhàomíngdàn
3662,centreboard,稳向板,wěnxiàngbǎn,稳向板 wěnxiàngbǎn
3663,capsize (v),船倾覆,() (chuán) qīngfù,船倾覆 () (chuán) qīngfù
3664,surf,浪花,lànghuā,浪花 lànghuā
3665,rapids,激流,jīliú,激流 jīliú
3666,crew,艇员,tǐngyuán,艇员 tǐngyuán
3667,tack (v),抢风航行,qiǎngfēng hángxíng,抢风航行 qiǎngfēng hángxíng
3668,surfboard,冲浪板,chōnglàngbǎn,冲浪板 chōnglàngbǎn
3669,board,帆板,fānbǎn,帆板 fānbǎn
3670,jet skiing,水上摩托,shuǐshàng mótuō,水上摩托 shuǐshàng mótuō
3671,paddle,双叶桨,shuāngyèjiǎng,双叶桨 shuāngyèjiǎng
3672,surfing,冲浪,chōnglàng,冲浪 chōnglàng
3673,waterskier,滑水者,huáshuǐzhě,滑水者 huáshuǐzhě
3674,surfer,冲浪运动员,chōnglàng yùndòngyuán,冲浪运动员 chōnglàng yùndòngyuán
3675,oar,桨,jiǎng,桨 jiǎng
3676,ski,滑水橇,huáshuǐqiāo,滑水橇 huáshuǐqiāo
3677,sail,帆,fān,帆 fān
3678,kayak,皮筏,pífá,皮筏 pífá
3679,waterskiing,滑水,huáshuǐ,滑水 huáshuǐ
3680,speed boating,快艇,kuàitǐng,快艇 kuàitǐng
3681,rower,桨手,jiǎngshǒu,桨手 jiǎngshǒu
3682,footstrap,套脚带,tàojiǎodài,套脚带 tàojiǎodài
3683,canoeing,独木舟,dúmùzhōu,独木舟 dúmùzhōu
3684,rafting,皮划艇,píhuátǐng,皮划艇 píhuátǐng
3685,wind,风,fēng,风 fēng
3686,wave,波浪,bōlàng,波浪 bōlàng
3687,windsurfer,帆板运动员,fānbǎn yùndòngyuán,帆板运动员 fānbǎn yùndòngyuán
3688,hoof,马蹄,mǎtí,马蹄 mǎtí
3689,jodhpurs,马裤,mǎkù,马裤 mǎkù
3690,stirrup,马镫,mǎdèng,马镫 mǎdèng
3691,riding boot,马靴,mǎxuē,马靴 mǎxuē
3692,horseshoe,马蹄铁,mǎtítiě,马蹄铁 mǎtítiě
3693,noseband,鼻羁,bíjī,鼻羁 bíjī
3694,riding hat,骑手帽,qíshǒumào,骑手帽 qíshǒumào
3695,rider,骑手,qíshǒu,骑手 qíshǒu
3696,girth,肚带,dùdài,肚带 dùdài
3697,bit,马嚼子,mǎjiáozi,马嚼子 mǎjiáozi
3698,reins,缰绳,jiāngshéng,缰绳 jiāngshéng
3699,side-saddle,横座鞍,héngzuò’ān,横座鞍 héngzuò’ān
3700,mane,鬃毛,zōngmáo,鬃毛 zōngmáo
3701,pommel,前鞍桥,qián’ānqiáo,前鞍桥 qián’ānqiáo
3702,browband,前额带,qián’édài,前额带 qián’édài
3703,ﬂat race,无障碍赛马,wúzhàng’àisàimǎ,无障碍赛马 wúzhàng’àisàimǎ
3704,racecourse,赛马场,sàimǎchǎng,赛马场 sàimǎchǎng
3705,halter,笼头,lóngtou,笼头 lóngtou
3706,canter,慢跑,mànpǎo,慢跑 mànpǎo
3707,gallop,疾驰,jíchí,疾驰 jíchí
3708,walk,慢步,mànbù,慢步 mànbù
3709,trot,小跑,xiǎopǎo,小跑 xiǎopǎo
3710,showjumping,越障碍赛,yuèzhàng’àisài,越障碍赛 yuèzhàng’àisài
3711,steeplechase,障碍赛,zhàng’àisài,障碍赛 zhàng’àisài
3712,racehorse,赛马,sàimǎ,赛马 sàimǎ
3713,jump,跳跃,tiàoyuè,跳跃 tiàoyuè
3714,groom,马夫,mǎfū,马夫 mǎfū
3715,carriage race,双套马车赛,shuāngtào mǎchēsài,双套马车赛 shuāngtào mǎchēsài
3716,harness race,轻驾车赛,qīngjiàchēsài,轻驾车赛 qīngjiàchēsài
3717,rodeo,牛仔竞技表演,niúzǎijìngjì biǎoyǎn,牛仔竞技表演 niúzǎijìngjì biǎoyǎn
3718,paddock,围场,wéichǎng,围场 wéichǎng
3719,arena,竞技场,jìngjìchǎng,竞技场 jìngjìchǎng
3720,horse race,赛马比赛,() sàimǎ (bǐsài),赛马比赛 () sàimǎ (bǐsài)
3721,reel,渔线轮,yúxiànlún,渔线轮 yúxiànlún
3722,fishing rod,渔竿,yúgān,渔竿 yúgān
3723,lure,人造饵,rénzàoěr,人造饵 rénzàoěr
3724,fishhook,渔钩,yúgōu,渔钩 yúgōu
3725,waders,防水裤,fángshuǐkù,防水裤 fángshuǐkù
3726,float,浮标,fúbiāo,浮标 fúbiāo
3727,landing net,抄网,chāowǎng,抄网 chāowǎng
3728,line,渔线,yúxiàn,渔线 yúxiàn
3729,barb,倒钩,dǎogōu,倒钩 dǎogōu
3730,tackle box,钓具箱,diàojùxiāng,钓具箱 diàojùxiāng
3731,keep net,活鱼笼,huóyúlóng,活鱼笼 huóyúlóng
3732,fly,假蝇,jiǎyíng,假蝇 jiǎyíng
3733,creel,渔篓,yúlǒu,渔篓 yúlǒu
3734,spearﬁshing,渔叉捕鱼,yúchābǔyú,渔叉捕鱼 yúchābǔyú
3735,waterproofs,雨衣,yǔyī,雨衣 yǔyī
3736,pole,杆,gān,杆 gān
3737,bait (v),装饵,zhuāng’ěr,装饵 zhuāng’ěr
3738,bite (v),咬钩,yǎogōu,咬钩 yǎogōu
3739,sport fishing,休闲垂钓,xiūxián chuídiào,休闲垂钓 xiūxián chuídiào
3740,fly fishing,假蝇垂钓,jiǎyíng chuídiào,假蝇垂钓 jiǎyíng chuídiào
3741,net (v),网捕,wǎngbǔ,网捕 wǎngbǔ
3742,cast (v),撒网,sāwǎng,撒网 sāwǎng
3743,surfcasting,激浪投钓,jīlàng tóudiào,激浪投钓 jīlàng tóudiào
3744,tackle,钓具,diàojù,钓具 diàojù
3745,spool,线轴,xiànzhóu,线轴 xiànzhóu
3746,deep sea fishing,深海垂钓,shēnhǎi chuídiào,深海垂钓 shēnhǎi chuídiào
3747,reel in (v),收线,shōuxiàn,收线 shōuxiàn
3748,ﬁshing permit,钓鱼许可证,diàoyú xǔkězhèng,钓鱼许可证 diàoyú xǔkězhèng
3749,marine ﬁshing,海洋捕捞,hǎiyáng bǔlāo,海洋捕捞 hǎiyáng bǔlāo
3750,release (v),放生,fàngshēng,放生 fàngshēng
3751,freshwater fishing,淡水垂钓,dànshuǐ chuídiào,淡水垂钓 dànshuǐ chuídiào
3752,safety barrier,安全护栏,ānquánhùlán,安全护栏 ānquánhùlán
3753,edge,板边,bǎnbiān,板边 bǎnbiān
3754,ski pole,滑雪杖,huáxuězhàng,滑雪杖 huáxuězhàng
3755,skier,滑雪者,huáxuězhě,滑雪者 huáxuězhě
3756,chairlift,缆车吊椅,lǎnchē diàoyǐ,缆车吊椅 lǎnchē diàoyǐ
3757,cable car,缆车,lǎnchē,缆车 lǎnchē
3758,ski suit,滑雪服,huáxuěfú,滑雪服 huáxuěfú
3759,ski boot,滑雪靴,huáxuěxuē,滑雪靴 huáxuěxuē
3760,ski run,雪道,xuědào,雪道 xuědào
3761,ski slope,滑雪坡道,huáxuě pōdào,滑雪坡道 huáxuě pōdào
3762,dog sledding,狗拉雪橇,gǒulā xuěqiāo,狗拉雪橇 gǒulā xuěqiāo
3763,speed skating,速滑,sùhuá,速滑 sùhuá
3764,biathlon,冬季两项,dōngjì liǎngxiàng,冬季两项 dōngjì liǎngxiàng
3765,avalanche,雪崩,xuěbēng,雪崩 xuěbēng
3766,snowboarding,单板滑雪,dānbǎn huáxuě,单板滑雪 dānbǎn huáxuě
3767,ice-skating,溜冰,liūbīng,溜冰 liūbīng
3768,figure skating,花样滑冰,huāyàng huábīng,花样滑冰 huāyàng huábīng
3769,ice climbing,攀冰,pānbīng,攀冰 pānbīng
3770,cross-country skiing,越野滑雪,yuèyě huáxuě,越野滑雪 yuèyě huáxuě
3771,downhill skiing,高山速降,gāoshān sùjiàng,高山速降 gāoshān sùjiàng
3772,sledding,乘橇滑行,chéngqiāo huáxíng,乘橇滑行 chéngqiāo huáxíng
3773,goggles,滑雪镜,huáxuějìng,滑雪镜 huáxuějìng
3774,bobsleigh,长橇滑雪,chángqiāo huáxuě,长橇滑雪 chángqiāo huáxuě
3775,slalom,小回转,xiǎohuízhuǎn,小回转 xiǎohuízhuǎn
3776,alpine skiing,高山滑雪,gāoshān huáxuě,高山滑雪 gāoshān huáxuě
3777,giant slalom,大回转,dàhuízhuǎn,大回转 dàhuízhuǎn
3778,off-piste,雪道外,xuědàowài,雪道外 xuědàowài
3779,curling,冰上溜石,bīngshàng liūshí,冰上溜石 bīngshàng liūshí
3780,snowmobile,机动雪橇,jīdòng xuěqiāo,机动雪橇 jīdòng xuěqiāo
3781,ski jump,跳台滑雪,tiàotái huáxuě,跳台滑雪 tiàotái huáxuě
3782,luge,小型橇,xiǎoxíngqiāo,小型橇 xiǎoxíngqiāo
3783,bungee jumping,蹦极,bèngjí,蹦极 bèngjí
3784,gliding,滑翔,huáxiáng,滑翔 huáxiáng
3785,rope,绳索,shéngsuǒ,绳索 shéngsuǒ
3786,hang-glider,悬挂式滑翔机,xuánguàshì huáxiángjī,悬挂式滑翔机 xuánguàshì huáxiángjī
3787,paragliding,滑翔伞,huáxiángsǎn,滑翔伞 huáxiángsǎn
3788,hang-gliding,悬挂滑翔,xuánguà huáxiáng,悬挂滑翔 xuánguà huáxiáng
3789,skydiving,特技跳伞,tèjìtiàosǎn,特技跳伞 tèjìtiàosǎn
3790,rock climbing,攀岩,pānyán,攀岩 pānyán
3791,parachute,降落伞,jiàngluòsǎn,降落伞 jiàngluòsǎn
3792,parachuting,跳伞,tiàosǎn,跳伞 tiàosǎn
3793,abseiling,悬绳下降,xuánshéng xiàjiàng,悬绳下降 xuánshéng xiàjiàng
3794,motorcross,摩托车越野赛,mótuōchē yuèyěsài,摩托车越野赛 mótuōchē yuèyěsài
3795,fencing,击剑,jījiàn,击剑 jījiàn
3796,racing driver,赛车手,sàichēshǒu,赛车手 sàichēshǒu
3797,motorbike racing,摩托车赛,mótuōchēsài,摩托车赛 mótuōchēsài
3798,bowling,保龄球运动,bǎolíngqiú yùndòng,保龄球运动 bǎolíngqiú yùndòng
3799,rally driving,汽车拉力赛,qìchē lālìsài,汽车拉力赛 qìchē lālìsài
3800,lacrosse,长曲棍球,cháng qūgùnqiú,长曲棍球 cháng qūgùnqiú
3801,archery,射箭,shèjiàn,射箭 shèjiàn
3802,bowling ball,保龄球,bǎolíngqiú,保龄球 bǎolíngqiú
3803,quiver,箭袋,jiàndài,箭袋 jiàndài
3804,skateboarding,滑板运动,huábǎn yùndòng,滑板运动 huábǎn yùndòng
3805,foil,花剑,huājiàn,花剑 huājiàn
3806,target,靶,bǎ,靶 bǎ
3807,snooker,台球,táiqiú,台球 táiqiú
3808,arrow,箭,jiàn,箭 jiàn
3809,motor racing,赛车,sàichē,赛车 sàichē
3810,target shooting,射击,shèjī,射击 shèjī
3811,roller skating,滑旱冰,huáhànbīng,滑旱冰 huáhànbīng
3812,pool,美式台球,měishìtáiqiú,美式台球 měishìtáiqiú
3813,rollerskate,轮滑鞋,lúnhuáxié,轮滑鞋 lúnhuáxié
3814,skateboard,滑板,huábǎn,滑板 huábǎn
3815,treadmill,跑步机,pǎobùjī,跑步机 pǎobùjī
3816,bench,长椅,chángyǐ,长椅 chángyǐ
3817,personal trainer,私人教练,sīrén jiàoliàn,私人教练 sīrén jiàoliàn
3818,sauna,桑拿浴,sāngnáyù,桑拿浴 sāngnáyù
3819,cross trainer,交叉训练器,jiāochā xùnliànqì,交叉训练器 jiāochā xùnliànqì
3820,gym machine,健身器械,jiànshēn qìxiè,健身器械 jiànshēn qìxiè
3821,free weights,力量训练器,lìliàng xùnliànqì,力量训练器 lìliàng xùnliànqì
3822,exercise bike,健身车,jiànshēnchē,健身车 jiànshēnchē
3823,rowing machine,划船机,huáchuánjī,划船机 huáchuánjī
3824,step machine,踏步机,tàbùjī,踏步机 tàbùjī
3825,Pilates,普拉提,pǔlātí,普拉提 pǔlātí
3826,boxercise,搏击操,bójīcāo,搏击操 bójīcāo
3827,dumb bell,哑铃,yǎlíng,哑铃 yǎlíng
3828,extend (v),伸展,shēnzhǎn,伸展 shēnzhǎn
3829,pull up (v),引体向上,yǐntǐ xiàngshàng,引体向上 yǐntǐ xiàngshàng
3830,warm up (v),热身,rèshēn,热身 rèshēn
3831,jogging,慢跑,mànpǎo,慢跑 mànpǎo
3832,bicep curl,二头肌训练,èrtóujī xùnliàn,二头肌训练 èrtóujī xùnliàn
3833,chest press,扩胸,kuòxiōng,扩胸 kuòxiōng
3834,sit-up,仰卧起坐,yǎngwòqǐzuò,仰卧起坐 yǎngwòqǐzuò
3835,squat,蹲起,dūnqǐ,蹲起 dūnqǐ
3836,circuit training,循环训练法,xúnhuán xùnliànfǎ,循环训练法 xúnhuán xùnliànfǎ
3837,skipping,跳绳,tiàoshéng,跳绳 tiàoshéng
3838,weight bar,杠铃横杆,gangling hénggān,杠铃横杆 gangling hénggān
3839,weight training,重量训练,zhòngliàng xùnliàn,重量训练 zhòngliàng xùnliàn
3840,press-up,俯卧撑,fǔwòchēng,俯卧撑 fǔwòchēng
3841,stretch,伸展腿,shēnzhǎntuǐ,伸展腿 shēnzhǎntuǐ
3842,aerobics,有氧运动,yǒuyǎng yùndòng,有氧运动 yǒuyǎng yùndòng
3843,lunge,弓箭步压腿,gōngjiànbù yātuǐ,弓箭步压腿 gōngjiànbù yātuǐ
3844,jog on the spot (v),原地跑,yuándìpǎo,原地跑 yuándìpǎo
3845,ﬂex (v),弯曲四肢,() wānqū (sìzhī),弯曲四肢 () wānqū (sìzhī)
3846,leg press,蹬腿,dēngtuǐ,蹬腿 dēngtuǐ
3847,leisure,休闲,xiūxián,休闲 xiūxián
3848,ﬁrst night,首演,shǒuyǎn,首演 shǒuyǎn
3849,interval,幕间休息,mùjiānxiūxī,幕间休息 mùjiānxiūxī
3850,programme,节目,jiémù,节目 jiémù
3851,orchestra pit,乐池,yuèchí,乐池 yuèchí
3852,audience,观众,guānzhòng,观众 guānzhòng
3853,wings,舞台侧翼,wǔtáicèyì,舞台侧翼 wǔtáicèyì
3854,stalls,正厅前排座位,zhèngtīng qiánpái zuòwèi,正厅前排座位 zhèngtīng qiánpái zuòwèi
3855,upper circle,三楼厅座,sānlóu tīngzuò,三楼厅座 sānlóu tīngzuò
3856,script,剧本,jùběn,剧本 jùběn
3857,backdrop,背景幕布,bèijǐngmùbù,背景幕布 bèijǐngmùbù
3858,producer,制片人,zhìpiānrén,制片人 zhìpiānrén
3859,orchestra,乐队,yuèduì,乐队 yuèduì
3860,box,包厢,bāoxiāng,包厢 bāoxiāng
3861,cast,角色分配,juésè fēnpèi,角色分配 juésè fēnpèi
3862,actress,女演员,nǚyǎnyuán,女演员 nǚyǎnyuán
3863,play,戏剧,xìjù,戏剧 xìjù
3864,romance,爱情片,àiqíngpiān,爱情片 àiqíngpiān
3865,science ﬁction ﬁlm,科幻片,kēhuànpiān,科幻片 kēhuànpiān
3866,adventure,冒险片,màoxiǎnpiān,冒险片 màoxiǎnpiān
3867,animated ﬁlm,动画片,dònghuàpiān,动画片 dònghuàpiān
3868,box office,售票处,shòupiàochù,售票处 shòupiàochù
3869,lobby,大厅,dàtīng,大厅 dàtīng
3870,costume,戏装,xìzhuāng,戏装 xìzhuāng
3871,comedy,喜剧片,xǐjùpiān,喜剧片 xǐjùpiān
3872,thriller,惊险片,jīngxiǎnpiān,惊险片 jīngxiǎnpiān
3873,horror ﬁlm,恐怖片,kǒngbùpiān,恐怖片 kǒngbùpiān
3874,western,西部片,xībùpiān,西部片 xībùpiān
3875,usher,引座员,yǐnzuòyuán,引座员 yǐnzuòyuán
3876,classical music,古典音乐,gǔdiǎn yīnyuè,古典音乐 gǔdiǎn yīnyuè
3877,musical score,乐谱,yuèpǔ,乐谱 yuèpǔ
3878,soundtrack,声带,shēngdài,声带 shēngdài
3879,applaud (v),鼓掌喝彩,gǔzhǎnghècǎi,鼓掌喝彩 gǔzhǎnghècǎi
3880,encore,再来一次,zàiláiyícì,再来一次 zàiláiyícì
3881,poster,海报,hǎibào,海报 hǎibào
3882,popcorn,爆米花,bàomǐhuā,爆米花 bàomǐhuā
3883,cinema hall,电影放映厅,diànyǐng fàngyìngtīng,电影放映厅 diànyǐng fàngyìngtīng
3884,What time does it start?,演出什么时候开始,？ yǎnchū shénme shíhòu kāishǐ?,演出什么时候开始 ？ yǎnchū shénme shíhòu kāishǐ?
3885,performance.,我想要两张今晚演出的票,。 wǒ xiǎng yào liǎngzhāng jīnwǎn yǎnchūde piào. I’d like two tickets for tonight’s,我想要两张今晚演出的票 。 wǒ xiǎng yào liǎngzhāng jīnwǎn yǎnchūde piào. I’d like two tickets for tonight’s
3886,natural,本位号,běnwèihào,本位号 běnwèihào
3887,rest,休止符,xiūzhǐfú,休止符 xiūzhǐfú
3888,overture,序曲,xùqǔ,序曲 xùqǔ
3889,symphony,交响乐,jiāoxiǎngyuè,交响乐 jiāoxiǎngyuè
3890,violin,小提琴,xiǎotíqín,小提琴 xiǎotíqín
3891,conductor,指挥,zhǐhuī,指挥 zhǐhuī
3892,double bass,低音提琴,dīyīntíqín,低音提琴 dīyīntíqín
3893,sonata,奏鸣曲,zòumíngqǔ,奏鸣曲 zòumíngqǔ
3894,instruments,乐器,yuèqì,乐器 yuèqì
3895,harp,竖琴,shùqín,竖琴 shùqín
3896,viola,中提琴,zhōngtíqín,中提琴 zhōngtíqín
3897,bass clef,低音谱号,dīyīn pǔhào,低音谱号 dīyīn pǔhào
3898,cello,大提琴,dàtíqín,大提琴 dàtíqín
3899,sharp,升号,shēnghào,升号 shēnghào
3900,ﬂat,降号,jiànghào,降号 jiànghào
3901,treble clef,高音谱号,gāoyīn pǔhào,高音谱号 gāoyīn pǔhào
3902,vibraphone,颤音琴,chànyīnqín,颤音琴 chànyīnqín
3903,kettledrum,定音鼓,dìngyīngǔ,定音鼓 dìngyīngǔ
3904,double bassoon,倍低音管,bèidīyīnguǎn,倍低音管 bèidīyīnguǎn
3905,bass clarinet,低音单簧管,dīyīn dānhuángguǎn,低音单簧管 dīyīn dānhuángguǎn
3906,bassoon,巴松管,bāsōngguǎn,巴松管 bāsōngguǎn
3907,piccolo,短笛,duǎndí,短笛 duǎndí
3908,oboe,双簧管,shuānghuángguǎn,双簧管 shuānghuángguǎn
3909,tuba,大号,dàhào,大号 dàhào
3910,trombone,长号,chánghào,长号 chánghào
3911,French horn,圆号,yuánhào,圆号 yuánhào
3912,maracas,沙锤,shāchuí,沙锤 shāchuí
3913,tambourine,铃鼓,línggǔ,铃鼓 línggǔ
3914,cor anglais,英国管,yīngguóguǎn,英国管 yīngguóguǎn
3915,bongos,邦戈鼓,bānggēgǔ,邦戈鼓 bānggēgǔ
3916,saxophone,萨克斯管,sàkèsīguǎn,萨克斯管 sàkèsīguǎn
3917,flute,长笛,chángdí,长笛 chángdí
3918,gong,锣,luó,锣 luó
3919,cymbals,钹,bó,钹 bó
3920,clarinet,单簧管,dānhuángguǎn,单簧管 dānhuángguǎn
3921,trumpet,小号,xiǎohào,小号 xiǎohào
3922,snare drum,小军鼓,xiǎojūngǔ,小军鼓 xiǎojūngǔ
3923,drum kit,架子鼓,jiàzigǔ,架子鼓 jiàzigǔ
3924,drum,鼓,gǔ,鼓 gǔ
3925,bass guitarist,低音吉他手,dīyīn jítāshǒu,低音吉他手 dīyīn jítāshǒu
3926,fret,弦枕,xiánzhěn,弦枕 xiánzhěn
3927,bass guitar,低音吉他,dīyīn jítā,低音吉他 dīyīn jítā
3928,guitarist,吉他手,jítāshǒu,吉他手 jítāshǒu
3929,pickup,拾音器,shíyīnqì,拾音器 shíyīnqì
3930,drummer,鼓手,gǔshǒu,鼓手 gǔshǒu
3931,electric guitar,电吉他,diànjítā,电吉他 diànjítā
3932,tuning peg,弦轴,xiánzhóu,弦轴 xiánzhóu
3933,lead singer,主唱,zhǔchàng,主唱 zhǔchàng
3934,fans,歌迷,gēmí,歌迷 gēmí
3935,heavy metal,重金属摇滚,zhòngjīnshǔyáogǔn,重金属摇滚 zhòngjīnshǔyáogǔn
3936,spotlight,聚光灯,jùguāngdēng,聚光灯 jùguāngdēng
3937,reggae,雷盖音乐,léigài yīnyuè,雷盖音乐 léigài yīnyuè
3938,melody,旋律,xuánlǜ,旋律 xuánlǜ
3939,song,歌曲,gēqǔ,歌曲 gēqǔ
3940,beat,节拍,jiépāi,节拍 jiépāi
3941,lyrics,歌词,gēcí,歌词 gēcí
3942,country,乡村音乐,xiāngcūn yīnyuè,乡村音乐 xiāngcūn yīnyuè
3943,open-top,敞篷,chǎngpéng,敞篷 chǎngpéng
3944,tour guide,导游,dǎoyóu,导游 dǎoyóu
3945,left,左,zuǒ,左 zuǒ
3946,right,右,yòu,右 yòu
3947,straight on,直行,zhíháng,直行 zhíháng
3948,guide book,旅行指南,lǚxíngzhǐnán,旅行指南 lǚxíngzhǐnán
3949,ﬁlm,胶片,jiāopiàn,胶片 jiāopiàn
3950,batteries,电池,diànchí,电池 diànchí
3951,tourist,游客,yóukè,游客 yóukè
3952,souvenirs,纪念品,jìniànpǐn,纪念品 jìniànpǐn
3953,statuette,小雕像,xiǎodiāoxiàng,小雕像 xiǎodiāoxiàng
3954,camcorder,便携式摄像机,biànxiéshì shèxiàngjī,便携式摄像机 biànxiéshì shèxiàngjī
3955,directions,行路的指引,() (xínglùde) zhǐyǐn,行路的指引 () (xínglùde) zhǐyǐn
3956,guided tour,团体旅游,tuántǐlǚyóu,团体旅游 tuántǐlǚyóu
3957,Where is…?,在哪里,…？ …zàinǎli?,在哪里 …？ …zàinǎli?
3958,I’m lost.,我迷路了,。 wǒ mílùle.,我迷路了 。 wǒ mílùle.
3959,Can you tell me the way to….?,你能告诉我到的路吗,…？ nǐ néng gàosù wǒ dào…delù ma?,你能告诉我到的路吗 …？ nǐ néng gàosù wǒ dào…delù ma?
3960,itinerary,旅行路线,lǚxíng lùxiàn,旅行路线 lǚxíng lùxiàn
3961,open,开门,kāimén,开门 kāimén
3962,closed,关门,guānmén,关门 guānmén
3963,entrance fee,入场费,rùchǎngfèi,入场费 rùchǎngfèi
3964,tourist information,旅游问询处,lǚyóu wènxúnchù,旅游问询处 lǚyóu wènxúnchù
3965,gardens,庭园,tíngyuán,庭园 tíngyuán
3966,casino,赌场,dǔchǎng,赌场 dǔchǎng
3967,historic building,历史建筑,lìshǐ jiànzhù,历史建筑 lìshǐ jiànzhù
3968,museum,博物馆,bówùguǎn,博物馆 bówùguǎn
3969,famous ruin,古迹,gǔjì,古迹 gǔjì
3970,exhibition,展览,zhǎnlǎn,展览 zhǎnlǎn
3971,monument,纪念碑,jìniànbēi,纪念碑 jìniànbēi
3972,exhibit,展品,zhǎnpǐn,展品 zhǎnpǐn
3973,floor plan,平面图,píngmiàntú,平面图 píngmiàntú
3974,national park,国家公园,guójiā gōngyuán,国家公园 guójiā gōngyuán
3975,art gallery,艺术馆,yìshùguǎn,艺术馆 yìshùguǎn
3976,sundial,日晷,rìguǐ,日晷 rìguǐ
3977,café,咖啡馆,kāfēiguǎn,咖啡馆 kāfēiguǎn
3978,roller coaster,过山车,guòshānchē,过山车 guòshānchē
3979,fairground,游乐园,yóulèyuán,游乐园 yóulèyuán
3980,formal gardens,法式花园,fǎshì huāyuán,法式花园 fǎshì huāyuán
3981,theme park,主题公园,zhǔtí gōngyuán,主题公园 zhǔtí gōngyuán
3982,zoo,动物园,dòngwùyuán,动物园 dòngwùyuán
3983,safari park,野生动物园,yěshēng dòngwùyuán,野生动物园 yěshēng dòngwùyuán
3984,footpath,小道,xiǎodào,小道 xiǎodào
3985,hamper,食物篮,shíwùlán,食物篮 shíwùlán
3986,swings,秋千,qiūqiān,秋千 qiūqiān
3987,sandpit,沙箱,shāxiāng,沙箱 shāxiāng
3988,cycling,骑自行车,qízìxíngchē,骑自行车 qízìxíngchē
3989,paddling pool,儿童戏水池,értóng xìshuǐchí,儿童戏水池 értóng xìshuǐchí
3990,horse riding,骑马,qímǎ,骑马 qímǎ
3991,bridle path,骑马专用道,qímǎ zhuānyòngdào,骑马专用道 qímǎ zhuānyòngdào
3992,picnic,野餐,yěcān,野餐 yěcān
3993,bird watching,观鸟,guānniǎo,观鸟 guānniǎo
3994,rollerblading,滚轴溜冰,gǔnzhóu liūbīng,滚轴溜冰 gǔnzhóu liūbīng
3995,hiking,远足,yuǎnzú,远足 yuǎnzú
3996,bikini,比基尼泳装,bǐjīníyǒngzhuāng,比基尼泳装 bǐjīníyǒngzhuāng
3997,beach hut,海滩小屋,hǎitān xiǎowū,海滩小屋 hǎitān xiǎowū
3998,hotel,旅馆,lǚguǎn,旅馆 lǚguǎn
3999,beach umbrella,遮阳伞,zhēyángsǎn,遮阳伞 zhēyángsǎn
4000,beach bag,海滨游泳袋,hǎibīn yóuyǒngdài,海滨游泳袋 hǎibīn yóuyǒngdài
4001,sea,海,hǎi,海 hǎi
4002,rubber ring,游泳圈,yóuyǒngquān,游泳圈 yóuyǒngquān
4003,sandcastle,沙堡,shābǎo,沙堡 shābǎo
4004,suntan lotion,防晒油,fángshàiyóu,防晒油 fángshàiyóu
4005,swimsuit,游泳衣,yóuyǒngyī,游泳衣 yóuyǒngyī
4006,promenade,海滨步道,hǎibīn bùdào,海滨步道 hǎibīn bùdào
4007,beach ball,浮水气球,fúshuǐqìqiú,浮水气球 fúshuǐqìqiú
4008,lifeguard tower,救生暸望塔,jiùshēng liáowàngtǎ,救生暸望塔 jiùshēng liáowàngtǎ
4009,windbreak,防风屏,fángfēngpíng,防风屏 fángfēngpíng
4010,beach towel,海滩浴巾,hǎitān yùjīn,海滩浴巾 hǎitān yùjīn
4011,deck chair,轻便折叠躺椅,qīngbiàn zhédiétǎngyǐ,轻便折叠躺椅 qīngbiàn zhédiétǎngyǐ
4012,waste disposal,垃圾箱,lājīxiāng,垃圾箱 lājīxiāng
4013,charcoal,木炭,mùtàn,木炭 mùtàn
4014,ﬁrelighter,引火物,yǐnhuǒwù,引火物 yǐnhuǒwù
4015,light a ﬁre (v),点火,diǎnhuǒ,点火 diǎnhuǒ
4016,campﬁre,营火,yínghuǒ,营火 yínghuǒ
4017,camp (v),露营,lùyíng,露营 lùyíng
4018,site manager’s ofﬁce,营地管理处,yíngdì guǎnlǐchù,营地管理处 yíngdì guǎnlǐchù
4019,pitches available,自由宿营地,zìyóu sùyíngdì,自由宿营地 zìyóu sùyíngdì
4020,shower block,浴室,yùshì,浴室 yùshì
4021,flysheet,防雨罩,fángyǔzhào,防雨罩 fángyǔzhào
4022,tent peg,地钉,dìdìng,地钉 dìdìng
4023,electric hook-up,接电装置,jiēdiàn zhuāngzhì,接电装置 jiēdiàn zhuāngzhì
4024,pitch a tent (v),支帐篷,zhīzhàngpéng,支帐篷 zhīzhàngpéng
4025,tent pole,帐篷杆,zhàngpénggǎn,帐篷杆 zhàngpénggǎn
4026,camp bed,行军床,xíngjūn chuáng,行军床 xíngjūn chuáng
4027,guy rope,防风绳,fángfēng shéng,防风绳 fángfēng shéng
4028,picnic bench,野餐长椅,yěcān chángyǐ,野餐长椅 yěcān chángyǐ
4029,hammock,吊床,diàochuáng,吊床 diàochuáng
4030,camper van,野营车,yěyíngchē,野营车 yěyíngchē
4031,trailer,拖车,tuōchē,拖车 tuōchē
4032,caravan,旅行拖车,lǚxíng tuōchē,旅行拖车 lǚxíng tuōchē
4033,sleeping mat,睡垫,shuìdiàn,睡垫 shuìdiàn
4034,walking boots,徒步靴,túbùxuē,徒步靴 túbùxuē
4035,vacuum flask,保温瓶,bǎowēnpíng,保温瓶 bǎowēnpíng
4036,ground sheet,铺地防潮布,pūdì fángcháobù,铺地防潮布 pūdì fángcháobù
4037,mosquito net,蚊帐,wénzhàng,蚊帐 wénzhàng
4038,torch,营地灯,yíngdìdēng,营地灯 yíngdìdēng
4039,barbecue,烧烤架,shāokǎojià,烧烤架 shāokǎojià
4040,thermals,保暖内衣,bǎonuǎn nèiyī,保暖内衣 bǎonuǎn nèiyī
4041,camping stove,野营炉,yěyínglú,野营炉 yěyínglú
4042,tent,帐篷,zhàngpéng,帐篷 zhàngpéng
4043,sleeping bag,睡袋,shuìdài,睡袋 shuìdài
4044,amplifier,功率放大器,gōnglǜ fàngdàqì,功率放大器 gōnglǜ fàngdàqì
4045,radio,收音机,shōuyīnjī,收音机 shōuyīnjī
4046,DVD player,播放机,DVD DVD bōfàngjī,播放机 DVD DVD bōfàngjī
4047,headphones,耳机,ěrjī,耳机 ěrjī
4048,record player,电唱机,diànchàngjī,电唱机 diànchàngjī
4049,mini disk recorder,录放机,MD MD lùfàngjī,录放机 MD MD lùfàngjī
4050,speaker stand,音箱架,yīnxiāngjià,音箱架 yīnxiāngjià
4051,DVD disk,光盘,DVD DVD guāngpán,光盘 DVD DVD guāngpán
4052,CD player,播放机,CD CD bōfàngjī,播放机 CD CD bōfàngjī
4053,personal CD player,便携式播放机,CD biànxiéshì CD bōfàngjī,便携式播放机 CD biànxiéshì CD bōfàngjī
4054,(loud) speaker,音箱,yīnxiāng,音箱 yīnxiāng
4055,eyecup,接目杯,jiēmùbēi,接目杯 jiēmùbēi
4056,controller,操纵手柄,cāozòng shǒubǐng,操纵手柄 cāozòng shǒubǐng
4057,satellite dish,卫星电视天线,wèixīng diànshì tiānxiàn,卫星电视天线 wèixīng diànshì tiānxiàn
4058,pay per view channel,收费频道,shōufèi píndào,收费频道 shōufèi píndào
4059,change channel (v),换频道,huàn píndào,换频道 huàn píndào
4060,on (v),开电视,kāidiànshì turn the television,开电视 kāidiànshì turn the television
4061,feature ﬁlm,故事片,gùshìpiàn,故事片 gùshìpiàn
4062,advertisement,广告,guǎnggào,广告 guǎnggào
4063,digital,数字式,shùzìshì,数字式 shùzìshì
4064,fast forward,快进,kuàijìn,快进 kuàijìn
4065,rewind,倒带,dǎodài,倒带 dǎodài
4066,video recorder,录像机,lùxiàngjī,录像机 lùxiàngjī
4067,widescreen television,宽屏电视,kuānpíng diànshì,宽屏电视 kuānpíng diànshì
4068,console,控制台,kòngzhìtái,控制台 kòngzhìtái
4069,stereo,立体声,lìtǐshēng,立体声 lìtǐshēng
4070,cable television,有线电视,yǒuxiàn diànshì,有线电视 yǒuxiàn diànshì
4071,stop,停止,tíngzhǐ,停止 tíngzhǐ
4072,compact disc,激光唱盘,jīguāng chàngpán,激光唱盘 jīguāng chàngpán
4073,cassette tape,盒式录音带,héshì lùyīndài,盒式录音带 héshì lùyīndài
4074,cassette player,盒式磁带录音机,héshì cídàilùyīnjī,盒式磁带录音机 héshì cídàilùyīnjī
4075,video tape,录像带,lùxiàngdài,录像带 lùxiàngdài
4076,pause,暂停,zàntíng,暂停 zàntíng
4077,watch television (v),看电视,kàndiànshì,看电视 kàndiànshì
4078,turn the television off (v),关电视,guāndiànshì,关电视 guāndiànshì
4079,tune the radio (v),调收音机,diàoshōuyīnjī,调收音机 diàoshōuyīnjī
4080,frame counter,曝光记数器,bàoguāngjì shùqì,曝光记数器 bàoguāngjì shùqì
4081,shutter release,快门键,kuàimén jiàn,快门键 kuàimén jiàn
4082,zoom lens,变焦镜头,biànjiāo jìngtóu,变焦镜头 biànjiāo jìngtóu
4083,lens caps,镜头盖,jìngtóugài,镜头盖 jìngtóugài
4084,disposable camera,一次性相机,yícìxìng xiàngjī,一次性相机 yícìxìng xiàngjī
4085,instant camera,立拍立现相机,lìpāi lìxiàn xiàngjī,立拍立现相机 lìpāi lìxiàn xiàngjī
4086,digital camera,数码相机,shùmǎ xiàngjī,数码相机 shùmǎ xiàngjī
4087,aperture dial,光圈调节环,guāngquān tiáojiéhuán,光圈调节环 guāngquān tiáojiéhuán
4088,shutter-speed dial,快门速度调节钮,kuàimén sùdù tiáojiéniǔ,快门速度调节钮 kuàimén sùdù tiáojiéniǔ
4089,lightmeter,曝光表,bàoguāngbiǎo,曝光表 bàoguāngbiǎo
4090,flash gun,闪光灯,shǎnguāngdēng,闪光灯 shǎnguāngdēng
4091,flash,闪光灯,shǎnguāngdēng,闪光灯 shǎnguāngdēng
4092,filter,滤镜,lǜjìng,滤镜 lǜjìng
4093,APS camera,一次成像全自动相机,yīcìchéngxiàng quánzìdòng xiàngjī,一次成像全自动相机 yīcìchéngxiàng quánzìdòng xiàngjī
4094,landscape,全景照,quánjǐngzhào,全景照 quánjǐngzhào
4095,film spool,胶卷,jiāojuǎn,胶卷 jiāojuǎn
4096,develop (v),冲洗,chōngxǐ,冲洗 chōngxǐ
4097,photo album,相册,xiàngcè,相册 xiàngcè
4098,underexposed,曝光不足,pùguāng bùzú,曝光不足 pùguāng bùzú
4099,red eye,红眼,hóngyǎn,红眼 hóngyǎn
4100,I’d like this ﬁlm processed,请冲洗这个胶卷,。 qǐng chōngxǐ zhège jiāojuǎn.,请冲洗这个胶卷 。 qǐng chōngxǐ zhège jiāojuǎn.
4101,viewﬁnder,取景器,qǔjǐngqì,取景器 qǔjǐngqì
4102,camera case,相机盒,xiàngjīhé,相机盒 xiàngjīhé
4103,exposure,曝光,pùguāng,曝光 pùguāng
4104,darkroom,暗室,ànshì,暗室 ànshì
4105,photo frame,相框,xiāngkuàng,相框 xiāngkuàng
4106,film,胶片,jiāopiān,胶片 jiāopiān
4107,negative,底片,dǐpiān,底片 dǐpiān
4108,overexposed,曝光过度,pùguāng guòdù,曝光过度 pùguāng guòdù
4109,portrait,人像照,rénxiàngzhào,人像照 rénxiàngzhào
4110,focus (v),调焦,tiáojiāo,调焦 tiáojiāo
4111,out of focus,调焦不准,tiáojiāo bùzhǔn,调焦不准 tiáojiāo bùzhǔn
4112,print,样片,yàngpiàn,样片 yàngpiàn
4113,enlargement,放大,fàngdà,放大 fàngdà
4114,rook,车,chē,车 chē
4115,monopoly,强手棋,qiángshǒuqí,强手棋 qiángshǒuqí
4116,dice,骰子,tóuzi,骰子 tóuzi
4117,draughts,国际跳棋,guójìtiàoqí,国际跳棋 guójìtiàoqí
4118,chess,国际象棋,guójìxiàngqí,国际象棋 guójìxiàngqí
4119,knight,马,mǎ,马 mǎ
4120,chessboard,棋盘,qípán,棋盘 qípán
4121,king,王,wáng,王 wáng
4122,bishop,象,xiàng,象 xiàng
4123,piece,棋子,qízǐ,棋子 qízǐ
4124,queen,后,hòu,后 hòu
4125,pawn,兵,bīng,兵 bīng
4126,Roll the dice.,掷骰子,。 zhìtóuzi.,掷骰子 。 zhìtóuzi.
4127,Whose turn is it?,该谁了,？ gāishuíle?,该谁了 ？ gāishuíle?
4128,It’s your move.,该你了,。 gāinǐle.,该你了 。 gāinǐle.
4129,point,点,diǎn,点 diǎn
4130,poker,扑克牌,pūkèpái,扑克牌 pūkèpái
4131,win (v),赢,yíng,赢 yíng
4132,winner,赢家,yíngjiā,赢家 yíngjiā
4133,lose (v),输,shū,输 shū
4134,dominoes,多米诺骨牌,duōmǐnuò gǔpái,多米诺骨牌 duōmǐnuò gǔpái
4135,joker,王牌,wángpái,王牌 wángpái
4136,club,梅花,méihuā,梅花 méihuā
4137,diamond,方块,fāngkuài,方块 fāngkuài
4138,pack of cards,一副牌,yīfùpái,一副牌 yīfùpái
4139,suit,同花,tonghuā,同花 tonghuā
4140,move,走棋,zǒuqí,走棋 zǒuqí
4141,play (v),玩,wán,玩 wán
4142,collecting,集邮,jíyóu I stamp,集邮 jíyóu I stamp
4143,loser,输家,shūjiā,输家 shūjiā
4144,indigo,靛青色,diànqīngsè,靛青色 diànqīngsè
4145,pink,粉红色,fěnhóngsè,粉红色 fěnhóngsè
4146,palette,调色板,tiáosèbǎn,调色板 tiáosèbǎn
4147,canvas,画布,huàbù,画布 huàbù
4148,poster paint,广告颜料,guǎnggào yánliào I,广告颜料 guǎnggào yánliào I
4149,pastels,彩色蜡笔,cǎisèlàbǐ,彩色蜡笔 cǎisèlàbǐ
4150,watercolour paint,水彩画颜料,shuǐcǎi huàyánliào,水彩画颜料 shuǐcǎi huàyánliào
4151,yellow,黄色,huángsè,黄色 huángsè
4152,oil paints,油画颜料,yóuhuà yánliào,油画颜料 yóuhuà yánliào
4153,artist,画家,huàjiā,画家 huàjiā
4154,acrylic paint,丙烯颜料,bǐngxī yánliào,丙烯颜料 bǐngxī yánliào
4155,paints,绿色,lǜsè I green,绿色 lǜsè I green
4156,cardboard,纸板,zhǐbǎn,纸板 zhǐbǎn
4157,potter’s wheel,陶工转盘,yáogōng zhuànpán,陶工转盘 yáogōng zhuànpán
4158,mallet,木槌,mùchuí,木槌 mùchuí
4159,origami,折纸,zhézhǐ,折纸 zhézhǐ
4160,jewellery making,珠宝制作,zhūbǎo zhìzuò,珠宝制作 zhūbǎo zhìzuò
4161,woodworking,木工,mùgōng,木工 mùgōng
4162,sketch pad,素描簿,sùmiáobù,素描簿 sùmiáobù
4163,modelling tool,刮刀,guādāo,刮刀 guādāo
4164,sketch,草图,cǎotú,草图 cǎotú
4165,papier-mâché,纸板制型,zhǐbǎnzhìxíng,纸板制型 zhǐbǎnzhìxíng
4166,sculpting,雕刻,diāokè,雕刻 diāokè
4167,ink,油墨,yóumò,油墨 yóumò
4168,glue,胶,jiāo,胶 jiāo
4169,model making,模型制作,móxíng zhìzuò,模型制作 móxíng zhìzuò
4170,pattern,纸样,zhǐyàng,纸样 zhǐyàng
4171,thimble,顶针,dǐngzhēn,顶针 dǐngzhēn
4172,tailor’s dummy,人体模型,réntǐ móxíng,人体模型 réntǐ móxíng
4173,material,布料,bùliào,布料 bùliào
4174,pincushion,针垫,zhēndiàn,针垫 zhēndiàn
4175,balance wheel,手轮,shǒulún,手轮 shǒulún
4176,needle plate,针板,zhēnbǎn,针板 zhēnbǎn
4177,thread guide,导线器,dǎoxiànqì,导线器 dǎoxiànqì
4178,tailor’s chalk,划粉,huáfěn,划粉 huáfěn
4179,thread,线,xiàn,线 xiàn
4180,stitch selector,针脚选择器,zhēnjiǎo xuǎnzéqì,针脚选择器 zhēnjiǎo xuǎnzéqì
4181,bobbin,线轴,xiànzhóu,线轴 xiànzhóu
4182,thread reel,绕线轴,ràoxiànzhóu,绕线轴 ràoxiànzhóu
4183,presser foot,压脚,yājiǎo,压脚 yājiǎo
4184,knitting needle,编织针,biānzhīzhēn,编织针 biānzhīzhēn
4185,lace-making,织边,zhībiān,织边 zhībiān
4186,loom,织布机,zhībùjī,织布机 zhībùjī
4187,needlepoint,绒绣,róngxiù,绒绣 róngxiù
4188,crochet,钩织,gōuzhī,钩织 gōuzhī
4189,patchwork,拼缝,pīnféng,拼缝 pīnféng
4190,sew (v),缝,féng,缝 féng
4191,stitch,针脚,zhēnjiǎo,针脚 zhēnjiǎo
4192,unpick (v),拆开,chāikāi,拆开 chāikāi
4193,fabric,布匹,bùpǐ,布匹 bùpǐ
4194,polyester,聚酯,jùzhǐ,聚酯 jùzhǐ
4195,wool,毛线,máoxiàn,毛线 máoxiàn
4196,quilting,绗缝,hángféng,绗缝 hángféng
4197,lace bobbin,线轴,xiànzhóu,线轴 xiànzhóu
4198,macramé,流苏花边,liúsū huābiān,流苏花边 liúsū huābiān
4199,darn (v),织补,zhībǔ,织补 zhībǔ
4200,nylon,尼龙,nílóng,尼龙 nílóng
4201,silk,丝绸,sīchóu,丝绸 sīchóu
4202,fashion,时尚,shíshàng,时尚 shíshàng
4203,zip,拉链,lāliàn,拉链 lāliàn
4204,embroidery,刺绣,cìxiù,刺绣 cìxiù
4205,thread (v),穿针,chuānzhēn,穿针 chuānzhēn
4206,weaving,纺织,fǎngzhī,纺织 fǎngzhī
4207,crochet hook,钩针,gōuzhēn,钩针 gōuzhēn
4208,environment,环境,huánjìng,环境 huánjìng
4209,Jupiter,木星,mùxīng,木星 mùxīng
4210,black hole,黑洞,hēidòng,黑洞 hēidòng
4211,planet,行星,xíngxīng,行星 xíngxīng
4212,meteor,流星,liúxīng,流星 liúxīng
4213,star,星,xīng,星 xīng
4214,universe,宇宙,yǔzhòu,宇宙 yǔzhòu
4215,orbit,轨道,guǐdào,轨道 guǐdào
4216,gravity,重力,zhònglì,重力 zhònglì
4217,asteroid,小行星,xiǎoxíngxīng,小行星 xiǎoxíngxīng
4218,Mars,火星,huǒxīng,火星 huǒxīng
4219,Neptune,海王星,hǎiwángxīng,海王星 hǎiwángxīng
4220,Venus,金星,jīnxīng,金星 jīnxīng
4221,Mercury,水星,shuǐxīng,水星 shuǐxīng
4222,Uranus,天王星,tiānwángxīng,天王星 tiānwángxīng
4223,nebula,星云,xīngyún,星云 xīngyún
4224,Saturn,土星,tǔxīng,土星 tǔxīng
4225,galaxy,星系,xīngxì,星系 xīngxì
4226,Pluto,冥王星,míngwángxīng,冥王星 míngwángxīng
4227,comet,彗星,huìxīng,彗星 huìxīng
4228,Earth,地球,dìqiú,地球 dìqiú
4229,full moon,满月,mǎnyuè,满月 mǎnyuè
4230,new moon,新月,xīnyuè,新月 xīnyuè
4231,crescent moon,弦月,xiányuè,弦月 xiányuè
4232,Sun,太阳,tàiyáng,太阳 tàiyáng
4233,Moon,月球,yuèqiú,月球 yuèqiú
4234,crew hatch,舱门,cāngmén,舱门 cāngmén
4235,telescope,天文望远镜,tiānwén wàngyuǎnjìng,天文望远镜 tiānwén wàngyuǎnjìng
4236,thruster,助推器,zhùtuīqì,助推器 zhùtuīqì
4237,space shuttle,航天飞机,hángtiān fēijī,航天飞机 hángtiān fēijī
4238,launch,发射,fāshè,发射 fāshè
4239,constellation,星座,xīngzuò,星座 xīngzuò
4240,satellite,人造卫星,rénzàowèixīng,人造卫星 rénzàowèixīng
4241,astronaut,宇航员,yǔhángyuán,宇航员 yǔhángyuán
4242,booster,推进器,tuījìnqì,推进器 tuījìnqì
4243,binoculars,双筒望远镜,shuāngtǒng wàngyuǎnjìng,双筒望远镜 shuāngtǒng wàngyuǎnjìng
4244,launch pad,发射架,fāshèjià,发射架 fāshèjià
4245,space station,空间站,kōngjiān zhàn,空间站 kōngjiān zhàn
4246,space suit,太空服,tàikōngfú,太空服 tàikōngfú
4247,continent,大陆,dàlù,大陆 dàlù
4248,mantle,地幔,dìmàn,地幔 dìmàn
4249,mountain range,山脉,shānmài,山脉 shānmài
4250,land,陆地,lùdì,陆地 lùdì
4251,outer core,外核,wàihé,外核 wàihé
4252,atmosphere,大气层,dàqìcéng,大气层 dàqìcéng
4253,island,岛屿,dǎoyǔ,岛屿 dǎoyǔ
4254,peninsula,半岛,bàndǎo,半岛 bàndǎo
4255,ocean,大洋,dàyáng,大洋 dàyáng
4256,inner core,内核,nèihé,内核 nèihé
4257,tropic of Capricorn,南回归线,nánhuíguīxiàn,南回归线 nánhuíguīxiàn
4258,southern hemisphere,南半球,nánbànqiú,南半球 nánbànqiú
4259,northern hemisphere,北半球,běibànqiú,北半球 běibànqiú
4260,tropics,热带,rèdài,热带 rèdài
4261,magma,岩浆,yánjiāng,岩浆 yánjiāng
4262,Arctic circle,北极圈,běijíquān,北极圈 běijíquān
4263,vent,火山道,huǒshāndào,火山道 huǒshāndào
4264,earthquake,地震,dìzhèn,地震 dìzhèn
4265,erupt (v),喷发,pēnfā,喷发 pēnfā
4266,vocabulary,震动,zhèndòng tremor,震动 zhèndòng tremor
4267,North pole,北极,běijí,北极 běijí
4268,ash,火山灰,huǒshānhuī,火山灰 huǒshānhuī
4269,latitude,纬线,wěixiàn,纬线 wěixiàn
4270,tropic of Cancer,北回归线,běihuíguīxiàn,北回归线 běihuíguīxiàn
4271,equator,赤道,chìdào,赤道 chìdào
4272,longitude,经线,jīngxiàn,经线 jīngxiàn
4273,lava,熔岩,róngyán,熔岩 róngyán
4274,hill,丘陵,qiūlíng,丘陵 qiūlíng
4275,bank,河岸,hé’àn,河岸 hé’àn
4276,gorge,峡谷,xiágǔ,峡谷 xiágǔ
4277,slope,山坡,shānpō,山坡 shānpō
4278,rocks,岩石,yánshí,岩石 yánshí
4279,cave,岩洞,yándòng,岩洞 yándòng
4280,mountain,山,shān,山 shān
4281,glacier,冰河,bīnghé,冰河 bīnghé
4282,river,河流,héliú,河流 héliú
4283,plateau,高原,gāoyuán,高原 gāoyuán
4284,coast,海岸,hǎi’àn,海岸 hǎi’àn
4285,grassland,草原,cǎoyuán,草原 cǎoyuán
4286,rainforest,雨林,yǔlín,雨林 yǔlín
4287,geyser,间歇喷泉,jiànxiē pēnquán,间歇喷泉 jiànxiē pēnquán
4288,meadow,草场,cǎochǎng,草场 cǎochǎng
4289,swamp,沼泽,zhǎozé,沼泽 zhǎozé
4290,estuary,河口,hékǒu,河口 hékǒu
4291,waterfall,瀑布,pùbù,瀑布 pùbù
4292,stream,溪流,xīliú,溪流 xīliú
4293,lake,湖,hú,湖 hú
4294,coral reef,珊瑚礁,shānhújiāo,珊瑚礁 shānhújiāo
4295,cliff,悬崖,xuányá,悬崖 xuányá
4296,sunny,阳光明媚,yángguāng míngmèi,阳光明媚 yángguāng míngmèi
4297,cloudy,多云,duōyún,多云 duōyún
4298,wet,潮,cháo,潮 cháo
4299,humid,湿润,shīrùn,湿润 shīrùn
4300,sleet,雨夹雪,yǔjiáxuě,雨夹雪 yǔjiáxuě
4301,hail,冰雹,bīngbáo,冰雹 bīngbáo
4302,thunder,雷,léi,雷 léi
4303,ultraviolet rays,紫外线,zǐwàixiàn,紫外线 zǐwàixiàn
4304,stratosphere,同温层,tóngwēncéng,同温层 tóngwēncéng
4305,exosphere,外逸层,wàiyìcéng,外逸层 wàiyìcéng
4306,ionosphere,电离层,diànlícéng,电离层 diànlícéng
4307,windy,多风,duōfēng,多风 duōfēng
4308,gale,狂风,kuángfēng,狂风 kuángfēng
4309,temperature,温度,wēndù,温度 wēndù
4310,hot,热,rè,热 rè
4311,warm,温暖,wēnnuǎn,温暖 wēnnuǎn
4312,ozone layer,臭氧层,chòuyǎngcéng,臭氧层 chòuyǎngcéng
4313,troposphere,对流层,duìliúcéng,对流层 duìliúcéng
4314,aurora,极光,jíguāng,极光 jíguāng
4315,mesosphere,中间层,zhōngjiāncéng,中间层 zhōngjiāncéng
4316,I’m hot/cold.,我热冷,/。 wǒ rè/lěng.,我热冷 /。 wǒ rè/lěng.
4317,It’s raining.,正在下雨,。 zhèngzài xiàyǔ.,正在下雨 。 zhèngzài xiàyǔ.
4318,It’s … degrees.,度,… dù…,度 … dù…
4319,thermosphere,热层,rècéng,热层 rècéng
4320,lightning,闪电,shǎndiàn,闪电 shǎndiàn
4321,tornado,龙卷风,lóngjuǎnfēng,龙卷风 lóngjuǎnfēng
4322,icicle,冰柱,bīngzhù,冰柱 bīngzhù
4323,ruby,红宝石,hóngbǎoshí,红宝石 hóngbǎoshí
4324,marble,大理石,dàlǐshí,大理石 dàlǐshí
4325,slate,板岩,bǎnyán,板岩 bǎnyán
4326,pumice,浮石,fúshí,浮石 fúshí
4327,conglomerate,砾岩,lìyán,砾岩 lìyán
4328,sandstone,砂岩,shāyán,砂岩 shāyán
4329,granite,花岗岩,huāgāngyán,花岗岩 huāgāngyán
4330,jet,黑玉,hēiyù,黑玉 hēiyù
4331,emerald,绿宝石,lǜbǎoshí,绿宝石 lǜbǎoshí
4332,amethyst,紫水晶,zǐshuǐjīng,紫水晶 zǐshuǐjīng
4333,moonstone,月长石,yuèzhǎngshí,月长石 yuèzhǎngshí
4334,topaz,黄玉,huángyù,黄玉 huángyù
4335,metamorphic,海蓝宝石,hǎilánbǎoshí aquamarine,海蓝宝石 hǎilánbǎoshí aquamarine
4336,schist,页岩,yèyán,页岩 yèyán
4337,flint,燧石,suìshí,燧石 suìshí
4338,limestone,石灰岩,shíhuīyán,石灰岩 shíhuīyán
4339,garnet,石榴石,shíliúshí,石榴石 shíliúshí
4340,jade,玉石,yùshí,玉石 yùshí
4341,igneous,电气石,diànqìshí tourmaline,电气石 diànqìshí tourmaline
4342,basalt,玄武岩,xuánwǔyán,玄武岩 xuánwǔyán
4343,obsidian,黑曜岩,hēiyàoyán,黑曜岩 hēiyàoyán
4344,opal,蛋白石,dànbáishí,蛋白石 dànbáishí
4345,coal,煤,méi,煤 méi
4346,sapphire,蓝宝石,lánbǎoshí,蓝宝石 lánbǎoshí
4347,gneiss,片麻岩,piànmáyán,片麻岩 piànmáyán
4348,hematite,赤铁矿,chìtiěkuàng,赤铁矿 chìtiěkuàng
4349,sulphur,硫磺,liúhuáng,硫磺 liúhuáng
4350,malachite,孔雀石,kǒngquèshí,孔雀石 kǒngquèshí
4351,onyx,缟玛瑙,gǎomǎnǎo,缟玛瑙 gǎomǎnǎo
4352,graphite,石墨,shímò,石墨 shímò
4353,platinum,铂,bó,铂 bó
4354,tin,锡,xī,锡 xī
4355,calcite,方解石,fāngjiěshí,方解石 fāngjiěshí
4356,turquoise,绿松石,lǜsōngshí,绿松石 lǜsōngshí
4357,aluminium,铝,lǚ,铝 lǚ
4358,quartz,石英,shíyīng,石英 shíyīng
4359,nickel,镍,niè,镍 niè
4360,zinc,锌,xīn,锌 xīn
4361,mica,云母,yúnmǔ,云母 yúnmǔ
4362,copper,铜,tóng,铜 tóng
4363,agate,玛瑙,mǎnǎo,玛瑙 mǎnǎo
4364,whiskers,腮须,sāixū,腮须 sāixū
4365,seal,海豹,hǎibào,海豹 hǎibào
4366,hedgehog,刺猥,cìwěi,刺猥 cìwěi
4367,walrus,海象,hǎixiàng,海象 hǎixiàng
4368,dog,狗,gǒu,狗 gǒu
4369,rat,老鼠,lǎoshǔ,老鼠 lǎoshǔ
4370,kitten,小猫,xiǎomāo,小猫 xiǎomāo
4371,otter,水獭,shuǐtǎ,水獭 shuǐtǎ
4372,puppy,小狗,xiǎogǒu,小狗 xiǎogǒu
4373,squirrel,松鼠,sōngshǔ,松鼠 sōngshǔ
4374,cat,猫,māo,猫 māo
4375,whale,鲸,jīng,鲸 jīng
4376,hamster,仓鼠,cāngshǔ,仓鼠 cāngshǔ
4377,sea lion,海狮,hǎishī,海狮 hǎishī
4378,dolphin,海豚,hǎitún,海豚 hǎitún
4379,wolf,狼,láng,狼 láng
4380,blowhole,喷水孔,pēnshuǐkǒng,喷水孔 pēnshuǐkǒng
4381,fox,狐狸,húli,狐狸 húli
4382,pup,小海豹,xiǎohǎibào,小海豹 xiǎohǎibào
4383,raccoon,浣熊,huànxióng,浣熊 huànxióng
4384,lion,狮子,shīzi,狮子 shīzi
4385,polar bear,北极熊,běijí xióng,北极熊 běijí xióng
4386,camel,骆驼,luòtuó,骆驼 luòtuó
4387,elephant,象,xiàng,象 xiàng
4388,bear,熊,xióng,熊 xióng
4389,trunk,象鼻,xiàngbí,象鼻 xiàngbí
4390,hump,驼峰,tuófēng,驼峰 tuófēng
4391,rhinoceros,犀牛,xīniú,犀牛 xīniú
4392,gorilla,大猩猩,dàxīngxing,大猩猩 dàxīngxing
4393,panda,熊猫,xióngmāo,熊猫 xióngmāo
4394,pouch,育儿袋,yù’érdài,育儿袋 yù’érdài
4395,antler,鹿角,lùjiǎo,鹿角 lùjiǎo
4396,kangaroo,袋鼠,dàishǔ,袋鼠 dàishǔ
4397,giraffe,长颈鹿,chángjǐnglù,长颈鹿 chángjǐnglù
4398,deer,鹿,lù,鹿 lù
4399,hippopotamus,河马,hémǎ,河马 hémǎ
4400,koala,树袋熊,shùdài xióng,树袋熊 shùdài xióng
4401,tusk,长牙,chángyá,长牙 chángyá
4402,zebra,斑马,bānmǎ,斑马 bānmǎ
4403,claw,爪,zhǎo,爪 zhǎo
4404,monkey,猴子,hóuzi,猴子 hóuzi
4405,tiger,虎,hǔ,虎 hǔ
4406,crow,乌鸦,wūyā,乌鸦 wūyā
4407,gull,海鸥,hǎi’ōu,海鸥 hǎi’ōu
4408,ostrich,鸵鸟,tuóniǎo,鸵鸟 tuóniǎo
4409,stork,鹳,guàn,鹳 guàn
4410,eagle,鹰,yīng,鹰 yīng
4411,woodpecker,啄木鸟,zhuómùniǎo,啄木鸟 zhuómùniǎo
4412,sparrow,麻雀,máquè,麻雀 máquè
4413,canary,金丝雀,jīnsīquè,金丝雀 jīnsīquè
4414,flamingo,火烈鸟,huǒlièniǎo,火烈鸟 huǒlièniǎo
4415,penguin,企鹅,qǐé,企鹅 qǐé
4416,hummingbird,蜂鸟,fēngniǎo,蜂鸟 fēngniǎo
4417,owl,猫头鹰,māotóuyīng,猫头鹰 māotóuyīng
4418,pelican,鹈鹕,tíhú,鹈鹕 tíhú
4419,pigeon,鸽子,gēzi,鸽子 gēzi
4420,swallow,燕子,yànzi,燕子 yànzi
4421,falcon,隼,sǔn,隼 sǔn
4422,snout,吻,wěn,吻 wěn
4423,feather,羽毛,yǔmáo,羽毛 yǔmáo
4424,parrot,鹦鹉,yīngwǔ,鹦鹉 yīngwǔ
4425,snake,蛇,shé,蛇 shé
4426,turtle,海龟,hǎiguī,海龟 hǎiguī
4427,alligator,短吻鳄,duǎnwěn’è,短吻鳄 duǎnwěn’è
4428,pheasant,雉,zhì,雉 zhì
4429,swan,天鹅,tiāné,天鹅 tiāné
4430,crocodile,鳄鱼,èyú,鳄鱼 èyú
4431,iguana,鬣蜥,lièxī,鬣蜥 lièxī
4432,lizard,蜥蜴,xīyì,蜥蜴 xīyì
4433,cockatoo,美冠鹦鹉,měiguàn yīngwǔ,美冠鹦鹉 měiguàn yīngwǔ
4434,peacock,孔雀,kǒngquè,孔雀 kǒngquè
4435,tortoise,龟,guī,龟 guī
4436,sea horse,海马,hǎimǎ,海马 hǎimǎ
4437,gill,鳃,sāi,鳃 sāi
4438,pectoral fin,胸鳍,xiōngqí,胸鳍 xiōngqí
4439,shark,鲨鱼,shāyú,鲨鱼 shāyú
4440,ray,魟鱼,hóngyú,魟鱼 hóngyú
4441,tadpole,蝌蚪,kēdǒu,蝌蚪 kēdǒu
4442,frog,蛙,wā,蛙 wā
4443,goldfish,金鱼,jīnyú,金鱼 jīnyú
4444,salamander,蝾螈,róngyuán,蝾螈 róngyuán
4445,toad,蟾蜍,chánchú,蟾蜍 chánchú
4446,dorsal fin,背鳍,bèiqí,背鳍 bèiqí
4447,eel,鳗鱼,mányú,鳗鱼 mányú
4448,cockroach,蟑螂,zhāngláng,蟑螂 zhāngláng
4449,starfish,海星,hǎixīng,海星 hǎixīng
4450,snail,蜗牛,wōniú,蜗牛 wōniú
4451,dragonfly,蜻蜓,qīngtíng,蜻蜓 qīngtíng
4452,mosquito,蚊子,wénzi,蚊子 wénzi
4453,spider,蜘蛛,zhīzhū,蜘蛛 zhīzhū
4454,praying mantis,螳螂,tángláng,螳螂 tángláng
4455,butterfly,蝴蝶,húdié,蝴蝶 húdié
4456,caterpillar,毛虫,máochóng,毛虫 máochóng
4457,wasp,黄蜂,huángfēng,黄蜂 huángfēng
4458,termite,白蚁,báiyǐ,白蚁 báiyǐ
4459,antenna,触角,chùjiǎo,触角 chùjiǎo
4460,ant,蚂蚁,mǎyǐ,蚂蚁 mǎyǐ
4461,centipede,蜈蚣,wúgōng,蜈蚣 wúgōng
4462,grasshopper,蚱蜢,zhàměng,蚱蜢 zhàměng
4463,cocoon,茧,jiǎn,茧 jiǎn
4464,bee,蜜蜂,mìfēng,蜜蜂 mìfēng
4465,ladybird,瓢虫,piáochóng,瓢虫 piáochóng
4466,moth,蛾,é,蛾 é
4467,scorpion,蝎子,xiēzi,蝎子 xiēzi
4468,slug,蛞蝓,kuòyú,蛞蝓 kuòyú
4469,beetle,甲壳虫,jiǎqiàochóng,甲壳虫 jiǎqiàochóng
4470,twig,细枝,xìzhī,细枝 xìzhī
4471,poplar,白杨,báiyáng,白杨 báiyáng
4472,eucalyptus,桉树,ānshù,桉树 ānshù
4473,larch,落叶松,luòyèsōng,落叶松 luòyèsōng
4474,holly,冬青树,dōngqīngshù,冬青树 dōngqīngshù
4475,elm,榆树,yúshù,榆树 yúshù
4476,willow,柳树,liǔshù,柳树 liǔshù
4477,beech,山毛榉,shānmáojǔ,山毛榉 shānmáojǔ
4478,pine,松树,sōngshù,松树 sōngshù
4479,maple,枫树,fēngshù,枫树 fēngshù
4480,bark,树皮,shùpí,树皮 shùpí
4481,berry,浆果,jiāngguǒ,浆果 jiāngguǒ
4482,cedar,雪松,xuěsōng,雪松 xuěsōng
4483,birch,桦树,huàshù,桦树 huàshù
4484,calyx,花萼,huā’è,花萼 huā’è
4485,petal,花瓣,huābàn,花瓣 huābàn
4486,poppy,罂粟,yīngsù,罂粟 yīngsù
4487,thistle,蓟,jì,蓟 jì
4488,buttercup,毛茛,máogèn,毛茛 máogèn
4489,lupins,羽扇豆,yǔshàndòu,羽扇豆 yǔshàndòu
4490,bluebells,野风信子,yěfēngxìnzǐ,野风信子 yěfēngxìnzǐ
4491,foxglove,毛地黄,máodìhuáng,毛地黄 máodìhuáng
4492,stamen,雄蕊,xióngruǐ,雄蕊 xióngruǐ
4493,primrose,樱草,yīngcǎo,樱草 yīngcǎo
4494,honeysuckle,忍冬,rěndōng,忍冬 rěndōng
4495,clover,苜蓿,mùxu,苜蓿 mùxu
4496,flower,花,huā,花 huā
4497,nettle,荨麻,qiánmá,荨麻 qiánmá
4498,heather,石南花,shínánhuā,石南花 shínánhuā
4499,street corner,街角,jiējiǎo,街角 jiējiǎo
4500,pavement,人行道,rénxíngdào,人行道 rénxíngdào
4501,street light,路灯,lùdēng,路灯 lùdēng
4502,car park,停车场,tíngchēchǎng,停车场 tíngchēchǎng
4503,shop,商店,shāngdiàn,商店 shāngdiàn
4504,office block,办公楼,bàngōnglóu,办公楼 bàngōnglóu
4505,street sign,路标,lùbiāo,路标 lùbiāo
4506,street,街道,jiēdào,街道 jiēdào
4507,intersection,十字路口,shízìlùkǒu,十字路口 shízìlùkǒu
4508,block,公寓楼,gōngyùlóu apartment,公寓楼 gōngyùlóu apartment
4509,alley,小巷,xiǎoxiàng,小巷 xiǎoxiàng
4510,one-way system,单行道,dānhángdào,单行道 dānhángdào
4511,kerb,路沿,lùyán,路沿 lùyán
4512,church,教堂,jiàotáng,教堂 jiàotáng
4513,manhole,检修井,jiǎnxiūjǐng,检修井 jiǎnxiūjǐng
4514,pedestrian zone,步行区,bùxíngqū,步行区 bùxíngqū
4515,avenue,林阴道,línyīndào,林阴道 línyīndào
4516,industrial estate,工业区,gōngyèqū,工业区 gōngyèqū
4517,cinema,电影院,diànyǐngyuàn,电影院 diànyǐngyuàn
4518,school,学校,xuéxiào,学校 xuéxiào
4519,suburb,郊区,jiāoqū,郊区 jiāoqū
4520,city,市区,shìqū,市区 shìqū
4521,town hall,市政厅,shìzhèngtīng,市政厅 shìzhèngtīng
4522,side street,小街,xiǎojiē,小街 xiǎojiē
4523,university,大学,dàxué,大学 dàxué
4524,village,村庄,cūnzhuāng,村庄 cūnzhuāng
4525,factory,工厂,gōngchǎng,工厂 gōngchǎng
4526,theatre,剧院,jùyuàn,剧院 jùyuàn
4527,skyscraper,摩天大楼,mótiān dàlóu,摩天大楼 mótiān dàlóu
4528,library,图书馆,túshūguǎn,图书馆 túshūguǎn
4529,cornice,檐口,yánkǒu,檐口 yánkǒu
4530,tower,塔,tǎ,塔 tǎ
4531,finial,尖顶饰,jiāndǐngshì,尖顶饰 jiāndǐngshì
4532,dome,圆顶,yuándǐng,圆顶 yuándǐng
4533,turret,角楼,jiǎolóu,角楼 jiǎolóu
4534,castle,城堡,chéngbǎo,城堡 chéngbǎo
4535,spire,尖顶,jiāndǐng,尖顶 jiāndǐng
4536,pillar,柱,zhù,柱 zhù
4537,synagogue,犹太教会堂,yóutàijiào huìtáng,犹太教会堂 yóutàijiào huìtáng
4538,dam,水坝,shuǐbà,水坝 shuǐbà
4539,moat,壕沟,háogōu,壕沟 háogōu
4540,gable,三角墙,sānjiǎoqiáng,三角墙 sānjiǎoqiáng
4541,mosque,清真寺,qīngzhēnsì,清真寺 qīngzhēnsì
4542,art nouveau,新艺术风格,xīn yìshù fēnggé,新艺术风格 xīn yìshù fēnggé
4543,architrave,柱顶楣梁,zhùdǐng méiliáng,柱顶楣梁 zhùdǐng méiliáng
4544,frieze,檐壁,yánbì,檐壁 yánbì
4545,neoclassical,新古典主义风格,xīn gǔdiǎnzhǔyì fēnggé,新古典主义风格 xīn gǔdiǎnzhǔyì fēnggé
4546,rococo,洛可可式,luòkěkěshì,洛可可式 luòkěkěshì
4547,art deco,装饰艺术风格,zhuāngshìyìshù fēnggé,装饰艺术风格 zhuāngshìyìshù fēnggé
4548,choir,圣坛,shèngtán,圣坛 shèngtán
4549,Renaissance,文艺复兴时期风格,wényìfùxīng shíqī fēnggé,文艺复兴时期风格 wényìfùxīng shíqī fēnggé
4550,buttress,扶墙,fúqiáng,扶墙 fúqiáng
4551,baroque,巴洛克式,bāluòkèshì,巴洛克式 bāluòkèshì
4552,pediment,三角楣,sānjiǎoméi,三角楣 sānjiǎoméi
4553,reference,日常便览,rìcháng biànlǎn,日常便览 rìcháng biànlǎn
4554,two o’clock,两点钟,liǎngdiǎn zhōng,两点钟 liǎngdiǎn zhōng
4555,five past one,一点五分,yìdiǎn wǔ fēn,一点五分 yìdiǎn wǔ fēn
4556,ten past one,一点十分,yìdiǎn shí fēn,一点十分 yìdiǎn shí fēn
4557,ten to two,一点五十分,yìdiǎn wǔshí fēn,一点五十分 yìdiǎn wǔshí fēn
4558,twenty five to two,一点三十五分,yìdiǎn sānshíwǔ fēn,一点三十五分 yìdiǎn sānshíwǔ fēn
4559,twenty five past one,一点二十五分,yìdiǎn èrshíwǔ fēn,一点二十五分 yìdiǎn èrshíwǔ fēn
4560,It’s three o’clock.,三点了,。 sāndiǎn le.,三点了 。 sāndiǎn le.
4561,hour,一刻钟,yí kèzhōng a quarter of an,一刻钟 yí kèzhōng a quarter of an
4562,twenty minutes,二十分钟,èrshí fēnzhōng,二十分钟 èrshí fēnzhōng
4563,forty minutes,四十分钟,sìshí fēnzhōng,四十分钟 sìshí fēnzhōng
4564,second,秒,miǎo,秒 miǎo
4565,minute,分钟,fēnzhōng,分钟 fēnzhōng
4566,minute hand,分针,fēnzhēn,分针 fēnzhēn
4567,twenty to two,一点四十分,yìdiǎn sìshí fēn,一点四十分 yìdiǎn sìshí fēn
4568,quarter to two,一点四十五分,yìdiǎn sānshíwǔ fēn,一点四十五分 yìdiǎn sānshíwǔ fēn
4569,one thirty,一点半,yìdiǎnbàn,一点半 yìdiǎnbàn
4570,What time is it?,几点了,？ jǐ diǎn le?,几点了 ？ jǐ diǎn le?
4571,hour hand,时针,shízhēn,时针 shízhēn
4572,second hand,秒针,miǎozhēn,秒针 miǎozhēn
4573,quarter past one,一点十五分,yìdiǎn shíwǔ fēn,一点十五分 yìdiǎn shíwǔ fēn
4574,twenty past one,一点二十分,yìdiǎn èrshí fēn,一点二十分 yìdiǎn èrshí fēn
4575,now,现在,xiànzài,现在 xiànzài
4576,later,以后,yǐhòu,以后 yǐhòu
4577,half an hour,半小时,bàn xiǎoshí,半小时 bàn xiǎoshí
4578,five to two,一点五十五分,yìdiǎn wǔshíwǔ fēn,一点五十五分 yìdiǎn wǔshíwǔ fēn
4579,midday,正午,zhèngwǔ,正午 zhèngwǔ
4580,What time does it ﬁnish?,几点结束,？ jǐdiǎn jiéshù?,几点结束 ？ jǐdiǎn jiéshù?
4581,It’s getting late.,天晚了,。 tiān wǎnle.,天晚了 。 tiān wǎnle.
4582,How long will it last?,会持续多久,？ huì chíxù duōjiǔ?,会持续多久 ？ huì chíxù duōjiǔ?
4583,You’re early.,你来早了,。 nǐ lái zǎo le.,你来早了 。 nǐ lái zǎo le.
4584,You’re late.,你迟到了,。 nǐ chídào le.,你迟到了 。 nǐ chídào le.
4585,I’ll be there soon.,我马上就到,。 wǒ mǎshàng jiùdào.,我马上就到 。 wǒ mǎshàng jiùdào.
4586,Please be on time.,请准时些,。 qǐng zhǔnshí xiē.,请准时些 。 qǐng zhǔnshí xiē.
4587,I’ll see you later.,待会儿见,。 dàihuìer jiàn.,待会儿见 。 dàihuìer jiàn.
4588,sunset,日落,rìluò,日落 rìluò
4589,early,早,zǎo,早 zǎo
4590,on time,准时,zhǔnshí,准时 zhǔnshí
4591,late,迟,chí,迟 chí
4592,Sunday,星期日,xīngqīrì,星期日 xīngqīrì
4593,Saturday,星期六,xīngqīliù,星期六 xīngqīliù
4594,Friday,星期五,xīngqīwǔ,星期五 xīngqīwǔ
4595,Thursday,星期四,xīngqīsì,星期四 xīngqīsì
4596,Wednesday,星期三,xīngqīsān,星期三 xīngqīsān
4597,Tuesday,星期二,xīngqīèr,星期二 xīngqīèr
4598,Monday,星期一,xīngqīyī,星期一 xīngqīyī
4599,November,十一月,shíyīyuè,十一月 shíyīyuè
4600,December,十二月,shíèryuè,十二月 shíèryuè
4601,September,九月,jiǔyuè,九月 jiǔyuè
4602,October,十月,shíyuè,十月 shíyuè
4603,July,七月,qīyuè,七月 qīyuè
4604,August,八月,bāyuè,八月 bāyuè
4605,May,五月,wǔyuè,五月 wǔyuè
4606,June,六月,liùyuè,六月 liùyuè
4607,March,三月,sānyuè,三月 sānyuè
4608,April,四月,sìyuè,四月 sìyuè
4609,January,一月,yīyuè,一月 yīyuè
4610,February,二月,èryuè,二月 èryuè
4611,month,月,yuè,月 yuè
4612,weekend,周末,zhōumò,周末 zhōumò
4613,yesterday,昨天,zuótiān,昨天 zuótiān
4614,tomorrow,明天,míngtiān,明天 míngtiān
4615,today,今天,jīntiān,今天 jīntiān
4616,work day,工作日,gōngzuòrì,工作日 gōngzuòrì
4617,week,星期,xīngqī,星期 xīngqī
4618,day,日,rì,日 rì
4619,the day after tomorrow,后天,hòutiān,后天 hòutiān
4620,weekly,每周,měizhōu,每周 měizhōu
4621,monthly,每月,měiyuè,每月 měiyuè
4622,What’s the date today?,今天几号,？ jīntiān jǐhào?,今天几号 ？ jīntiān jǐhào?
4623,thousand and two.,今天是二二年二月七日,"○○。 jīntiān shì èrlínglíngèr nián èryuè qīrì. It’s February seventh, two","今天是二二年二月七日 ○○。 jīntiān shì èrlínglíngèr nián èryuè qīrì. It’s February seventh, two"
4624,this week,本周,běnzhōu,本周 běnzhōu
4625,last week,上周,shàngzhōu,上周 shàngzhōu
4626,next week,下周,xiàzhōu,下周 xiàzhōu
4627,the day before yesterday,前天,qiántiān,前天 qiántiān
4628,century,世纪,shìjì,世纪 shìjì
4629,decade,十年,shínián,十年 shínián
4630,millennium,千年,qiānnián,千年 qiānnián
4631,fortnight,两周,liǎngzhōu,两周 liǎngzhōu
4632,third,第三,dìsān,第三 dìsān
4633,first,第一,dìyī,第一 dìyī
4634,millimetre,毫米,háomǐ,毫米 háomǐ
4635,inch,英寸,yīngcùn,英寸 yīngcùn
4636,kilogram,千克,qiānkè,千克 qiānkè
4637,measure (v),测量,cèliáng,测量 cèliáng
4638,weigh (v),称重量,chēng zhòngliàng,称重量 chēng zhòngliàng
4639,yard,码,mǎ,码 mǎ
4640,metre,米,mǐ,米 mǐ
4641,pan,秤盘,chèngpán,秤盘 chèngpán
4642,pound,磅,bàng,磅 bàng
4643,kilometre,公里,gōnglǐ,公里 gōnglǐ
4644,ounce,盎司,àngsī,盎司 àngsī
4645,square metre,平方米,píngfāng mǐ,平方米 píngfāng mǐ
4646,square foot,平方英尺,píngfāng yīngchǐ,平方英尺 píngfāng yīngchǐ
4647,mile,英里,yīnglǐ,英里 yīnglǐ
4648,centimetre,厘米,límǐ,厘米 límǐ
4649,gram,克,kè,克 kè
4650,tonne,吨,dūn,吨 dūn
4651,milligram,毫克,háokè,毫克 háokè
4652,bag,袋,dài,袋 dài
4653,pack,纸盒,zhǐhé,纸盒 zhǐhé
4654,tube,软管,ruǎnguǎn,软管 ruǎnguǎn
4655,packet,包,bāo,包 bāo
4656,gallon,加仑,jiālún,加仑 jiālún
4657,quart,夸脱,kuātuō,夸脱 kuātuō
4658,litre,升,shēng,升 shēng
4659,pint,品脱,pǐntuō,品脱 pǐntuō
4660,half-litre,半升,bànshēng,半升 bànshēng
4661,spray can,喷雾罐,pēnwùguàn,喷雾罐 pēnwùguàn
4662,millilitre,毫升,háoshēng,毫升 háoshēng
4663,dispenser,喷水器,pēnshuǐqì I liquid,喷水器 pēnshuǐqì I liquid
4664,roll,卷,juǎn,卷 juǎn
4665,carton,硬纸盒,yìngzhǐhé,硬纸盒 yìngzhǐhé
4666,west,西,xī,西 xī
4667,south,南,nán,南 nán
4668,Caribbean Sea,加勒比海,jiālèbǐ hǎi,加勒比海 jiālèbǐ hǎi
4669,Arctic Ocean,北冰洋,běibīng yáng,北冰洋 běibīng yáng
4670,Atlantic Ocean,大西洋,dàxī yáng,大西洋 dàxī yáng
4671,Amazonia,亚马孙平原,yàmǎsūn píngyuán,亚马孙平原 yàmǎsūn píngyuán
4672,Rocky Mountains,落基山脉,luòjī shānmài,落基山脉 luòjī shānmài
4673,north,北,běi,北 běi
4674,North Sea,北海,běihǎi,北海 běihǎi
4675,Andes,安第斯山脉,āndìsī shānmài,安第斯山脉 āndìsī shānmài
4676,east,东,dōng,东 dōng
4677,Pacific Ocean,太平洋,tàipíng yáng,太平洋 tàipíng yáng
4678,Black Sea,黑海,hēihǎi,黑海 hēihǎi
4679,Siberia,西伯利亚,xībólìyà,西伯利亚 xībólìyà
4680,Arabian Sea,阿拉伯海,ālābó hǎi,阿拉伯海 ālābó hǎi
4681,Baltic Sea,波罗的海,bōluódì hǎi,波罗的海 bōluódì hǎi
4682,Sahara Desert,撒哈拉沙漠,sāhālā shāmò,撒哈拉沙漠 sāhālā shāmò
4683,Himalayas,喜马拉雅山脉,xǐmǎlāyǎ shānmài,喜马拉雅山脉 xǐmǎlāyǎ shānmài
4684,Southern Ocean,南大洋,nándàyáng,南大洋 nándàyáng
4685,Red Sea,红海,hónghǎi,红海 hónghǎi
4686,Caspian Sea,里海,lǐhǎi,里海 lǐhǎi
4687,Indian Ocean,印度洋,yìndù yáng,印度洋 yìndù yáng
4688,Mediterranean Sea,地中海,dìzhōng hǎi,地中海 dìzhōng hǎi
4689,nation,民族,mínzú,民族 mínzú
4690,state,主权国家,zhǔquán guójiā,主权国家 zhǔquán guójiā
4691,zone,地域,dìyù,地域 dìyù
4692,district,行政区,xíngzhèngqū,行政区 xíngzhèngqū
4693,region,地区,dìqū,地区 dìqū
4694,capital,首都,shǒudū,首都 shǒudū
4695,province,省,shěng,省 shěng
4696,territory,领土,lǐngtǔ,领土 lǐngtǔ
4697,colony,殖民地,zhímíndì,殖民地 zhímíndì
4698,principality,公国,gōngguó,公国 gōngguó
4699,French Guiana,加拉帕戈斯群岛,jiālāpàgēsī qúndǎo,加拉帕戈斯群岛 jiālāpàgēsī qúndǎo
4700,to,到去,... dào…qù,到去 ... dào…qù
4701,over,在上方,... zài…shàngfāng,在上方 ... zài…shàngfāng
4702,in front of,在前面,... zài…qiánmian,在前面 ... zài…qiánmian
4703,onto,在上,... zài…shàng,在上 ... zài…shàng
4704,in,在里,... zài…lǐ,在里 ... zài…lǐ
4705,above,在上面,... zài…shàngmian,在上面 ... zài…shàngmian
4706,inside,在里面,... zài…lǐmiàn,在里面 ... zài…lǐmiàn
4707,up,向上,xiàngshàng,向上 xiàngshàng
4708,at,在,zài,在 zài
4709,through,穿越,chuānyuè,穿越 chuānyuè
4710,on top of,在之上,... zài…zhīshàng,在之上 ... zài…zhīshàng
4711,between,在之间,... zài…zhījiān,在之间 ... zài…zhījiān
4712,near,在附近,... zài…fùjìn,在附近 ... zài…fùjìn
4713,here,这里,zhèlǐ,这里 zhèlǐ
4714,from,从来,... cóng…lái,从来 ... cóng…lái
4715,under,在下方,... zài…xiàfāng,在下方 ... zài…xiàfāng
4716,behind,在后面,... zài…hòumian,在后面 ... zài…hòumian
4717,into,到里,... dào…lǐ,到里 ... dào…lǐ
4718,below,在下面,... zài…xiàmian,在下面 ... zài…xiàmian
4719,outside,在外面,... zài…wàimiàn,在外面 ... zài…wàimiàn
4720,down,向下,xiàngxià,向下 xiàngxià
4721,beyond,超出,chāochū,超出 chāochū
4722,around,在周围,... zài…zhōuwéi,在周围 ... zài…zhōuwéi
4723,beside,在旁边,... zài…pángbiān,在旁边 ... zài…pángbiān
4724,opposite,在对面,... zài…duìmiàn,在对面 ... zài…duìmiàn
4725,far,离远,... lí…yuǎn,离远 ... lí…yuǎn
4726,there,那里,nàli,那里 nàli
4727,for,为,wèi,为 wèi
4728,along,沿着,... yánzhe…,沿着 ... yánzhe…
4729,with,连同,liántóng,连同 liántóng
4730,before,在之前,... zài…zhīqián,在之前 ... zài…zhīqián
4731,by,不迟于,... bùchíyú…,不迟于 ... bùchíyú…
4732,always,一直,yìzhí,一直 yìzhí
4733,often,经常,jīngcháng,经常 jīngcháng
4734,every,每,… měi…,每 … měi…
4735,about,关于,guānyú,关于 guānyú
4736,a little,一点儿,yìdiǎn’er,一点儿 yìdiǎn’er
4737,towards,向方向,... xiàng…fāngxiàng,向方向 ... xiàng…fāngxiàng
4738,across,越过,yuèguò,越过 yuèguò
4739,without,没有,... méiyǒu…,没有 ... méiyǒu…
4740,after,在之后,... zài…zhīhòu,在之后 ... zài…zhīhòu
4741,until,直到,... zhídào…,直到 ... zhídào…
4742,never,从不,cóngbù,从不 cóngbù
4743,rarely,很少,hěnshǎo,很少 hěnshǎo
4744,last,最后,zuìhòu,最后 zuìhòu
4745,some,一些,yìxiē,一些 yìxiē
4746,exactly,准确地,zhǔnquèdì,准确地 zhǔnquèdì
4747,a lot,很多,hěnduō,很多 hěnduō
4748,large,大,dà,大 dà
4749,wide,宽,kuān,宽 kuān
4750,tall,高大,gāodà,高大 gāodà
4751,high,高,gāo,高 gāo
4752,thick,厚,hòu,厚 hòu
4753,good,好,hǎo,好 hǎo
4754,fast,快,kuài,快 kuài
4755,correct,正确,zhèngquè,正确 zhèngquè
4756,clean,干净,gānjìng,干净 gānjìng
4757,beautiful,好看,hǎokàn,好看 hǎokàn
4758,expensive,贵,guì,贵 guì
4759,quiet,安静,ānjìng,安静 ānjìng
4760,small,小,xiǎo,小 xiǎo
4761,narrow,窄,zhǎi,窄 zhǎi
4762,low,低,dī,低 dī
4763,thin,瘦,shòu,瘦 shòu
4764,heavy,重,zhòng,重 zhòng
4765,bad,坏,huài,坏 huài
4766,slow,慢,màn,慢 màn
4767,wrong,错误,cuòwù,错误 cuòwù
4768,dirty,脏,zāng,脏 zāng
4769,ugly,丑,chǒu,丑 chǒu
4770,cheap,便宜,piányi,便宜 piányi
4771,noisy,吵闹,chǎonào,吵闹 chǎonào
4772,new,新,xīn,新 xīn
4773,easy,容易,róngyì,容易 róngyì
4774,free,空闲,kòngxián,空闲 kòngxián
4775,strong,强壮,qiángzhuàng,强壮 qiángzhuàng
4776,young,年轻,niánqīng,年轻 niánqīng
4777,better,更好,gènghǎo,更好 gènghǎo
4778,interesting,有趣,yǒuqù,有趣 yǒuqù
4779,sick,生病的,shēngbìngde,生病的 shēngbìngde
4780,beginning,开始,kāishǐ,开始 kāishǐ
4781,empty,空,kōng,空 kōng
4782,old,旧,jiù,旧 jiù
4783,difficult,困难,kùnnán,困难 kùnnán
4784,occupied,忙碌,mánglù,忙碌 mánglù
4785,weak,虚弱,xūruò,虚弱 xūruò
4786,worse,更差,gèngchà,更差 gèngchà
4787,boring,厌恶,yànwù,厌恶 yànwù
4788,well,健康的,jiànkāngde,健康的 jiànkāngde
4789,end,结束,jiéshù,结束 jiéshù
4790,Yes,是,shì,是 shì
4791,No,不,bù,不 bù
4792,Maybe,也许,yěxǔ,也许 yěxǔ
4793,Please,请,qǐng,请 qǐng
4794,Thank you,谢谢,xièxiè,谢谢 xièxiè
4795,You’re welcome,不用谢,búyòngxiè,不用谢 búyòngxiè
4796,Excuse me,抱歉打扰一下,"； bàoqiàn, dǎrǎoyíxià","抱歉打扰一下 ； bàoqiàn, dǎrǎoyíxià"
4797,I’m sorry,对不起,duìbuqǐ,对不起 duìbuqǐ
4798,Don’t,不要,búyào,不要 búyào
4799,OK,好,hǎo,好 hǎo
4800,That’s fine,很好,hěnhǎo,很好 hěnhǎo
4801,That’s correct,正确,zhèngquè,正确 zhèngquè
4802,greetings,不对,búduì That’s wrong,不对 búduì That’s wrong
4803,Hello,你好,nǐ hǎo,你好 nǐ hǎo
4804,Goodbye,再见,zàijiàn,再见 zàijiàn
4805,Good morning,早上好,zǎoshang hǎo,早上好 zǎoshang hǎo
4806,Good afternoon,下午好,xiàwǔ hǎo,下午好 xiàwǔ hǎo
4807,Good evening,晚上好,wǎnshang hǎo,晚上好 wǎnshang hǎo
4808,Good night,晚安,wǎn’ān,晚安 wǎn’ān
4809,How are you?,你好吗,? nǐ hǎo ma?,你好吗 ? nǐ hǎo ma?
4810,My name is…,我叫,... wǒ jiào…,我叫 ... wǒ jiào…
4811,What is your name?,您怎么称呼,? nín zěnme chēnghu?,您怎么称呼 ? nín zěnme chēnghu?
4812,What is his/her name?,他她叫什么名字,/? tā/tā jiào shénme míngzì?,他她叫什么名字 /? tā/tā jiào shénme míngzì?
4813,May I introduce…,我介绍一下,... wǒ jièshào yíxià…,我介绍一下 ... wǒ jièshào yíxià…
4814,This is…,这是,... zhèshì…,这是 ... zhèshì…
4815,Pleased to meet you,很高兴见到你,hěngāoxìng jiàndào nǐ,很高兴见到你 hěngāoxìng jiàndào nǐ
4816,See you later,待会儿见,dài huì’er jiàn,待会儿见 dài huì’er jiàn
4817,Entrance,入口,rùkǒu,入口 rùkǒu
4818,Push,推,tuī,推 tuī
4819,Danger,危险,wēixiǎn,危险 wēixiǎn
4820,No smoking,禁止吸烟,jìnzhǐxīyān,禁止吸烟 jìnzhǐxīyān
4821,Out of order,故障,gùzhàng,故障 gùzhàng
4822,Opening times,开放时间,kāifàng shíjiān,开放时间 kāifàng shíjiān
4823,Free admission,免费入场,miǎnfèi rùchǎng,免费入场 miǎnfèi rùchǎng
4824,Open all day,全天开放,quántiān kāifàng,全天开放 quántiān kāifàng
4825,Reduced price,减价,jiǎnjià,减价 jiǎnjià
4826,Sale,打折,dǎshé,打折 dǎshé
4827,Knock before entering,进前敲门,jìnqiánqiāomén,进前敲门 jìnqiánqiāomén
4828,Keep off the grass,禁止践踏草坪,jìnzhǐ jiàntàcǎopíng,禁止践踏草坪 jìnzhǐ jiàntàcǎopíng
4829,Can you help me?,你能帮帮我吗,? nǐ néng bāngbāng wǒ ma ?,你能帮帮我吗 ? nǐ néng bāngbāng wǒ ma ?
4830,I don’t understand,我不懂,wǒ bù dǒng,我不懂 wǒ bù dǒng
4831,I don’t know,我不知道,wǒ bù zhīdào,我不知道 wǒ bù zhīdào
4832,Do you speak English?,你说英语吗,? nǐ shuō yīngyǔ ma?,你说英语吗 ? nǐ shuō yīngyǔ ma?
4833,Do you speak Chinese?,你说中文吗,? nǐ shuō zhōngwén ma?,你说中文吗 ? nǐ shuō zhōngwén ma?
4834,I speak English,我会说英语,wǒ huì shuō yīngyǔ,我会说英语 wǒ huì shuō yīngyǔ
4835,I speak Spanish,我会说西班牙语,wǒ huì shuō xībānyáyǔ,我会说西班牙语 wǒ huì shuō xībānyáyǔ
4836,Please speak more slowly,请说得再慢些,qǐng shuōdé zài màn xiē,请说得再慢些 qǐng shuōdé zài màn xiē
4837,Please write it down for me,请帮我写下来,qǐng bāng wǒ xiě xiàlái,请帮我写下来 qǐng bāng wǒ xiě xiàlái
4838,I have lost…,我丢了,... wǒ diūle…,我丢了 ... wǒ diūle…
4839,I am lost,我迷路了,wǒ mílùle,我迷路了 wǒ mílùle
4840,Where is the…?,在哪里,...? zàinǎli,在哪里 ...? zàinǎli
4841,Where is the nearest…?,最近的在哪里,...? zuìjìnde…zàinǎli?,最近的在哪里 ...? zuìjìnde…zàinǎli?
4842,Where are the toilets?,洗手间在哪儿,? xǐshǒujiān zàinǎer?,洗手间在哪儿 ? xǐshǒujiān zàinǎer?
4843,How do I get to…?,我怎么去,…? wǒ zěnme qù…?,我怎么去 …? wǒ zěnme qù…?
4844,To the right,右转,yòuzhuǎn,右转 yòuzhuǎn
4845,To the left,左转,zuǒzhuǎn,左转 zuǒzhuǎn
4846,Straight ahead,向前直行,xiàngqián zhíháng,向前直行 xiàngqián zhíháng
4847,How far is…?,到有多远,...? wǒ zěnme qù…?,到有多远 ...? wǒ zěnme qù…?
4848,All directions,各方通行,gèfāng tōngxíng,各方通行 gèfāng tōngxíng
4849,Caution,谨慎驾驶,jǐnshèn jiàshǐ,谨慎驾驶 jǐnshèn jiàshǐ
4850,Slow down,减速,jiǎnsù,减速 jiǎnsù
4851,Keep to the right,靠右侧行驶,kào yòucè xíngshǐ,靠右侧行驶 kào yòucè xíngshǐ
4852,No parking,禁止停车,jìnzhǐ tíngchē,禁止停车 jìnzhǐ tíngchē
4853,No through road,禁止通行,jìnzhǐ tōngxíng,禁止通行 jìnzhǐ tōngxíng
4854,One-way street,单行道,dānxíngdào,单行道 dānxíngdào
4855,Other directions,其他方向通行,qítāfāngxiàng tōngxíng,其他方向通行 qítāfāngxiàng tōngxíng
4856,Residents only,只限本区居民停车,() zhǐxiànběnqūjūmín (tíngchē),只限本区居民停车 () zhǐxiànběnqūjūmín (tíngchē)
4857,accommodation,危险弯道,wēixiǎnwāndào Dangerous bend,危险弯道 wēixiǎnwāndào Dangerous bend
4858,I have a reservation,我订了房间,wǒ ding le fángjiān,我订了房间 wǒ ding le fángjiān
4859,Where is the dining room?,餐厅在哪儿,? cāntīng zàinǎ’er,餐厅在哪儿 ? cāntīng zàinǎ’er
4860,My room number is …,我的房间号是,... wǒ de fángjiān hào shì…,我的房间号是 ... wǒ de fángjiān hào shì…
4861,What time is breakfast?,几点吃早餐,? jǐdiǎn chī zǎocān?,几点吃早餐 ? jǐdiǎn chī zǎocān?
4862,I’ll be back at … o’clock,我将在点回来,... wǒ jiāng zài…diǎn huílái,我将在点回来 ... wǒ jiāng zài…diǎn huílái
4863,and drinking,我明天离开,wǒ míngtiān líkāi I’m leaving tomorrow,我明天离开 wǒ míngtiān líkāi I’m leaving tomorrow
4864,Cheers!,干杯,！ gānbēi,干杯 ！ gānbēi
4865,It’s delicious,好吃极了,hàochījíle,好吃极了 hàochījíle
4866,It’s awful,难吃死了,nánchīsǐle,难吃死了 nánchīsǐle
4867,I don’t drink,我不喝酒,wǒ bù hējiǔ,我不喝酒 wǒ bù hējiǔ
4868,I don’t smoke,我不抽烟,wǒ bù chōuyān,我不抽烟 wǒ bù chōuyān
4869,I don’t eat meat,我不吃肉,wǒ bù chīròu,我不吃肉 wǒ bù chīròu
4870,May I have some more?,请再来点儿,qǐng zàilái diǎn’ér,请再来点儿 qǐng zàilái diǎn’ér
4871,bill?,我们要结账,wǒmen yào jiézhàng May we have the,我们要结账 wǒmen yào jiézhàng May we have the
4872,Can I have a receipt?,请开张收据,qǐng kāi zhāng shōujù,请开张收据 qǐng kāi zhāng shōujù
4873,No-smoking area,禁烟区,jìnyānqū,禁烟区 jìnyānqū
4874,I don’t feel well,我不舒服,wǒ bù shūfu,我不舒服 wǒ bù shūfu
4875,I feel sick,我难受,wǒ nánshòu,我难受 wǒ nánshòu
4876,doctor?,电话是多少,? lí zhè’er zuìjìn de yīshēng diànhuà shì duōshǎo? What is the telephone number of the nearest,电话是多少 ? lí zhè’er zuìjìn de yīshēng diànhuà shì duōshǎo? What is the telephone number of the nearest
4877,It hurts here,我这儿疼,wǒ zhè’er téng,我这儿疼 wǒ zhè’er téng
4878,I have a temperature,我发烧了,wǒ fāshāole,我发烧了 wǒ fāshāole
4879,I’m … months pregnant,我怀孕个月了,... wǒ huáiyùn…gè yuèle,我怀孕个月了 ... wǒ huáiyùn…gè yuèle
4880,I need a prescription for …,我需要处方,... wǒ xūyào…chǔfāng,我需要处方 ... wǒ xūyào…chǔfāng
4881,I normally take …,我通常服用,... wǒ tōngcháng fúyòng…,我通常服用 ... wǒ tōngcháng fúyòng…
4882,I’m allergic to …,我对过敏,... wǒ duì…guòmǐn,我对过敏 ... wǒ duì…guòmǐn
4883,Will he be all right?,他好吗,? tā hǎoma?,他好吗 ? tā hǎoma?
4884,Will she be all right?,她好吗,? tā hǎoma?,她好吗 ? tā hǎoma?
