No.,English,IPA(美式),近似?,出现页,出现次数
1,a little,/ə lˈɪtəl/,,322,1
2,a lot,/ə lˈɑt/,,322,1
3,a quarter of an,/ə kwˈɔrtɚ ˈʌv ˈæn/,,306,1
4,a shot,/ə ʃˈɑt/,,153,1
5,A table for two,/ə tˈeɪbəl fˈɔr tˈu/,,155,1
6,abdomen,/ˈæbdəmen/,,14,1
7,abdominals,/æbˈdɑminəl/,,18,1
8,about,/əˈbaʊt/,,322,1
9,above,/əˈbʌv/,,322,1
10,abseiling,/æbseɪlɪŋ/,是,250,1
11,acacia,/əkˈeɪʃə/,,112,1
12,accelerator,/əkˈseləreɪtə/,,202,1
13,access road,/ˈæksˌɛs roʊd/,,218,1
14,accessories,/æksˈɛsɚiz/,,38,2
15,accident,/ˈæksidənt/,,48,1
16,accommodation,/ə/,,325,1
17,account number,/əkˈaʊnt nˈʌmbɚ/,,98,1
18,accountant,/əˈkaʊntənt/,,99,2
19,accounts department,/əkˈaʊnts dɪpˈɑrtmənt/,,177,1
20,accused,/əˈkjuːzd/,,182,1
21,ace,/eɪs/,,232,2
22,Achilles tendon,/əkˈɪliz tˈɛndən/,,18,1
23,acorn squash,/ˈeɪkɔrn skwˈɑʃ/,,127,1
24,acquaintance,/əkwˈeɪntəns/,,26,1
25,acquitted,/əkwˈɪtɪd/,,183,1
26,across,/əˈkrɑs/,,322,1
27,acrylic paint,/əkrˈɪlɪk pˈeɪnt/,,276,1
28,actions,/ˈækʃən/,,185,5
29,activites,/æktɪvɪtɛs/,是,265,1
30,activities,/ækˈtiviti/,,79,3
31,actor,/ˈæktə/,,193,2
32,actress,/ˈæktris/,,256,1
33,acupressure,/ækʌprɛssɝr/,是,57,1
34,acupuncture,/ˈækju/,,57,1
35,Adam’s apple,/ˈæpl/,,21,1
36,add,/æd/,,167,1
37,address,/əˈdres/,,100,1
38,adhesive tape,/ædhˈisɪv tˈeɪp/,,49,1
39,adjustable spanner,/ədʒˈʌstəbəl spˈænɚ/,,82,1
40,admissions,/ædmˈɪʃənz/,,170,1
41,admitted,/ədˈmitid/,,50,1
42,aduki beans,/biːn/,,133,1
43,adult,/ˈædʌlt/,,25,1
44,advantage,/ædvˈæntɪdʒ/,,232,1
45,adventure,/ədˈventʃə/,,257,1
46,advertisement,/ædvɝtəzmənt/,,271,1
47,aerate,/æɛrræt/,是,93,1
48,aerobics,/ɚoʊbɪks/,,253,1
49,Afghanistan,/æfgˈænəstˌæn/,,320,1
50,Africa,/ˈæfrikə/,,319,1
51,after,/ˈɑːftə/,,322,1
52,aftershave,/ˌæftɚʃˈeɪv/,,75,1
53,aftersun,/æftɛrrsʌn/,是,110,1
54,agate,/ˈægət/,,291,1
55,agenda,/əˈdʒendə/,,176,1
56,aileron,/ˈeɪlɚˌɑn/,,212,1
57,air bag,/ˈɛr bˈæg/,,203,1
58,air conditioning,/ˈɛr kəndˈɪʃənɪŋ/,,202,1
59,air cylinder,/ˈɛr sˈɪləndɚ/,,241,1
60,air filter,/ˈɛr fˈɪltɚ/,,204,2
61,air stewardess,/ˈɛr stˈuɚdəs/,,192,1
62,air supply forecourt,/ɛr/,,201,1
63,air vent,/ˈɛr vˈɛnt/,,212,1
64,aircraft,/ˈɛrkræft/,,212,1
65,aircraft carrier,/ˈɛrkrˌæft kˈæriɚ/,,217,1
66,airliner,/ˈɛrlˌaɪnɚ/,,212,1
67,airport,/ˈɛrpɑːt/,,214,1
68,aisle,/aɪl/,,108,4
69,alarm clock,/əlˈɑrm klˈɑk/,,72,1
70,Alaska,/əˈlæskə/,,316,1
71,Albania,/ælbˈeɪniə/,,318,1
72,alcoholic drinks,/ˌælkəhˈɑlɪk drˈɪŋks/,,147,1
73,alfalfa,/ˌælfˈælfə/,,186,1
74,All directions,/ˈɔl dɚˈɛkʃənz/,,325,1
75,allergy,/ˈælədʒi/,,46,1
76,alley,/ˈæli/,,300,1
77,alligator,/ˈæligeɪtə/,,295,1
78,allspice,/ˈɔlspˌaɪs/,,134,1
79,almond,/ˈɑmənd/,,131,1
80,almond oil,/ˈɑmənd ˈɔɪl/,,136,1
81,almonds,/ˈɑːməndz/,,153,1
82,along,/əˈlɑŋ/,,322,1
83,alpine,/ˈælpaɪn/,,89,1
84,alpine skiing,/ˈælpˌaɪn skˈiɪŋ/,,249,1
85,alternating current,/ˈɔltɚnˌeɪtɪŋ kɝənt/,,62,1
86,alternative therapy,/ɔltɝnətɪv θˈɛrəpi/,,56,1
87,alternator,/ˈɔltɚnˌeɪtɚ/,,205,1
88,altitude,/ˈæltitjuːd/,,213,1
89,aluminium,/əlˈumɪnəm/,,291,1
90,always,/ˈɑːlweɪz/,,322,1
91,Amazonia,/ˌæməzoʊniə/,,314,1
92,ambulance,/ˈæmbjuləns/,,96,1
93,American football,/əmˈɛrəkən fˈʊtbˌɔl/,,222,1
94,amethyst,/ˈæmɪθɪst/,,290,1
95,amniocentesis,/ˌæmnioʊsˌɛntˈisɪs/,,54,1
96,amniotic,/ˈæmniɔtɪk/,,54,1
97,amount,/əˈmaʊnt/,,98,1
98,amp,/ˈæmp/,,62,1
99,amphibians,/æmˈfɪbɪrnz/,,296,1
100,amplifier,/ˈæmpləfˌaɪɚ/,,270,1
101,anaesthetist,/ənˈɛsθɛtɪst/,,50,1
102,anchor,/ˈæŋkə/,,216,2
103,and Principe,/ənd printʃˈipi/,,319,1
104,Andes compass,/ˈændiz kˈʌmpəs/,,314,1
105,Andorra,/ændˈɔrə/,,318,1
106,angle,/ˈæŋgl/,,166,1
107,Angola,/æŋˈoʊlə/,,319,1
108,angry,/ˈæŋgri/,,27,1
109,animals,/ˈæniməl/,,292,3
110,animated,/ˈænimeɪtid/,,257,1
111,ankle,/ˈæŋkl/,,15,2
112,ankle length,/ˈæŋkəl lˈɛŋkθ/,,36,1
113,anniversary,/æniˈvəːsəri/,,28,1
114,annual,/ˈænjuəl/,,309,1
115,anorak,/ˈænɚˌæk/,,33,2
116,answer,/ˈɑːnsə/,,101,2
117,answering machine,/ˈænsɚɪŋ məʃˈin/,,101,1
118,ant,/ˈænt/,,297,1
119,antenatal,/æntɛnætɔll/,是,54,1
120,antenna,/æntˈɛnə/,,297,1
121,anti-wrinkle,/ˈæntˌi rˈɪŋkəl/,,43,1
122,antifreeze,/ˈæntifrˌiz/,,201,1
123,Antigua and Barbuda,/æntˈigwə ənd bɑrbˈudə/,,316,1
124,antiques shop,/æntˈiks ʃˈɑp/,,116,1
125,antiseptic,/ˌæntəsˈɛptɪk/,,49,1
126,antiseptic wipe,/ˌæntəsˈɛptɪk wˈaɪp/,,49,1
127,apartment,/əˈpɑːtmənt/,,300,1
128,aperture dial,/ˈæpɚtʃɚ dˈaɪəl/,,272,1
129,apex side,/ˈeɪpˌɛks sˈaɪd/,,166,1
130,appeal,/əˈpiːl/,,183,1
131,APPEARANCE,/əˈpiərəns/,,31,13
132,appendix,/əpˈɛndɪks/,,20,1
133,applaud,/əplˈɔd/,,257,1
134,apple,/ˈæpl/,,128,1
135,apple corer,/ˈæpl/,,70,1
136,apple juice,/ˈæpəl dʒˈus/,,151,1
137,appliances,/əˈplaɪrns/,,68,1
138,application,/ˌæpləkˈeɪʃən/,,178,1
139,appointment,/əˈpɑintmənt/,,47,2
140,apricot,/ˈeɪprəkˌɑt/,,128,1
141,April,/ˈeɪprəl/,,308,1
142,apron,/ˈeɪprən/,,32,3
143,apron baking tray,/ˈeɪprən bˈeɪkɪŋ trˈeɪ/,,71,1
144,APS camera,/ˈkæmərə/,,272,1
145,aquamarine,/ˌɑkwəmɚˈin/,,290,1
146,Arabian Sea,/ərˈeɪbiən sˈi/,,315,1
147,arable farm,/ˈærəbəl fˈɑrm/,,185,1
148,arc,/ɑːk/,,166,1
149,arch,/ɑːtʃ/,,17,3
150,archery,/ˈɑːtʃəri/,,251,1
151,architecture,/ˈɑːkitektʃə/,,302,1
152,architrave,/ˈɑrkətrˌeɪv/,,303,1
153,Arctic circle,/ˈɑrktɪk sɝkəl/,,285,1
154,Arctic Ocean,/ˈɑrktɪk oʊʃən/,,314,1
155,Are these grown,/ˈɑr ðˈiz groʊn/,,124,1
156,Are they,/ˈɑr ðˈeɪ/,,113,2
157,area,/ˈɛrriə/,,167,2
158,areas,/ˈɛrriə/,,301,1
159,arena,/ɚˈinə/,,245,1
160,Argentina,/ˌɑrdʒəntˈinə/,,317,1
161,arithmetic,/əˈriθmətik/,,167,1
162,arm,/ɑːm/,,15,1
163,armband,/ˈɑrmbˌænd/,,240,1
164,armchair,/ˈɑrmtʃˌɛr/,,65,1
165,Armenia,/ɑrmˈiniə/,,320,1
166,armpit,/ˈɑrmpˌɪt/,,15,1
167,armrest,/ˈɑrmrˌɛst/,,202,2
168,aromatherapy,/əroʊməθɝəpi/,,57,1
169,around,/əˈraʊnd/,,322,1
170,arrangements,/ɚˈeɪndʒmənts/,,113,1
171,arrest,/əˈrest/,,96,1
172,arrivals,/ɚˈaɪvəlz/,,215,1
173,arrow,/ˈæroʊ/,,251,1
174,art,/ɑːt/,,164,1
175,art college,/ˈɑrt kˈɑlɪdʒ/,,171,1
176,art deco,/ˈɑrt dˈɛkoʊ/,,303,1
177,art gallery,/ˈɑrt gˈælɚi/,,263,1
178,art nouveau,/ˈɑrt nˌuvoʊ/,,303,1
179,art shop,/ˈɑrt ʃˈɑp/,,117,1
180,artery,/ˈɑːtəri/,,21,1
181,artichoke,/ˈɑrtətʃoʊk/,,126,1
182,artist,/ˈɑːtist/,,276,1
183,arts and crafts,/ˈɑrts ənd krˈæfts/,,276,2
184,ash,/æʃ/,,285,1
185,ashtray,/ˈæʃtrˌeɪ/,,152,1
186,Asia,/ˈeɪʒə/,,320,1
187,assault,/əˈsɑːt/,,96,1
188,assistant,/əˈsistənt/,,26,1
189,assisted delivery,/əsˈɪstɪd dɪlˈɪvɚi/,,55,1
190,asteroid,/ˈæstərɑid/,,282,1
191,asthma,/ˈæsmə/,,46,1
192,astigmatism,/əˈstigmətizm/,,53,1
193,astronaut,/ˈæstrənɑːt/,,283,1
194,astronomy,/əˈstrɑnəmi/,,283,1
195,asymmetric bars,/ˌeɪsəmˈɛtrɪk bˈɑrz/,,237,1
196,at,/æt/,,322,1
197,athlete,/ˈæθliːt/,,236,1
198,athletics,/æθlˈɛtɪks/,,236,1
199,Atlantic Ocean,/ətlˈæntɪk oʊʃən/,,314,1
200,atmosphere,/ˈætməsfiə/,,284,1
201,atrium,/ˈeɪtriəm/,,106,1
202,attachment,/ətˈætʃmənt/,,179,1
203,attack,/əˈtæk/,,222,1
204,attack zone,/ətˈæk zoʊn/,,226,1
205,attend,/əˈtend/,,176,1
206,attic,/ˈætik/,,60,1
207,attractions,/ətˈrækʃnz/,,263,1
208,aubergine,/ˈɔbɚdʒˌin/,,127,1
209,auburn,/ˈɑbɚn/,,41,1
210,audience,/ˈɑːdiəns/,,256,1
211,August,/ɑːˈgʌst/,,308,1
212,aunt,/ˈænt/,,24,1
213,aurora,/ɚˈɔrə/,,288,1
214,Australasia,/ˌɔstrəlˈeɪʒə/,,321,1
215,Australia,/ɑˈstreɪljə/,,321,1
216,Austria,/ˈɑstriə/,,318,1
217,autocue,/ɔtɑkʌɛ/,是,181,1
218,automatic,/ˌɔtəmˈætɪk/,,202,1
219,automatic door,/ˌɔtəmˈætɪk dˈɔr/,,198,1
220,autumn,/ˈɑːtəm/,,33,2
221,avalanche,/ˈævəlˌæntʃ/,,249,1
222,avenue,/ˈævənjuː/,,301,1
223,avocado,/ˌævəkˈɑdoʊ/,,130,1
224,awning,/ˈɑnɪŋ/,,150,1
225,axe,/æks/,,97,1
226,axle,/ˈæksəl/,,207,1
227,ayurveda,/eɪɝrvɛdæ/,是,57,1
228,Azerbaijan,/ˌɑzɚbaɪdʒˈɑn/,,320,1
229,baby,/ˈbeɪbi/,,25,2
230,baby bath,/bˈeɪbi bˈæθ/,,76,1
231,baby care,/bˈeɪbi kˈɛr/,,76,1
232,baby changing facilities,/bˈeɪbi tʃˈeɪndʒɪŋ fəsˈɪlətiz/,,106,1
233,baby monitor,/bˈeɪbi mˈɑnətɚ/,,77,1
234,baby products,/bˈeɪbi prˈɑdəkts/,,109,1
235,baby sling,/bˈeɪbi slˈɪŋ/,,77,1
236,babygro,/bæbɪɡrɑ/,是,32,1
237,back,/bæk/,,15,2
238,back brush,/bˈæk brˈʌʃ/,,75,1
239,back seat,/bˈæk sˈit/,,202,1
240,backboard,/ˈbækbɑːd/,,228,1
241,backdrop,/bˈækdrˌɑp/,,256,1
242,backhand,/bˈækhˌænd/,,233,1
243,backpack,/ˈbækpæk/,,33,3
244,backswing,/bækswɪŋ/,是,235,1
245,bacon,/ˈbeɪkən/,,120,2
246,bad,/bæd/,,323,1
247,badge,/bˈædʒ/,,96,1
248,badminton,/ˈbædmintən/,,233,1
249,bag,/bæg/,,313,1
250,bagel,/bˈeɪgəl/,,141,1
251,baggage reclaim,/bˈægədʒ riklˈeɪm/,,215,1
252,baggage trailer,/bˈægədʒ trˈeɪlɚ/,,214,1
253,bags,/bæg/,,39,1
254,baguette,/bˌægˈɛt/,,140,1
255,Bahamas,/bəˈhɑːməz/,,316,1
256,bail,/bˈeɪl/,,183,1
257,bait,/bˈeɪt/,,247,1
258,bake,/bˈeɪk/,,69,1
259,baked,/ˈbeɪkid/,,161,1
260,baker,/ˈbeɪkə/,,141,1
261,bakery,/ˈbeɪkəri/,,109,1
262,baker’s,/bˈeɪkɚ ˈɛs/,,116,1
263,baking cakes,/bˈeɪkɪŋ kˈeɪks/,,71,1
264,balance wheel,/bˈæləns wˈil/,,278,1
265,balcony,/ˈbælkəni/,,61,2
266,bald,/bɑːld/,,41,1
267,bale,/bˈeɪl/,,186,1
268,Balearic Islands,/ˈaɪlənd/,,318,1
269,ball,/bɑːl/,,17,6
270,ballboy,/bɔlllbɑaɪ/,是,233,1
271,balsamic vinegar,/bˌɑlsˈɑmɪk vˈɪnəgɚ/,,137,1
272,Baltic Sea,/bˈɔltɪk sˈi/,,315,1
273,bamboo,/bæmˈbuː/,,88,2
274,banana,/bəˈnɑːnə/,,130,1
275,bandage,/ˈbændidʒ/,,49,1
276,Bangladesh,/,bɑːŋləˈdeʃ/,,320,1
277,banister,/bˈænɪstɚ/,,61,1
278,bank,/bæŋk/,,98,2
279,bank charge,/bˈæŋk tʃˈɑrdʒ/,,98,1
280,bank manager,/bˈæŋk mˈænədʒɚ/,,98,1
281,bank transfer,/bˈæŋk trænsfɝ/,,98,1
282,bar,/bɑː/,,152,5
283,bar code,/bˈɑr koʊd/,,108,1
284,bar counter,/bˈɑr kˈaʊntɚ/,,152,1
285,bar mitzvah,/bˈɑr mˈɪtsvə/,,28,1
286,bar snacks,/bˈɑr snˈæks/,,153,1
287,bar stool,/bˈɑr stˈul/,,152,1
288,barb,/bˈɑrb/,,246,1
289,Barbados,/bɑrbˈeɪdoʊs/,,316,1
290,barbecue,/ˈbɑːbikjuː/,,269,1
291,barber,/bˈɑrbɚ/,,41,2
292,bark,/bɑːk/,,298,1
293,barley,/bˈɑrli/,,132,2
294,barman,/bˈɑrmən/,,193,1
295,barn,/bˈɑrn/,,184,1
296,baroque,/bɚoʊk/,,303,1
297,bars,/bɑːz/,,76,1
298,bartender,/ˈbɑː/,,152,1
299,basalt,/bəsˈɔlt/,,290,1
300,base,/beɪs/,,166,1
301,base station,/bˈeɪs stˈeɪʃən/,,101,1
302,baseball,/ˈbeɪsbɑːl/,,230,1
303,baseline,/bˈeɪslˌaɪn/,,232,1
304,baseman,/bˈeɪsmən/,,230,1
305,basement,/ˈbeɪsmənt/,,60,1
306,basil,/bˈæzəl/,,135,1
307,basin,/ˈbeɪsn/,,52,1
308,basket,/ˈbɑːskit/,,209,3
309,basketball,/ˈbɑːskitbɑːl/,,228,1
310,basque,/bˈæsk/,,37,1
311,bass clarinet,/bˈæs klˌɛrənˈɛt/,,259,1
312,bass clef,/bˈæs klˈɛf/,,258,1
313,bass guitar,/bˈæs gɪtˈɑr/,,260,1
314,bass guitarist fans,/bˈæs gˌɪtˈɑrɪst fˈænz/,,260,1
315,bassoon,/bəsˈun/,,259,1
316,bat,/bæt/,,227,6
317,bath mat,/bˈæθ mˈæt/,,74,1
318,bath towel,/bˈæθ tˈaʊəl/,,75,1
319,bathrobe,/bˈæθroʊb/,,75,1
320,bathroom,/ˈbɑːθruːm/,,74,1
321,bathtub,/bˈæθtəb/,,74,1
322,baton,/bətˈɑn/,,237,2
323,batsman,/bætsmæn/,是,227,1
324,batteries,/ˈbætəri/,,262,1
325,battery,/ˈbætəri/,,204,1
326,battery pack,/bˈætɚi pˈæk/,,80,1
327,battleship,/bˈætəlʃˌɪp/,,217,1
328,bay leaf,/bˈeɪ lˈif/,,135,1
329,bayonet fitting,/bˈeɪənˌɛt fˈɪtɪŋ/,,62,1
330,be all,/bˈi ˈɔl/,,48,1
331,be born,/bˈi bˈɔrn/,,28,1
332,beach,/biːtʃ/,,266,1
333,beach ball,/bˈitʃ bˈɔl/,,267,1
334,beach towel,/bˈitʃ tˈaʊəl/,,267,1
335,beach umbrella beach hut,/bˈitʃ əmbrˈɛlə bˈitʃ hˈʌt/,,266,1
336,beaker,/ˈbiːkə/,,169,1
337,beam toolbelt,/biːm/,,188,1
338,bean sprout,/bˈin sprˈaʊt/,,124,1
339,beans,/biːn/,,146,1
340,beans and peas,/bˈinz ənd pˈiz/,,133,1
341,bear,/bɛr/,,293,1
342,beat,/biːt/,,261,1
343,beautiful,/ˈbjuːtiful/,,323,1
344,beauty,/ˈbjuːti/,,42,3
345,bed and breakfast,/bˈɛd ənd brˈɛkfəst/,,103,1
346,bed linen,/bˈɛd lˈɪnən/,,73,1
347,bedding,/ˈbediŋ/,,76,1
348,bedroom,/ˈbedrum/,,72,1
349,bedside lamp,/bˈɛdsˌaɪd lˈæmp/,,72,1
350,bedside table,/bˈɛdsˌaɪd tˈeɪbəl/,,72,1
351,bedspread,/bˈɛdsprˌɛd/,,72,1
352,bee,/biː/,,297,1
353,beech,/bˈitʃ/,,298,1
354,beef,/biːf/,,120,1
355,beer,/biə/,,147,1
356,beer tap,/bˈɪr tˈæp/,,152,1
357,beetle,/ˈbiːtl/,,297,1
358,beetroot,/bitrut/,是,127,1
359,before,/biˈfɑː/,,322,1
360,beginning,/biˈginiŋ/,,323,1
361,behind,/biˈhaɪnd/,,322,1
362,Belarus,/bɛlˈɑrəs/,,318,1
363,Belgium,/ˈbeldʒəm/,,318,1
364,Belize,/beˈliːz/,,316,1
365,bell,/bˈɛl/,,199,1
366,below,/biˈloʊ/,,322,1
367,belt,/belt/,,38,2
368,bench,/bentʃ/,,252,1
369,Benin,/bˈinɪn/,,319,1
370,berries and melons,/bˈɛriz ənd mˈɛlənz/,,129,1
371,berry,/ˈberi/,,298,1
372,beside,/biˈsaɪd/,,322,1
373,bet,/bet/,,275,1
374,better,/ˈbetə/,,323,1
375,between,/biˈtwiːn/,,322,1
376,beyond,/biˈjɑnd/,,322,1
377,Bhutan,/buːˈtæn/,,320,1
378,biathlon,/bɪæθlɑn/,是,249,1
379,bib,/bib/,,32,1
380,bicep curl,/bˈaɪsˌɛp kɝl/,,253,1
381,biceps,/ˈbaɪseps/,,18,1
382,bicycle,/ˈbaɪsikl/,,208,1
383,biennial,/baɪˈɛniəl/,,88,1
384,bifocal,/bˈaɪfoʊkəl/,,53,1
385,big toe,/bˈɪg toʊ/,,17,1
386,bike rack,/bˈaɪk rˈæk/,,209,1
387,bikini beach bag,/bɪkˈini bˈitʃ bˈæg/,,266,1
388,bill,/bil/,,154,2
389,binoculars,/bənˈɑkjəlɚz/,,283,1
390,biology,/baɪˈɑlədʒi/,,164,1
391,biplane,/bˈaɪplˌeɪn/,,213,1
392,birch,/bəːtʃ/,,298,1
393,bird watching,/bɝd wˈɑtʃɪŋ/,,265,1
394,birds,/bəːd/,,294,1
395,birth,/bəːθ/,,28,2
396,birthday,/ˈbəːθdeɪ/,,29,1
397,birthday candles,/bɝθdˌeɪ kˈændəlz/,,143,1
398,birthday party,/bɝθdˌeɪ pˈɑrti/,,29,1
399,biscuit,/ˈbiskit/,,115,1
400,bishop,/ˈbiʃəp/,,274,1
401,bit,/bit/,,244,1
402,bit brace,/bˈɪt brˈeɪs/,,80,1
403,bite,/baɪt/,,48,2
404,bitter,/ˈbitə/,,126,2
405,black,/blæk/,,41,4
406,black belt,/blˈæk bˈɛlt/,,239,1
407,black coffee,/blˈæk kˈɑfi/,,150,1
408,black hole,/blˈæk hoʊl/,,282,1
409,black olive,/blˈæk ˈɑləv/,,145,1
410,black pudding,/blˈæk pˈʊdɪŋ/,,159,1
411,Black Sea,/blˈæk sˈi/,,315,1
412,black tea,/blˈæk tˈi/,,151,1
413,black-eyed beans,/biːn/,,133,1
414,blackberry,/ˈbrækbəri/,,129,1
415,blackboard,/ˈblækbɑːd/,,164,1
416,blackcurrant,/blækˈkʌrənt/,,129,1
417,bladder,/blˈædɚ/,,22,1
418,blade,/blˈeɪd/,,62,4
419,blanket,/ˈblæŋkit/,,73,2
420,blazer,/blˈeɪzɚ/,,35,1
421,bleach,/bliːtʃ/,,79,1
422,blender,/ˈblendə/,,68,1
423,blister,/blˈɪstɚ/,,48,1
424,block,/blɑk/,,229,3
425,block of flats,/blˈɑk ˈʌv flˈæts/,,61,1
426,blonde,/blɔnd/,,41,1
427,blood pressure,/blˈʌd prˈɛʃɚ/,,46,1
428,blood pressure gauge,/blˈʌd prˈɛʃɚ gˈeɪdʒ/,,47,1
429,blood test,/blˈʌd tˈɛst/,,50,1
430,blouse,/blˈaʊs/,,36,1
431,blow dry,/bloʊ drˈaɪ/,,40,1
432,blow out,/bloʊ ˈaʊt/,,143,1
433,blowhole,/bloʊhoʊl/,,292,1
434,blue cheese,/blˈu tʃˈiz/,,138,1
435,bluebells,/blˈubˌɛlz/,,299,1
436,blueberry,/ˈbluːbəri/,,129,1
437,blusher,/blʌʃɛrr/,是,42,1
438,board,/bɑːd/,,243,1
439,board coastguard,/bɑːd/,,219,1
440,boarding pass,/bˈɔrdɪŋ pˈæs/,,215,1
441,bob,/bɑb/,,41,1
442,bobbin,/bˈɑbən/,,278,1
443,bobsleigh,/bɑbsleɪ/,是,249,1
444,body,/ˈbɑdi/,,14,1
445,body lotion,/bˈɑdi loʊʃən/,,75,1
446,body systems,/bˈɑdi sˈɪstəmz/,,21,1
447,bodywork,/bɑdɪwɔrrk/,是,204,1
448,boil,/bɑil/,,69,1
449,boiled egg,/bˈɔɪld ˈɛg/,,159,1
450,boiled sweets,/bˈɔɪld swˈits/,,115,1
451,boiler,/bˈɔɪlɚ/,,63,1
452,Bolivia,/bəˈliviə/,,317,1
453,bollard,/bˈɑlɚd/,,216,2
454,bolt,/boʊlt/,,61,1
455,bomber,/bˈɑmɚ/,,213,1
456,bone,/boʊn/,,19,3
457,bone meal,/boʊn mˈil/,,90,1
458,bongos,/bˈɑŋgoʊz/,,259,1
459,bonnet,/ˈbɑnit/,,200,1
460,book,/buk/,,170,1
461,book a,/bˈʊk ə/,,214,1
462,book shop,/bˈʊk ʃˈɑp/,,117,1
463,bookshelf,/ˈbukʃelf/,,65,2
464,boom,/buːm/,,242,1
465,booster,/bˈustɚ/,,283,1
466,boot,/bˈut/,,200,2
467,boot goal,/bˈut goʊl/,,225,1
468,booties,/bˈutiz/,,32,1
469,bored,/bˈɔrd/,,27,1
470,boring,/ˈbɑːriŋ/,,323,1
471,borrow,/ˈbɑroʊ/,,170,1
472,Bosnia and Herzogovina,/ænd/,,318,1
473,Botswana Burkina Faso,/bɑtswˈɑnə bɚkˈinə fˈɑsoʊ/,,319,1
474,bottle,/ˈbɑtl/,,77,3
475,bottle opener,/bˈɑtəl oʊpənɚ/,,70,2
476,bottled foods,/bˈɑtəld fˈudz/,,136,1
477,bottom tier,/bˈɑtəm tˈir/,,143,1
478,bounce,/bˈaʊns/,,229,1
479,boundary line,/bˈaʊndɚi lˈaɪn/,,227,1
480,bouquet,/bukˈeɪ/,,37,2
481,bouquet garni,/bukˈeɪ ɡɑrrnɪ/,是,134,1
482,bout,/bˈaʊt/,,239,1
483,boutique,/butˈik/,,117,1
484,bow,/boʊ/,,242,2
485,bow tie,/bˈaʊ tˈaɪ/,,38,1
486,bowl,/boʊl/,,63,4
487,bowler,/boʊlɚ/,,227,1
488,bowling,/ˈboʊliŋ/,,251,1
489,bowling ball,/boʊlɪŋ bˈɔl/,,251,1
490,box,/bɑks/,,256,1
491,box file,/bˈɑks fˈaɪl/,,175,1
492,box of chocolates,/bˈɑks ˈʌv tʃˈɔkləts/,,115,1
493,box of tissues,/bˈɑks ˈʌv tˈɪsjˌuz/,,72,1
494,box office,/bˈɑks ˈɔfɪs/,,257,1
495,boxer shorts,/bˈɑksɚ ʃˈɔrts/,,35,1
496,boxercise,/bɑksɛrrsɪs/,是,253,1
497,boxing gloves,/bˈɑksɪŋ glˈʌvz/,,239,1
498,boxing ring,/bˈɑksɪŋ rˈɪŋ/,,239,1
499,boy,/bɑi/,,25,1
500,boyfriend,/bˈɔɪfrˌɛnd/,,26,1
501,bra,/brˈɑ/,,37,1
502,brace,/brˈeɪs/,,52,1
503,bracelet,/brˈeɪslət/,,38,1
504,brain,/breɪn/,,21,1
505,brake,/breɪk/,,202,4
506,brake block,/brˈeɪk blˈɑk/,,209,1
507,brake fluid reservoir,/brˈeɪk flˈuəd rˈɛzəvwˌɑr/,,204,1
508,brake lever,/brˈeɪk lˈɛvɚ/,,209,1
509,brake pedal,/brˈeɪk pˈɛdəl/,,207,1
510,bran,/brˈæn/,,132,1
511,branch,/bræntʃ/,,177,2
512,brandy,/ˈbrændi/,,147,1
513,brass,/bræs/,,259,1
514,Brazil,/brəˈzil/,,317,1
515,brazil nut,/brəzˈɪl nˈʌt/,,131,1
516,bread,/bred/,,159,1
517,bread knife,/brˈɛd nˈaɪf/,,70,1
518,bread roll,/brˈɛd roʊl/,,145,1
519,breadcrumbs,/brˈɛdkrˈʌm/,,141,1
520,breadfruit,/brˈɛdfrˌut/,,126,1
521,breads and flours,/brˈɛdz ənd flˈaʊɚz/,,140,1
522,break a record,/brˈeɪk ə rəkˈɔrd/,,236,1
523,break waters,/brˈeɪk wˈɔtɚz/,,54,1
524,breakdown,/ˈbreɪkdaʊn/,,205,1
525,breakfast,/ˈbrekfəst/,,66,2
526,breakfast buffet,/brˈɛkfəst bˈʌfət/,,158,1
527,breakfast cereals,/brˈɛkfəst sˈɪriəlz/,,109,1
528,breakfast tray,/brˈɛkfəst trˈeɪ/,,103,1
529,breast,/brest/,,14,2
530,breast bone,/brˈɛst boʊn/,,19,1
531,breast pump,/brˈɛst pˈʌmp/,,55,1
532,breastfeed,/brˈɛstfid/,,55,1
533,breaststroke,/briststrɑk/,是,241,1
534,breathing,/brˈiðɪŋ/,,49,1
535,breech,/brˈitʃ/,,54,1
536,brick,/brik/,,189,1
537,bridge,/bridʒ/,,17,5
538,bridle path,/brˈaɪdəl pˈæθ/,,265,1
539,brie,/brˈi/,,144,1
540,briefcase,/ˈbriːfkeɪs/,,39,1
541,briefs,/briːfs/,,35,1
542,brioche,/brˌioʊʃ/,,159,1
543,broad bean,/brˈɔd bˈin/,,124,1
544,broad beans,/brˈɔd bˈinz/,,133,1
545,broadcast,/ˈbrɑːdkæst/,,180,2
546,broccoli,/ˈbrɑkəli/,,125,1
547,brogue,/brɑɡʌɛ/,是,39,1
548,bronze,/brɑnz/,,237,1
549,brooch,/brˈutʃ/,,38,1
550,broom,/bruːm/,,79,1
551,brother,/ˈbrʌðə/,,24,1
552,brother-in-law,/brˈʌðɚɪnlˌɔ/,,25,1
553,browband,/broʊbænd/,是,244,1
554,brown bread,/brˈaʊn brˈɛd/,,141,2
555,brown flour,/brˈaʊn flˈaʊɚ/,,140,1
556,brown lentils,/brˈaʊn lˈɛntəlz/,,133,1
557,brown rice,/brˈaʊn rˈaɪs/,,132,1
558,browser,/brˈaʊzɚ/,,179,1
559,bruise,/bruːz/,,48,1
560,Brunei,/ˈbruːnaɪ/,,321,1
561,brunette,/brunˈɛt/,,41,1
562,brush,/brʌʃ/,,40,6
563,Brussels sprouts,/brˈʌsəlz sprˈaʊts/,,125,1
564,bubble bath,/bˈʌbəl bˈæθ/,,75,1
565,bucket,/ˈbʌkit/,,79,3
566,buckle,/ˈbʌkl/,,38,1
567,bud,/bʌd/,,113,2
568,buffet,/bˈʌfət/,,154,1
569,buggy,/bˈʌgi/,,234,1
570,build,/bild/,,188,1
571,builder,/bˈɪldɚ/,,188,2
572,building site,/bˈɪldɪŋ sˈaɪt/,,188,1
573,buildings,/ˈbildiŋ/,,301,1
574,buildings and structures,/bˈɪldɪŋz ənd strˈʌktʃɚz/,,302,1
575,built-in wardrobe,/bˈɪltˌɪn wˈɔrdroʊb/,,73,1
576,bulb annual,/bˈʌlb ˈænjuəl/,,88,1
577,Bulgaria,/bəlgˈɛriə/,,318,1
578,bull,/bul/,,187,1
579,bull-nose pliers,/ˈplaɪrz/,,82,1
580,bulldog clip,/bˈʊldˌɔg klˈɪp/,,175,1
581,bullseye,/bˈulzaɪ/,,275,1
582,bumper,/ˈbʌmpə/,,76,2
583,bun,/bʌn/,,41,3
584,bunch,/bʌntʃ/,,113,1
585,bungalow,/ˈbʌŋgəloʊ/,,60,1
586,bungee jumping,/bˈʌndʒi dʒˈʌmpɪŋ/,,250,1
587,bunker,/ˈbʌŋkə/,,234,1
588,bunsen burner,/ˈbəːnə/,,168,1
589,buoy,/bˈui/,,219,1
590,bureau de change,/bjˈʊroʊ dˈi tʃˈeɪndʒ/,,99,1
591,burger,/bɝgɚ/,,156,1
592,burger bar,/bɝgɚ bˈɑr/,,156,1
593,burglar alarm,/bɝglɚ əlˈɑrm/,,60,1
594,burglary,/ˈbəːləri/,,96,1
595,Burma,/bɝmə/,,320,1
596,burn,/bəːn/,,48,1
597,Burundi,/bɚˈʌndi/,,319,1
598,bus,/bʌs/,,198,1
599,bus driver,/bˈʌs drˈaɪvɚ/,,192,1
600,bus shelter,/bˈʌs ʃˈɛltɚ/,,199,1
601,bus station,/bˈʌs stˈeɪʃən/,,199,1
602,bus stop,/bˈʌs stˈɑp/,,199,2
603,bus ticket,/bˈʌs tˈɪkət/,,199,1
604,business,/ˈbiznis/,,177,1
605,business class,/bˈɪznəs klˈæs/,,213,1
606,business partner,/bˈɪznəs pˈɑrtnɚ/,,26,1
607,business suit,/bˈɪznəs sˈut/,,34,1
608,businessman,/ˈbiznismæn/,,177,1
609,businesswoman,/bˈɪznɪswˌʊmən/,,177,1
610,butcher,/ˈbutʃə/,,120,2
611,butcher’s,/bˈʊtʃɚ ˈɛs/,,116,1
612,butter,/ˈbʌtə/,,139,2
613,butter beans,/bˈʌtɚ bˈinz/,,133,1
614,buttercup,/bˈʌtɚkˌəp/,,299,1
615,butterfly,/ˈbʌtəflaɪ/,,297,1
616,butternut squash,/skwɑʃ/,,127,1
617,buttock,/ˈbʌtək/,,15,2
618,button,/ˈbʌtən/,,34,1
619,buttonhole,/bˈʌtənhoʊl/,,34,1
620,buttress,/bˈʌtrəs/,,303,1
621,by,/baɪ/,,322,1
622,by airmail,/bˈaɪ ˈɛrmˌeɪl/,,100,1
623,cab,/kˈæb/,,97,1
624,cabbage,/ˈkæbidʒ/,,125,1
625,cabin,/kˈæbən/,,212,2
626,Cabinda,/kəbˈɪndə/,,319,1
627,cabinet,/ˈkæbinit/,,64,2
628,cable,/ˈkeɪbl/,,81,2
629,cable car,/kˈeɪbəl kˈɑr/,,248,1
630,cable television,/kˈeɪbəl tˈɛləvˌɪʒən/,,271,1
631,cactus,/kˈæktəs/,,89,1
632,caddy,/kˈædi/,,235,1
633,caesarean section stitches,/kˈeɪsɚˌin sˈɛkʃən stˈɪtʃɪz/,,54,1
634,cake shop,/kˈeɪk ʃˈɑp/,,116,1
635,cake tin,/kˈeɪk tˈɪn/,,71,1
636,cakes and desserts,/kˈeɪks ənd dɪzɝts/,,142,1
637,calcite,/kˈælsˌaɪt/,,291,1
638,calcium,/ˈkælsiəm/,,111,1
639,calculator,/ˈkælkjuleɪtə/,,167,1
640,calendar,/ˈkælində/,,308,1
641,calf,/kˈæf/,,15,3
642,call button,/kˈɔl bˈʌtən/,,50,1
643,Call the,/kˈɔl ðə/,,97,1
644,calyx,/kˈælɪks/,,299,1
645,cam belt,/kˈæm bˈɛlt/,,205,1
646,Cambodia,/kæmˈboʊdiə/,,320,1
647,camcorder,/kˈæmkˌɔrdɚ/,,262,2
648,camel,/ˈkæml/,,293,1
649,camembert,/kˈæməmbɛr/,,144,1
650,camera,/ˈkæmərə/,,180,2
651,camera case,/kˈæmɚə kˈeɪs/,,273,1
652,camera crane,/kˈæmɚə krˈeɪn/,,180,1
653,camera shop,/kˈæmɚə ʃˈɑp/,,117,1
654,cameraman,/ˈkæmərəmæn/,,180,1
655,Cameroon,/kˈæmɚˌun/,,319,1
656,camisole,/kˈæmɪsoʊl/,,37,1
657,camomile tea,/kˌæməmˈaɪl tˈi/,,151,1
658,camp,/kæmp/,,268,1
659,camp bed,/kˈæmp bˈɛd/,,268,1
660,campari,/kæmpɑrrɪ/,是,147,1
661,camper van,/kˈæmpɚ vˈæn/,,268,1
662,camping,/ˈkæmpiŋ/,,268,1
663,camping stove,/kˈæmpɪŋ stoʊv/,,269,1
664,can,/kæn/,,147,2
665,Can I attach a,/kˈæn ˈaɪ ətˈætʃ ə/,,113,1
666,Can I change this,/kˈæn ˈaɪ tʃˈeɪndʒ ðˈɪs/,,99,1
667,Can I have a,/kˈæn ˈaɪ hˈæv ə/,,325,1
668,Can I have a bunch,/kˈæn ˈaɪ hˈæv ə bˈʌntʃ/,,113,1
669,Can I have one kilo of potatoes,/kˈæn ˈaɪ hˈæv wˈʌn kˈɪloʊ ˈʌv pətˈeɪtoʊz/,,126,1
670,Can I have some,/kˈæn ˈaɪ hˈæv sˈʌm/,,66,1
671,Can I have that to go,/kˈæn ˈaɪ hˈæv ðˈæt tˈu goʊ/,,156,1
672,Can I have them,/kˈæn ˈaɪ hˈæv ðˈɛm/,,113,1
673,Can I park,/kˈæn ˈaɪ pˈɑrk/,,202,1
674,Can I post,/kˈæn ˈaɪ poʊst/,,183,1
675,Can I see the,/kˈæn ˈaɪ sˈi ðə/,,155,1
676,Can I try,/kˈæn ˈaɪ trˈaɪ/,,129,1
677,Can I try some of that,/kˈæn ˈaɪ trˈaɪ sˈʌm ˈʌv ðˈæt/,,145,1
678,can opener,/kˈæn oʊpənɚ/,,70,1
679,Can we pay,/kˈæn wˈi pˈeɪ/,,155,1
680,Can you,/kˈæn jˈu/,,49,1
681,Can you give me the number,/kˈæn jˈu gˈɪv mˈi ðə nˈʌmbɚ/,,101,1
682,Can you help,/kˈæn jˈu hˈɛlp/,,324,1
683,Can you send them,/kˈæn jˈu sˈɛnd ðˈɛm/,,113,1
684,Can you tell me the way,/kˈæn jˈu tˈɛl mˈi ðə wˈeɪ/,,202,2
685,Canada,/ˈkænədə/,,316,1
686,canary,/kənˈɛri/,,294,1
687,candied fruit,/kˈændid frˈut/,,131,1
688,candle,/ˈkændl/,,65,1
689,cane,/keɪn/,,93,1
690,canes,/keɪn/,,91,1
691,canine,/kˈeɪnˌaɪn/,,52,1
692,canned drink,/kˈænd drˈɪŋk/,,156,1
693,canoe,/kəˈnuː/,,216,1
694,canoeing,/kəˈnuːiŋ/,,243,1
695,canter,/kˈæntɚ/,,245,1
696,canvas,/ˈkænvəs/,,276,1
697,cap,/kæp/,,23,2
698,cap lane,/kˈæp lˈeɪn/,,240,1
699,capacity,/kəˈpæsiti/,,313,1
700,cape gooseberry,/kˈeɪp gˈusbˌɛri/,,130,1
701,capers,/kˈeɪpɚz/,,145,1
702,capoeira,/kæpoʊɝræ/,是,239,1
703,cappuccino,/kæpjˈtʃiːnəj/,,150,1
704,capsize,/kˈæpsˌaɪz/,,243,1
705,capsule,/kˈæpsəl/,,111,1
706,captain,/ˈkæptin/,,216,1
707,car,/kɑː/,,200,3
708,car accident,/kˈɑr ˈæksədənt/,,205,1
709,car hire,/kˈɑr hˈaɪɚ/,,215,1
710,car park,/kˈɑr pˈɑrk/,,300,1
711,car stereo,/kˈɑr stˈɛrioʊ/,,203,1
712,car wash,/kˈɑr wˈɑʃ/,,201,1
713,caramel,/ˈkærəmel/,,115,2
714,caravan,/kˈærəvˌæn/,,268,1
715,caraway,/kˈærəwˌeɪ/,,133,1
716,card,/kɑːd/,,29,1
717,card phone,/kˈɑrd foʊn/,,101,1
718,card slot,/kˈɑrd slˈɑt/,,99,1
719,cardamom,/kˈɑrdəməm/,,134,1
720,cardboard,/kˈɑrdbˌɔrd/,,277,1
721,cardigan,/kˈɑrdɪgən/,,34,1
722,cardiology,/kˌɑrdiˈɑlədʒi/,,51,1
723,cardiovascular,/kɑːdioʊˈvæskjulə/,,21,1
724,Caribbean Sea,/kɚˈɪbiən sˈi/,,314,1
725,carnation,/kɑrnˈeɪʃən/,,112,1
726,carnival,/ˈkɑːnivəl/,,29,1
727,carousel,/kəˈraʊzəl/,,214,1
728,carpenter,/ˈkɑːpintə/,,190,1
729,carpentry bits,/kˈɑrpəntri bˈɪts/,,82,1
730,carpet,/ˈkɑːpit/,,73,1
731,carriage,/ˈkæridʒ/,,210,1
732,carriage race,/kˈærɪdʒ rˈeɪs/,,245,1
733,carriageway,/kɑrrrɪædʒɛweɪ/,是,197,1
734,carrier,/ˈkæriə/,,206,1
735,carrot,/ˈkærət/,,126,1
736,carrycot,/kɑrrrɪkɑt/,是,77,1
737,cartilage,/kˈɑrtələdʒ/,,19,1
738,carton,/kˈɑrtən/,,313,1
739,cartoon,/kɑːˈtuːn/,,180,1
740,carving fork,/kˈɑrvɪŋ fˈɔrk/,,70,1
741,case,/keɪs/,,53,1
742,cash,/kæʃ/,,99,1
743,cashewnut,/kæʃɛwnʌt/,是,131,1
744,cashewnuts,/kæʃɛwnʌts/,是,153,1
745,cashier,/kæʃˈɪr/,,98,1
746,cashier offers,/kæʃˈɪr ˈɔfɚz/,,108,1
747,casino,/kəsˈinoʊ/,,263,1
748,Caspian Sea,/kˈæspiən sˈi/,,315,1
749,cassava,/kæssævæ/,是,126,1
750,casserole dish,/kˈæsɚoʊl dˈɪʃ/,,71,1
751,cassette player,/kəsˈɛt plˈeɪɚ/,,271,1
752,cassette tape,/kəsˈɛt tˈeɪp/,,271,1
753,cast,/kɑːst/,,247,2
754,castle,/ˈkæsl/,,302,1
755,casual,/ˈkæʒjuəl/,,36,1
756,casual wear,/kˈæʒəwəl wˈɛr/,,35,1
757,cat,/kæt/,,292,1
758,catalogue,/kˈætəlˌɔg/,,170,1
759,catamaran,/kˌætəmɚˈæn/,,217,1
760,cataract,/kˈætɚækt/,,53,1
761,catch,/kætʃ/,,222,3
762,caterpillar,/ˈkætəpilə/,,297,1
763,catheter,/kˈæθətɚ/,,55,1
764,cauliflower,/ˈkɑliflaʊr/,,126,1
765,Caution,/kˈɑʃən/,,325,1
766,cave,/keɪv/,,286,1
767,CD,/sˌidˈi/,,270,2
768,CD player,/sˌidˈi plˈeɪɚ/,,270,1
769,cedar,/ˈsiːdə/,,298,1
770,ceiling,/ˈsiːliŋ/,,64,1
771,celebration,/sˌɛləbrˈeɪʃən/,,142,1
772,celebration cakes,/sˌɛləbrˈeɪʃən kˈeɪks/,,143,1
773,celebrations,/ˌselɪˈbreɪʃθnz/,,29,1
774,celeriac,/sɛlɛrrɪæs/,是,126,1
775,celery,/ˈseləri/,,124,1
776,cell,/sel/,,183,1
777,cement,/siˈment/,,188,1
778,cement mixer,/səmˈɛnt mˈɪksɚ/,,188,1
779,centimetre,/sˈɛntəmˌitɚ/,,312,1
780,centipede,/ˈsentipiːd/,,297,1
781,Central African Republic,/sˈɛntrəl ˈæfrəkən ripˈʌblək/,,319,1
782,central processing unit,/sˈɛntrəl prˈɑsɛsɪŋ jˈunət/,,178,1
783,central reservation,/sˈɛntrəl rˌɛzɚvˈeɪʃən/,,196,1
784,centre,/ˈsentə/,,166,1
785,centre circle,/sˈɛntɚ sɝkəl/,,224,3
786,centre field,/sˈɛntɚ fˈild/,,230,1
787,centreboard,/sɛntrɛboʊrd/,是,243,1
788,centreline,/sɛntrɛlɪn/,是,228,1
789,century,/ˈsentʃuri/,,309,1
790,ceramic hob,/sɚˈæmɪk hˈɑb/,,68,1
791,cereal,/sˈɪriəl/,,132,2
792,cervical vertebrae shoulder blade,/sɝvəkəl vɝtəbrˌeɪ ʃoʊldɚ blˈeɪd/,,19,1
793,cervix,/sɝvɪks/,,22,2
794,Chad,/tʃˈæd/,,319,1
795,chain,/tʃeɪn/,,38,2
796,chair,/tʃɛr/,,66,2
797,chairlift,/tʃeɪrlɪft/,是,248,1
798,chalk,/tʃɑːk/,,87,3
799,chamber,/ˈtʃeɪmbə/,,63,2
800,champagne,/ʃæmˈpeɪn/,,147,1
801,championship,/ˈtʃæmpiənʃip/,,232,1
802,change,/tʃeɪndʒ/,,211,1
803,change a wheel,/tʃˈeɪndʒ ə wˈil/,,205,1
804,change channel,/tʃˈeɪndʒ tʃˈænəl/,,271,1
805,change gear,/tʃˈeɪndʒ gˈɪr/,,209,1
806,changing bag,/tʃˈeɪndʒɪŋ bˈæg/,,77,1
807,changing mat,/tʃˈeɪndʒɪŋ mˈæt/,,76,1
808,changing rooms,/tʃˈeɪndʒɪŋ rˈumz/,,106,1
809,channel,/ˈtʃænəl/,,180,1
810,charcoal,/ˈtʃɑːkoʊl/,,268,2
811,charge,/tʃɑːdʒ/,,96,2
812,chart,/tʃˈɑrt/,,50,1
813,chassis,/tʃˈæsi/,,205,1
814,cheap,/tʃiːp/,,323,1
815,check in,/tʃˈɛk ɪn/,,214,1
816,check-in desk,/desk/,,215,1
817,check-up,/tʃˈɛkˌəp/,,52,1
818,cheddar,/tʃˈɛdɚ/,,144,1
819,cheek,/tʃiːk/,,16,1
820,cheerleader,/tʃˈɪrlˌidɚ/,,222,1
821,cheese,/tʃiːz/,,138,3
822,chef,/ʃef/,,154,2
823,chef’s hat,/hæt/,,192,1
824,chemist,/kˈɛmɪst/,,110,1
825,chemistry,/ˈkemistri/,,164,1
826,cheque,/tʃek/,,98,1
827,chequebook,/tʃɛkwɛbuk/,是,98,1
828,cherry,/ˈtʃeri/,,128,1
829,cherry tomato,/tʃˈɛri təmˈeɪtoʊ/,,126,1
830,chess,/tʃes/,,274,1
831,chessboard,/tʃˈɛsbˌɔrd/,,274,1
832,chest,/tʃest/,,14,1
833,chest of drawers,/tʃˈɛst ˈʌv drˈɔrz/,,72,1
834,chest press,/tʃˈɛst prˈɛs/,,253,1
835,chestnut,/tʃˈɛsnˌət/,,131,1
836,chewing gum,/tʃˈuɪŋ gˈʌm/,,115,1
837,chick,/tʃˈɪk/,,187,1
838,chick peas,/tʃˈɪk pˈiz/,,133,1
839,chicken,/ˈtʃikin/,,187,1
840,chicken burger,/tʃˈɪkən bɝgɚ/,,157,1
841,chicken coop,/tʃˈɪkən kˈup/,,187,1
842,chicken nuggets,/tʃˈɪkən nˈʌgəts/,,157,1
843,chickenpox,/tʃɪkɛnpɑks/,是,46,1
844,chicory,/tʃɪkɔrraɪ/,是,124,1
845,child,/tʃaɪld/,,25,2
846,child lock,/tʃˈaɪld lˈɑk/,,77,1
847,child seat,/tʃˈaɪld sˈit/,,200,2
848,childbirth,/ˈtʃaɪldbəːθ/,,55,1
849,children,/ˈtʃildrən/,,25,1
850,children’s clothing,/ˈkloʊðiŋ/,,32,1
851,children’s department,/diˈpɑːtmənt/,,106,1
852,children’s ward,/wɑːd/,,50,1
853,child’s meal,/miːl/,,155,1
854,Chile,/ˈtʃili/,,317,1
855,chili,/ˈtʃili/,,145,1
856,chill,/tʃˈɪl/,,46,1
857,chilli,/ˈtʃili/,,126,2
858,chimney,/ˈtʃimni/,,60,1
859,chin,/tʃin/,,16,1
860,China,/ˈtʃaɪnə/,,107,2
861,chip,/tʃˈɪp/,,235,1
862,chipboard,/tʃˈɪpbˌɔrd/,,81,1
863,chiropractic,/kˌaɪroʊprˈæktɪk/,,56,1
864,chisel,/tʃˈɪzəl/,,83,2
865,chives,/tʃaɪvz/,,135,1
866,chocolate,/ˈtʃɑkəlit/,,115,1
867,chocolate bar,/tʃˈɔklət bˈɑr/,,115,1
868,chocolate cake,/tʃˈɔklət kˈeɪk/,,142,1
869,chocolate chip,/tʃˈɔklət tʃˈɪp/,,143,1
870,chocolate coated,/tʃˈɔklət koʊtəd/,,142,1
871,chocolate milkshake,/tʃˈɔklət mˈɪlkʃˌeɪk/,,151,1
872,chocolate spread,/tʃˈɔklət sprˈɛd/,,137,1
873,choir,/ˈkwaɪr/,,303,1
874,choke,/tʃoʊk/,,49,1
875,chop,/tʃɑp/,,121,1
876,chopping board,/tʃˈɑpɪŋ bˈɔrd/,,70,1
877,chorizo,/tʃɔrrɪzɑ/,是,145,1
878,choux pastry,/tʃaʊks pˈeɪstri/,是,142,1
879,christening,/krˈɪsənɪŋ/,,28,1
880,Christmas,/ˈkrisməs/,,29,1
881,chrysanthemum,/kriˈsænθəməm/,,112,1
882,chuck,/tʃˈʌk/,,80,1
883,church,/tʃəːtʃ/,,301,2
884,chutney,/tʃˈʌtni/,,137,1
885,cider,/sˈaɪdɚ/,,147,1
886,cider vinegar,/sˈaɪdɚ vˈɪnəgɚ/,,137,1
887,cigar,/sɪgˈɑr/,,114,1
888,cigarettes,/sˌɪgɚˈɛts/,,114,1
889,cinema,/ˈsinəmə/,,257,2
890,cinema hall,/sˈɪnəmə hˈɔl/,,257,1
891,cinnamon,/ˈsinəmən/,,135,1
892,circle,/ˈsəːkl/,,166,2
893,circuit training,/sɝkət trˈeɪnɪŋ/,,253,1
894,circular saw,/sɝkjəlɚ sˈɔ/,,80,1
895,circumference,/səˈkʌmfərəns/,,166,1
896,cistern,/sˈɪstɚn/,,63,1
897,citrus fruit,/sˈɪtrəs frˈut/,,128,1
898,city,/ˈsiti/,,301,1
899,clam,/klæm/,,123,1
900,clamp,/klˈæmp/,,80,2
901,clamp stand,/klˈæmp stˈænd/,,168,1
902,clapper board,/klˈæpɚ bˈɔrd/,,181,1
903,clarinet,/klæriˈnet/,,259,1
904,clasp,/klˈæsp/,,38,1
905,classical music,/klˈæsɪkəl mjˈuzɪk/,,257,1
906,classical music heavy metal,/klˈæsɪkəl mjˈuzɪk hˈɛvi mˈɛtəl/,,261,1
907,claw,/klˈɔ/,,293,2
908,clay,/kleɪ/,,87,2
909,clean,/kliːn/,,79,2
910,clean clothes,/klˈin kloʊðz/,,78,1
911,cleaned,/kliːnd/,,123,1
912,cleaner,/ˈkliːnə/,,190,2
913,cleaning equipment,/klˈinɪŋ ɪkwˈɪpmənt/,,79,1
914,cleaning fluid,/klˈinɪŋ flˈuəd/,,53,1
915,cleanser,/ˈklenzə/,,43,1
916,clear honey,/klˈɪr hˈʌni/,,136,1
917,cleat,/klˈit/,,242,1
918,cleaver,/ˈkliːvə/,,70,1
919,clementine,/klˈɛməntˌaɪn/,,128,1
920,client,/ˈklaɪrnt/,,40,3
921,cliff,/klif/,,287,1
922,climber,/klˈaɪmɚ/,,89,1
923,clinic,/ˈklinik/,,50,1
924,clitoris,/klaɪtˈɔrɪs/,,22,1
925,clock,/klɑk/,,64,2
926,clock radio,/klˈɑk rˈeɪdioʊ/,,72,1
927,closed,/kloʊzd/,,262,2
928,clothes line,/kloʊðz lˈaɪn/,,78,1
929,clothes peg,/kloʊðz pˈɛg/,,78,1
930,cloudy,/ˈklaʊdi/,,288,1
931,clove,/kloʊv/,,127,1
932,clover,/kloʊvɚ/,,299,1
933,cloves,/kloʊv/,,135,1
934,club,/klʌb/,,275,1
935,club sandwich,/klˈʌb sˈændwɪtʃ/,,157,1
936,clutch,/klˈʌtʃ/,,202,2
937,co-pilot,/kˈoʊ pˈaɪlət/,,213,1
938,coal,/koʊl/,,290,1
939,coast,/koʊst/,,287,1
940,coaster,/ˈkoʊstə/,,152,1
941,coat,/koʊt/,,34,1
942,coat hanger,/koʊt hˈæŋɚ/,,72,1
943,cockatoo,/kˈɑkətˌu/,,295,1
944,cockerel,/kɑkɛrrɛl/,是,187,1
945,cockle,/kˈɑkəl/,,123,1
946,cockpit,/ˈkɑkpit/,,212,1
947,cockroach,/ˈkɑkroʊtʃ/,,297,1
948,cocktail,/ˈkɑkteɪl/,,153,1
949,cocktail shaker,/kˈɑktˌeɪl ʃˈeɪkɚ/,,152,1
950,cocoa powder,/koʊkoʊ pˈaʊdɚ/,,150,1
951,coconut sultana,/ˈkoʊkənət/,,131,1
952,cocoon,/kəˈkuːn/,,297,1
953,cod,/kɑd/,,122,1
954,coffee,/ˈkɑfi/,,146,4
955,coffee cup,/kˈɑfi kˈʌp/,,67,1
956,coffee machine,/kˈɑfi məʃˈin/,,150,2
957,coffee milkshake,/kˈɑfi mˈɪlkʃˌeɪk/,,151,1
958,coffee spoon,/kˈɑfi spˈun/,,155,1
959,coffee table,/kˈɑfi tˈeɪbəl/,,64,1
960,cog tyre,/kˈɔg tˈaɪr/,,208,1
961,coin,/kˈɔɪn/,,99,1
962,coin phone,/kˈɔɪn foʊn/,,101,1
963,coin return,/kˈɔɪn rɪtɝn/,,101,1
964,cola,/ˈkoʊlə/,,146,1
965,colander,/ˈkʌləndə/,,70,1
966,cold,/koʊld/,,46,3
967,cold tap,/koʊld tˈæp/,,74,1
968,cold-pressed oil,/ɑil/,,137,1
969,collar,/ˈkɑlə/,,34,1
970,collar bone,/kˈɑlɚ boʊn/,,19,1
971,colleague manager,/kˈɑlig mˈænədʒɚ/,,26,1
972,collecting,/kəlˈɛktɪŋ/,,275,1
973,collection,/kəˈlekʃən/,,100,1
974,college,/ˈkɑlidʒ/,,170,1
975,Colombia,/kəˈlæmbiə/,,317,1
976,colouring pencil,/kˈʌlɚrˌɪŋ pˈɛnsəl/,,165,1
977,colours,/ˈkʌlə/,,41,2
978,comb,/koʊm/,,40,2
979,combat sports,/kˈɑmbæt spˈɔrts/,,238,1
980,comedy,/ˈkɑmidi/,,257,1
981,comet,/ˈkɑmit/,,282,1
982,comic,/ˈkɑmik/,,114,1
983,commis chef,/ʃef/,,154,1
984,commission,/kəmˈɪʃən/,,99,1
985,communications,/kəmjuːniˈkeɪʃ(ə)nz/,,100,1
986,commuter,/kəmjˈutɚ/,,210,1
987,Comoros,/kɔmˈɔroʊs/,,319,1
988,compact disc,/kˈɑmpækt dˈɪsk/,,271,1
989,company,/ˈkʌmpəni/,,177,1
990,compartment,/kəmˈpɑːtmənt/,,211,1
991,compass,/ˈkʌmpəs/,,167,2
992,complaint,/kəmˈpleɪnt/,,96,1
993,complexion,/kəmplˈɛkʃən/,,43,1
994,compliments slip,/kˈɑmpləmɛnts slˈɪp/,,175,1
995,compost,/kˈɑmpoʊst/,,90,1
996,compost heap,/kˈɑmpoʊst hˈip/,,87,1
997,computer,/kəmˈpjuːtə/,,174,2
998,concealer,/kɑnsilɛrr/,是,42,1
999,conceive,/kənˈsiːv/,,22,1
1000,conception embryo,/kənsˈɛpʃən ˈɛmbrioʊ/,,54,1
1001,concert,/ˈkɑnsət/,,260,1
1002,concertina file,/kɑnsɚtˈinə fˈaɪl/,,175,1
1003,concrete block,/kənkrˈit blˈɑk/,,189,1
1004,concussion,/kənkˈʌʃən/,,48,1
1005,condensed milk,/kəndˈɛnst mˈɪlk/,,138,1
1006,condiments and spreads,/kˈɑndəmənts ənd sprˈɛdz/,,137,1
1007,conditioner,/kənˈdiʃənə/,,40,1
1008,condom,/ˈkɑndəm/,,23,1
1009,conductor,/kənˈdʌktə/,,258,1
1010,cone,/koʊn/,,166,2
1011,confectioner,/kənfˈɛkʃənɚ/,,115,1
1012,confectionery,/kənfˈɛkʃənˌɛri/,,109,2
1013,confident,/ˈkɑnfidənt/,,27,1
1014,confused,/kənˈfjuːzd/,,27,1
1015,conglomerate,/kənglˈɑmɚət/,,290,1
1016,Congo,/kˈɑŋgoʊ/,,319,1
1017,conifer,/kˈɑnəfɚ/,,88,1
1018,connect,/kəˈnekt/,,179,1
1019,connection,/kəˈnekʃən/,,214,1
1020,conning tower,/kˈɑnɪŋ tˈaʊɚ/,,217,1
1021,console fast forward,/kˈɑnsoʊl fˈæst fˈɔrwɚd/,,271,1
1022,constellation,/kˌɑnstəlˈeɪʃən/,,283,1
1023,construction,/kənˈstrʌkʃən/,,188,1
1024,consultant,/kənsˈʌltənt/,,51,1
1025,consultation,/kˌɑnsəltˈeɪʃən/,,47,1
1026,container,/kənˈteɪnə/,,218,2
1027,container ship,/kəntˈeɪnɚ ʃˈɪp/,,217,1
1028,continent,/ˈkɑntinənt/,,284,1
1029,continent colony,/kˈɑntənənt kˈɑləni/,,317,1
1030,contraception,/kˌɑntrəsˈɛpʃən/,,23,1
1031,contraction,/kənˈtrækʃən/,,54,1
1032,control tower,/kəntroʊl tˈaʊɚ/,,214,1
1033,controller,/kəntroʊlɚ/,,271,1
1034,controls,/kənˈtroʊl/,,203,2
1035,convector heater,/ˈhiːtə/,,62,1
1036,convenience food,/kənvˈinjəns fˈud/,,109,1
1037,convertible,/kənˈvəːtəbl/,,201,1
1038,conveyer belt,/kənvˈeɪɚ bˈɛlt/,,108,1
1039,cooked meat,/kˈʊkt mˈit/,,120,2
1040,cooking,/ˈkukiŋ/,,69,1
1041,coolant reservoir,/kˈulənt rˈɛzəvwˌɑr/,,204,1
1042,cooling rack,/kˈulɪŋ rˈæk/,,71,1
1043,copper,/ˈkɑpə/,,291,1
1044,copy,/ˈkɑpi/,,174,1
1045,cor anglais,/kˈɔr æŋleɪs/,是,259,1
1046,coral reef,/kˈɔrəl rˈif/,,287,1
1047,cordless phone,/kˈɔrdləs foʊn/,,101,1
1048,core,/kɑː/,,129,1
1049,coriander,/,kɔriˈændə/,,135,1
1050,cork,/kɑːk/,,136,1
1051,corn,/kɑːn/,,132,1
1052,corn bread,/kˈɔrn brˈɛd/,,141,1
1053,corn oil,/kˈɔrn ˈɔɪl/,,137,1
1054,cornea,/kˈɔrniə/,,53,1
1055,corner,/ˈkɑːnə/,,225,1
1056,corner flag,/kˈɔrnɚ flˈæg/,,225,1
1057,cornice,/kɔrrnɪs/,是,302,1
1058,correct,/kəˈrekt/,,323,1
1059,corset,/kˈɔrsət/,,37,1
1060,Corsica,/kˈɔrsɪkə/,,318,1
1061,Costa Rica,/kˈɔstɑ rˈikə/,,316,1
1062,costume,/ˈkɑstjuːm/,,257,1
1063,cottage garden,/kˈɑtədʒ gˈɑrdən/,,86,1
1064,cottage semi-soft cheese,/ˈkɑtidʒ/,,138,1
1065,cotton,/ˈkɑtn/,,186,2
1066,cotton balls,/kˈɑtən bˈɔlz/,,43,1
1067,cough,/kɑf/,,46,1
1068,cough medicine,/kˈɑf mˈɛdəsən/,,110,1
1069,Could I have the receipt,/kˈʊd ˈaɪ hˈæv ðə rɪsˈit/,,155,1
1070,counsellor,/kˈaʊnsəlɚ/,,57,1
1071,count,/kaʊnt/,,167,1
1072,counter,/ˈkaʊntə/,,98,4
1073,counter I reception,/kˈaʊntɚ ˈaɪ rɪsˈɛpʃən/,,102,1
1074,country,/ˈkʌntri/,,261,1
1075,country province,/kˈʌntri prˈɑvəns/,,317,1
1076,courgette,/kaʊrdʒɛtt/,是,127,1
1077,courier,/ˈkuriə/,,101,1
1078,courses,/kɑːs/,,155,1
1079,court case,/kˈɔrt kˈeɪs/,,182,1
1080,court date,/kˈɔrt dˈeɪt/,,182,1
1081,court officer,/kˈɔrt ˈɔfəsɚ/,,182,1
1082,court official,/kˈɔrt əfˈɪʃəl/,,182,1
1083,courtyard,/kˈɔrtjˌɑrd/,,60,2
1084,couscous,/kaʊskaʊs/,是,132,1
1085,cousin,/ˈkʌzən/,,24,1
1086,cow,/kaʊ/,,187,1
1087,crab,/kræb/,,123,1
1088,cracked wheat,/krˈækt wˈit/,,132,1
1089,cradle,/ˈkreɪdl/,,97,1
1090,craft knife,/krˈæft nˈaɪf/,,84,1
1091,cramp,/kræmp/,,241,1
1092,cramps,/kræmp/,,46,1
1093,cranberry,/ˈkrænbəri/,,129,1
1094,crane,/kreɪn/,,218,2
1095,crayfish,/ˈkreɪfiʃ/,,123,1
1096,cream,/kriːm/,,111,4
1097,cream cheese,/krˈim tʃˈiz/,,138,1
1098,cream pie,/krˈim pˈaɪ/,,143,1
1099,crease,/krˈis/,,227,1
1100,credit card,/krˈɛdət kˈɑrd/,,98,1
1101,creel,/krˈil/,,247,1
1102,creeper,/kripɛrr/,是,89,1
1103,crescent moon,/krˈɛsənt mˈun/,,282,1
1104,crew,/kruː/,,243,1
1105,crew hatch,/krˈu hˈætʃ/,,283,1
1106,cricket,/ˈkrikit/,,227,1
1107,cricket ball,/krˈɪkət bˈɔl/,,227,1
1108,cricketer,/krɪkɛtɛrr/,是,227,1
1109,crime,/kraɪm/,,96,1
1110,criminal,/ˈkriminəl/,,183,1
1111,crisp,/krisp/,,129,1
1112,crispbread,/krɪspbrid/,是,141,2
1113,crisper,/krˈɪspɚ/,,69,1
1114,crisps,/krisp/,,115,1
1115,Croatia,/kroʊˈeɪʃə/,,318,1
1116,crochet,/kroʊʃˈeɪ/,,279,1
1117,crochet hook,/kroʊʃˈeɪ hˈʊk/,,279,1
1118,crockery,/krˈɑkɚi/,,66,1
1119,crockery and cutlery,/krˈɑkɚi ənd kˈʌtlɚi/,,67,1
1120,crocodile,/ˈkrɑkədaɪl/,,295,1
1121,crocodile clip,/krˈɑkədˌaɪl klˈɪp/,,169,1
1122,croissant,/kwˌɑsˈɑnt/,,158,1
1123,crop,/krɑp/,,41,1
1124,crops,/krɑp/,,186,1
1125,cross trainer,/krˈɔs trˈeɪnɚ/,,252,1
1126,cross-country skiing,/krˈɔskˌəntri skˈiɪŋ/,,249,1
1127,crossbar,/krɑssbɑrr/,是,209,3
1128,crow,/kroʊ/,,294,1
1129,crown,/kraʊn/,,52,1
1130,crucible,/ˈkruːsibl/,,168,1
1131,crushed,/krˈʌʃt/,,134,1
1132,crust,/krʌst/,,141,2
1133,cry,/kraɪ/,,27,1
1134,crystal healing,/krˈɪstəl hˈilɪŋ/,,57,1
1135,CT,/kˈɔrt/,,50,1
1136,Cuba,/ˈkjuːbə/,,316,1
1137,cube,/kjuːb/,,166,1
1138,cucumber,/ˈkjuːkəmbə/,,127,1
1139,cuff,/kˈʌf/,,34,2
1140,cufflink,/kʌfflɪnk/,是,38,1
1141,cultivate,/ˈkʌltiveɪt/,,93,1
1142,cultivator,/kʌltɪvætɔrr/,是,184,1
1143,cumin,/kjˈumən/,,134,1
1144,cured,/ˈkjuəd/,,120,2
1145,curler,/ˈkəːlə/,,40,1
1146,curling,/kɝlɪŋ/,,249,1
1147,curling tongs,/kɝlɪŋ tˈɑŋz/,,40,1
1148,curly,/ˈkəːli/,,41,1
1149,currant,/kɝrrænt/,是,131,1
1150,current account,/kɝənt əkˈaʊnt/,,98,1
1151,curry powder,/kˈʌri pˈaʊdɚ/,,134,1
1152,curtain,/ˈkəːtən/,,65,2
1153,curved,/kɝvd/,,167,1
1154,cushion,/ˈkuʃən/,,64,1
1155,custard,/kˈʌstɚd/,,142,1
1156,customer,/ˈkʌstəmə/,,98,4
1157,customer service department,/kˈʌstəmɚ sɝvəs dɪpˈɑrtmənt/,,177,1
1158,customer services,/kˈʌstəmɚ sɝvəsəz/,,106,1
1159,customs,/ˈkʌstəm/,,214,1
1160,customs house,/kˈʌstəmz hˈaʊs/,,218,1
1161,cut,/kʌt/,,40,4
1162,cuticle,/kjˈutəkəl/,,17,1
1163,cutlery,/ˈkʌtləri/,,66,1
1164,cuts,/kʌt/,,121,1
1165,cutting,/ˈkʌtiŋ/,,93,1
1166,cuttlefish,/ˈkʌtlfiʃ/,,123,1
1167,cycle,/ˈsaɪkl/,,209,1
1168,cycling,/ˈsaɪkliŋ/,,265,1
1169,cylinder,/ˈsilində/,,166,1
1170,cylinder head,/sˈɪləndɚ hˈɛd/,,204,1
1171,cymbals,/sˈɪmbəlz/,,259,1
1172,Cyprus,/sˈaɪprəs/,,318,1
1173,Czech Republic,/tʃˈɛk ripˈʌblək/,,318,1
1174,daffodil,/dˈæfədˌɪl/,,113,1
1175,dairy,/ˈdɛrri/,,109,1
1176,dairy farm,/dˈɛri fˈɑrm/,,185,1
1177,dairy produce,/dˈɛri prədˈus/,,138,1
1178,daisy,/ˈdeɪzi/,,112,2
1179,dam,/dˈæm/,,302,1
1180,dance academy,/dˈæns əkˈædəmi/,,171,1
1181,dancer,/dˈænsɚ/,,193,1
1182,dandelion,/dˈændəlˌaɪən/,,125,2
1183,Danger,/ˈdeɪndʒə/,,324,1
1184,Dangerous bend,/dˈeɪndʒɚəs bˈɛnd/,,325,1
1185,dark,/dɑːk/,,43,2
1186,darkroom,/dˈɑrkrˌum/,,273,1
1187,darn,/dˈɑrn/,,279,1
1188,dartboard,/dˈɑrtbˌɔrd/,,275,1
1189,dashboard,/ˈdæʃbɑːd/,,203,1
1190,date,/deɪt/,,131,2
1191,daughter,/ˈdɑːtə/,,24,1
1192,daughter-in-law,/dˈɔtɚɪnlˌɔ/,,24,1
1193,dawn,/dɑːn/,,307,1
1194,day,/deɪ/,,308,1
1195,de,/diː/,,34,7
1196,dead ball line touch line,/dˈɛd bˈɔl lˈaɪn tˈʌtʃ lˈaɪn/,,223,1
1197,deadhead,/dˈɛdhˌɛd/,,93,1
1198,debit card,/dˈɛbɪt kˈɑrd/,,98,1
1199,decade,/ˈdekeɪd/,,309,1
1200,decay,/diˈkeɪ/,,52,1
1201,December,/diˈsembə/,,308,1
1202,deciduous,/dˌɪsˈɪdʒuəs/,,88,1
1203,deck,/dek/,,216,1
1204,deck chair,/dˈɛk tʃˈɛr/,,267,1
1205,decking,/dˈɛkɪŋ/,,87,1
1206,decorating,/dˈɛkɚˌeɪtɪŋ/,,84,1
1207,decoration,/dˌɛkɚˈeɪʃən/,,143,1
1208,deep end,/dˈip ˈɛnd/,,241,1
1209,deep fried,/dˈip frˈaɪd/,,161,1
1210,deep sea fishing,/dˈip sˈi fˈɪʃɪŋ/,,247,1
1211,deer,/diə/,,293,1
1212,defence,/diˈfens/,,183,2
1213,defendant,/diˈfendənt/,,183,1
1214,defender,/diˈfendə/,,225,1
1215,defending zone,/dɪfˈɛndɪŋ zoʊn/,,226,1
1216,defrost,/dɪfrˈɔst/,,69,1
1217,degree,/diˈgriː/,,171,1
1218,delay,/diˈleɪ/,,211,1
1219,deli,/dˈɛli/,,109,1
1220,delicatessen,/dˌɛlɪkətˈɛsən/,,144,1
1221,delivery,/diˈlivəri/,,54,2
1222,Democratic,/dˌɛməkrˈætɪk/,,319,1
1223,Denmark,/ˈdenmɑːk/,,318,1
1224,denominator,/diˈnɑmineɪtə/,,167,1
1225,dental,/ˈdentl/,,52,1
1226,dental care,/dˈɛntəl kˈɛr/,,110,1
1227,dental floss toilet roll,/dˈɛntəl flˈɑs tˈɔɪlət roʊl/,,74,1
1228,dental hygiene,/dˈɛntəl hˈaɪdʒˌin/,,74,1
1229,dental x-ray,/dˈɛntəl ˈɛksrˌeɪ/,,52,1
1230,dentist,/ˈdentist/,,52,2
1231,dentist’s chair,/tʃɛr/,,52,1
1232,dentures,/dˈɛntʃɚz/,,52,1
1233,deodorant,/dioʊdɚənt/,,75,1
1234,deodorants,/dioʊdɚənts/,,110,1
1235,department,/diˈpɑːtmənt/,,171,1
1236,department store,/dɪpˈɑrtmənt stˈɔr/,,107,1
1237,departments,/dɪˈpɑːtmənts/,,51,1
1238,departure lounge,/dɪpˈɑrtʃɚ lˈaʊndʒ/,,215,1
1239,departures,/diˈpɑːtʃə/,,215,1
1240,depth,/depθ/,,167,1
1241,dermatology,/dɝmətˈɑlədʒi/,,51,1
1242,desiccated,/dˈɛsəkeɪtəd/,,131,1
1243,designer,/diˈzaɪnə/,,193,2
1244,desk,/desk/,,164,2
1245,desktop,/dˈɛsktˌɑp/,,179,1
1246,desktop organizer,/dˈɛsktˌɑp ˈɔrgənˌaɪzɚ/,,174,1
1247,dessert,/diˈzəːt/,,155,1
1248,destination,/dˌɛstənˈeɪʃən/,,215,1
1249,detached,/dɪtˈætʃt/,,60,1
1250,detective,/diˈtektiv/,,96,1
1251,detergent,/diˈtəːdʒənt/,,79,1
1252,deuce,/dˈus/,,232,1
1253,develop,/diˈveləp/,,273,1
1254,diabetes,/daɪrˈbiːtiːz/,,46,1
1255,diagonal,/daɪˈægənl/,,166,1
1256,dial,/dˈaɪəl/,,101,1
1257,diameter,/daɪˈæmitə/,,166,1
1258,diamond,/ˈdaɪrmənd/,,275,2
1259,diaphragm,/dˈaɪəfrˌæm/,,21,2
1260,diarrhoea,/dˌaɪɚˈiə/,,46,2
1261,dice,/daɪs/,,274,1
1262,die,/daɪ/,,28,1
1263,diesel,/ˈdiːzəl/,,201,1
1264,difficult,/ˈdifikəlt/,,323,1
1265,dig,/dˈɪg/,,92,2
1266,digestive,/diˈdʒestiv/,,21,1
1267,digital,/ˈdidʒitəl/,,271,1
1268,digital camera,/dˈɪdʒətəl kˈæmɚə/,,272,1
1269,dilation,/dˌaɪlˈeɪʃən/,,54,1
1270,dill oregano,/dˈɪl ˌɔrˈɛgənoʊ/,,135,1
1271,dimensions,/dɪmˈɛnʃənz/,,167,1
1272,dimple,/dˈɪmpəl/,,17,1
1273,ding le,/dˈɪŋ lə/,,325,1
1274,dining room,/dˈaɪnɪŋ rˈum/,,66,1
1275,dinner,/ˈdinə/,,66,2
1276,dinner plate,/dˈɪnɚ plˈeɪt/,,67,1
1277,diopter,/dɪɑptɛrr/,是,53,1
1278,dipstick,/dˈɪpstˌɪk/,,204,1
1279,direct current,/dɚˈɛkt kɝənt/,,62,1
1280,direct debit,/dɚˈɛkt dˈɛbɪt/,,98,1
1281,directions,/diˈrekʃən/,,262,2
1282,director,/diˈrektə/,,177,2
1283,directory enquiries,/dɚˈɛktɚi ɛnkwɝris/,是,101,1
1284,dirty,/ˈdəːti/,,323,1
1285,dirty washing,/dɝti wˈɑʃɪŋ/,,78,1
1286,disabled parking,/dɪsˈeɪbəld pˈɑrkɪŋ/,,197,1
1287,discharged,/disˈtʃɑːdʒd/,,50,1
1288,disconnected,/dˌɪskənˈɛktɪd/,,101,1
1289,discus,/dˈɪskəs/,,236,1
1290,disembark,/dɪsɛmbˈɑrk/,,219,1
1291,dish,/diʃ/,,71,1
1292,dishwasher,/ˈdiʃwɑʃə/,,68,1
1293,disinfectant solution,/dɪsɪnfˈɛktənt səlˈuʃən/,,53,1
1294,dispensary,/dɪspˈɛnsɚi/,,110,1
1295,dispenser,/disˈpensə/,,313,1
1296,disposable,/disˈpoʊzəbl/,,111,1
1297,disposable camera,/dɪspoʊzəbəl kˈæmɚə/,,272,1
1298,disposable nappy,/disˈpoʊzəbl/,,32,1
1299,disposable razor,/dɪspoʊzəbəl rˈeɪzɚ/,,75,1
1300,dissertation,/dˌɪsɚtˈeɪʃən/,,171,1
1301,distance,/ˈdistəns/,,312,1
1302,distributor,/dɪstrˈɪbjətɚ/,,205,1
1303,district French Guiana,/dˈɪstrɪkt frˈɛntʃ giˈɑnə/,,317,1
1304,dive,/daɪv/,,241,1
1305,diver,/dˈaɪvɚ/,,240,1
1306,Diversion,/daɪvɝʒən/,,197,2
1307,divide,/diˈvaɪd/,,167,1
1308,divided by,/dɪvˈaɪdɪd bˈaɪ/,,167,1
1309,dividends denomination,/dˈɪvədˌɛndz dɪnˌɔmənˈeɪʃən/,,99,1
1310,divider,/dɪvˈaɪdɚ/,,175,2
1311,divorce,/diˈvɑːs/,,28,1
1312,Diwali,/dɪwˈɑli/,,29,1
1313,DJ,/dˈidʒˈeɪ/,,181,1
1314,Djibouti Niger,/dʒɪbˈutˌi nˈaɪdʒɚ/,,319,1
1315,do not bend,/dˈu nˈɑt bˈɛnd/,,100,1
1316,Do you,/dˈu jˈu/,,156,1
1317,Do you do,/dˈu jˈu dˈu/,,205,1
1318,Do you have any,/dˈu jˈu hˈæv ˈɛni/,,103,1
1319,Do you have any vegetarian,/dˈu jˈu hˈæv ˈɛni vˌɛdʒətˈɛrˌiən/,,155,1
1320,Do you know,/dˈu jˈu noʊ/,,49,1
1321,Do you sell organic,/dˈu jˈu sˈɛl ɔrgˈænɪk/,,124,1
1322,Do you speak,/dˈu jˈu spˈik/,,324,2
1323,Do you stop,/dˈu jˈu stˈɑp/,,199,1
1324,dock,/dɑk/,,216,3
1325,doctor,/ˈdɑktə/,,47,3
1326,doctorate,/dˈɑktɚət/,,171,1
1327,documentary programming,/dˌɑkjəmˈɛntɚi proʊgrˌæmɪŋ/,,180,1
1328,dog,/dɑg/,,292,1
1329,dog sledding,/dˈɔg slˈɛdɪŋ/,,249,1
1330,doll,/dɑl/,,77,1
1331,doll’s house,/haʊs/,,77,1
1332,dolphin,/ˈdɑlfin/,,292,1
1333,dome,/doʊm/,,302,1
1334,domestic,/doʊˈmestik/,,214,1
1335,Dominica,/,dɔmiˈniːkə/,,316,1
1336,Dominican Republic,/dəmˈɪnəkən ripˈʌblək/,,316,1
1337,dominoes,/dˈɑmənoʊz/,,275,1
1338,donkey,/ˈdɑŋki/,,187,1
1339,Don’t,/dˈɑn tˈi/,,324,1
1340,door,/dɑː/,,200,2
1341,door chain,/dˈɔr tʃˈeɪn/,,61,1
1342,door knocker,/dɑː/,,61,1
1343,door lock,/dˈɔr lˈɑk/,,202,1
1344,doorbell,/ˈdɑːbel/,,61,1
1345,doormat,/dˈɔrmˌæt/,,61,1
1346,dormer window,/dˈɔrmɚ wˈɪndoʊ/,,60,1
1347,dorsal fin,/dˈɔrsəl fˈɪn/,,296,1
1348,dosage,/doʊsədʒ/,,111,1
1349,double,/ˈdʌbl/,,153,1
1350,double bass,/dˈʌbəl bˈæs/,,258,1
1351,double bassoon,/dˈʌbəl bəsˈun/,,259,1
1352,double bed,/dˈʌbəl bˈɛd/,,73,1
1353,double cream,/dˈʌbəl krˈim/,,139,1
1354,double room,/dˈʌbəl rˈum/,,102,1
1355,double-decker bus,/bʌs/,,198,1
1356,doubles,/ˈdʌbl/,,232,1
1357,dough,/doʊ/,,140,1
1358,Dover sole,/doʊvɚ soʊl/,,122,1
1359,down,/daʊn/,,322,1
1360,downhill skiing,/dˈaʊnhˈɪl skˈiɪŋ/,,249,1
1361,download,/dˈaʊnloʊd/,,179,1
1362,dragonfly,/ˈdrægənflaɪ/,,297,1
1363,drain,/dreɪn/,,63,3
1364,drain cock,/drˈeɪn kˈɑk/,,63,1
1365,drainage,/drˈeɪnədʒ/,,93,1
1366,draining board,/drˈeɪnɪŋ bˈɔrd/,,69,1
1367,draughts,/drɑːfts/,,274,1
1368,draw,/drɑː/,,225,1
1369,drawer,/ˈdrɑːə/,,68,2
1370,drawer bed,/drˈɔr bˈɛd/,,72,1
1371,drawer unit swivel chair,/drˈɔr jˈunət swˈɪvəl tʃˈɛr/,,174,1
1372,drawing pin,/drˈɔɪŋ pˈɪn/,,175,1
1373,dress,/dres/,,33,2
1374,dressed chicken,/drˈɛst tʃˈɪkən/,,121,1
1375,dressing gown,/drˈɛsɪŋ gˈaʊn/,,33,2
1376,dressing table,/drˈɛsɪŋ tˈeɪbəl/,,73,1
1377,dried flowers,/drˈaɪd flˈaʊɚz/,,113,1
1378,dried fruit,/drˈaɪd frˈut/,,158,1
1379,drill,/dril/,,52,2
1380,drill bits,/drˈɪl bˈɪts/,,82,1
1381,drinking cup,/drˈɪŋkɪŋ kˈʌp/,,77,1
1382,drinks,/driŋk/,,109,2
1383,drip,/drip/,,55,1
1384,drive,/draɪv/,,197,2
1385,driver,/ˈdraɪvə/,,198,1
1386,driver’s cab,/drˈaɪvɚ ˈɛs kˈæb/,,210,1
1387,driver’s seat,/siːt/,,198,1
1388,drop anchor,/drˈɑp ˈæŋkɚ/,,219,1
1389,dropper,/drˈɑpɚ/,,111,1
1390,drops,/drɑp/,,111,1
1391,dropshot,/drɑpʃɑt/,是,232,1
1392,drum,/drʌm/,,260,1
1393,drum kit,/drˈʌm kˈɪt/,,260,1
1394,drummer,/drˈʌmɚ/,,260,1
1395,dry,/draɪ/,,41,7
1396,dry cleaner’s,/draɪ/,,117,1
1397,dry dock,/drˈaɪ dˈɑk/,,219,1
1398,dual,/dˈuəl/,,197,1
1399,duck,/dʌk/,,187,1
1400,duck egg,/dˈʌk ˈɛg/,,139,1
1401,duckling,/ˈdʌkliŋ/,,187,1
1402,duffel coat,/dˈʌfəl koʊt/,,33,1
1403,dugout,/dˈʌgˌaʊt/,,231,1
1404,dumb bell,/dˈʌm bˈɛl/,,253,1
1405,dumper truck,/dˈʌmpɚ trˈʌk/,,189,1
1406,dungarees,/dʌŋɑrris/,是,32,1
1407,dunk,/dʌŋk/,,229,1
1408,duodenum,/duˈɑdənəm/,,20,1
1409,dust,/dʌst/,,79,1
1410,dust pan,/dˈʌst pˈæn/,,79,1
1411,duster,/ˈdʌstə/,,79,1
1412,dustsheet,/dʌstʃit/,是,85,1
1413,duty-free shop,/ʃɑp/,,215,1
1414,duvet,/dʌvɛt/,是,73,1
1415,DVD,/dˌivˌidˈi/,,270,2
1416,DVD disk,/dˌivˌidˈi dˈɪsk/,,270,1
1417,DVD player,/dˌivˌidˈi plˈeɪɚ/,,270,1
1418,dyed,/dˈaɪd/,,41,1
1419,dynamo,/dˈaɪnəmoʊ/,,209,1
1420,eagle,/ˈiːgl/,,294,1
1421,ear,/iə/,,16,1
1422,early,/ˈəːli/,,307,2
1423,earring,/ˈɪrɪŋ/,,38,1
1424,Earth,/əːθ/,,282,2
1425,earthenware dish,/ɝθənwˌɛr dˈɪʃ/,,71,1
1426,earthing,/ɝθ/,,62,1
1427,earthquake vent,/ɝθkwˌeɪk vˈɛnt/,,285,1
1428,easel,/ˈizəl/,,176,2
1429,east,/iːst/,,314,1
1430,East Timor,/ˈist timˈɔr/,,321,1
1431,Easter,/ˈiːstə/,,29,1
1432,easy,/ˈiːzi/,,323,1
1433,easy cook,/ˈizi kˈʊk/,,132,1
1434,eat,/iːt/,,66,1
1435,eat-in,/ˈit ɪn/,,156,1
1436,eating,/ˈiːtiŋ/,,77,2
1437,EATING OUT,/ˈitɪŋ ˈaʊt/,,149,13
1438,eau de toilette,/diː/,,43,1
1439,eaves,/iːvz/,,60,1
1440,economics thesis,/ˌɛkənˈɑmɪks θˈisəs/,,171,1
1441,economy class,/ɪkˈɑnəmi klˈæs/,,213,1
1442,Ecuador,/ˈekwədɑː/,,317,1
1443,eczema,/ˈɛksəmə/,,46,1
1444,edam,/ˈidəm/,,144,1
1445,edge,/edʒ/,,248,1
1446,editor,/ˈeditə/,,193,1
1447,education,/ˌɛdʒəkˈeɪʃən/,,164,1
1448,eel,/iːl/,,296,1
1449,egg,/eg/,,22,1
1450,egg cup,/ˈɛg kˈʌp/,,67,2
1451,egg white,/ˈɛg wˈaɪt/,,139,1
1452,eggs,/eg/,,139,1
1453,Egypt,/ˈiːdʒipt/,,319,1
1454,ei,/eɪ/,是,275,1
1455,eight,/eɪt/,,310,1
1456,eight hundred,/ˈeɪt hˈʌndrəd/,,310,1
1457,eighteen,/eɪtˈin/,,310,1
1458,eighteenth,/eɪtˈinθ/,,311,1
1459,eighth,/eɪtθ/,,311,1
1460,eightieth,/ˈeɪtiɪθ/,,311,1
1461,eighty,/ˈeɪti/,,310,1
1462,ejaculatory duct,/ɛdʒækʌlætɔrraɪ dˈʌkt/,是,23,1
1463,El Salvador,/ˈɛl sˈælvədˌɔr/,,316,1
1464,elbow,/ˈelboʊ/,,15,1
1465,electric blanket,/ɪlˈɛktrɪk blˈæŋkət/,,73,1
1466,electric drill,/ɪlˈɛktrɪk drˈɪl/,,80,1
1467,electric guitar,/ɪlˈɛktrɪk gɪtˈɑr/,,260,1
1468,electric hook-up,/iˈlektik/,,268,1
1469,electric razor,/ɪlˈɛktrɪk rˈeɪzɚ/,,75,1
1470,electric shock,/ɪlˈɛktrɪk ʃˈɑk/,,48,1
1471,electric train,/ɪlˈɛktrɪk trˈeɪn/,,210,1
1472,electrical goods,/ɪlˈɛktrɪkəl gˈʊdz/,,107,2
1473,electrician,/ɪlɛktrˈɪʃən/,,190,1
1474,electricity,/ɪlˌɛktrˈɪsəti/,,62,1
1475,electricity meter,/ɪlˌɛktrˈɪsəti mˈitɚ/,,62,1
1476,elephant,/ˈelifənt/,,293,1
1477,eleven,/iˈlevn/,,310,1
1478,eleventh,/iˈlevnθ/,,311,1
1479,elm,/ˈɛlm/,,298,1
1480,email,/ˈiːˈmeɪl/,,179,1
1481,email account,/imˈeɪl əkˈaʊnt/,,179,1
1482,email address,/imˈeɪl ˈædrˌɛs/,,179,1
1483,embarrassed,/imˈbærəst/,,27,1
1484,embossed paper,/ɪmbˈɔst pˈeɪpɚ/,,85,1
1485,embroidery,/ɛmbrˈɔɪdɚi/,,279,1
1486,emerald,/ˈɛmrəld/,,290,1
1487,emergency,/iˈməːdʒənsi/,,48,1
1488,Emergency exit,/ɪmɝdʒənsi ˈɛgzɪt/,,212,2
1489,emergency lever,/ɪmɝdʒənsi lˈɛvɚ/,,211,1
1490,emergency phone,/ɪmɝdʒənsi foʊn/,,197,1
1491,emergency room,/ɪmɝdʒənsi rˈum/,,50,1
1492,emergency services,/ɪmɝdʒənsi sɝvəsəz/,,96,1
1493,emotions,/iˈmoʊʃən/,,27,1
1494,employee,/ɛmplˈɔɪi/,,26,1
1495,employer,/ɛmplˈɔɪɚ/,,26,1
1496,empty,/ˈempti/,,323,1
1497,emulsion,/ɪmˈʌlʃən/,,85,1
1498,enamel,/ɪnˈæməl/,,52,1
1499,encore,/ˈɑnkˌɔr/,,257,1
1500,encyclopedia,/ɪnsˌaɪkləpˈidiə/,,165,1
1501,end,/end/,,323,1
1502,end zone,/ˈɛnd zoʊn/,,222,1
1503,endive,/ˈɛndɪv/,,125,1
1504,endline,/ɛndlɪn/,是,228,1
1505,endocrine,/ˈɛndoʊkrˌaɪn/,,21,1
1506,endocrinology,/ˌɛndoʊkrənˈɑlədʒi/,,51,1
1507,engine,/ˈendʒin/,,204,4
1508,engine room,/ˈɛndʒən rˈum/,,216,1
1509,engineering,/ˈɛndʒənˈɪrɪŋ/,,171,1
1510,english,/ˈiŋgliʃ/,,14,284
1511,English breakfast,/ˈɪŋglɪʃ brˈɛkfəst/,,159,1
1512,English mustard,/ˈɪŋglɪʃ mˈʌstɚd/,,137,1
1513,enlarge,/ˌɛnlˈɑrdʒ/,,174,1
1514,enlargement,/ɪnlˈɑrdʒmənt/,,273,1
1515,enquiries library card,/ˈlaɪbrəri/,,170,1
1516,ENT,/ˈɛnt/,,51,1
1517,Entrance,/ˈentrəns/,,61,2
1518,entrance fee,/ˈɛntrəns fˈi/,,262,1
1519,envelope,/ˈenvəloʊp/,,100,2
1520,ENVIRONMENT,/inˈvaɪrənmənt/,,281,23
1521,epidural,/ˌɛpədɝəl/,,54,1
1522,epiglottis,/ɛpɪɡlɑttɪs/,是,21,1
1523,epilepsy,/ˈepilepsi/,,46,1
1524,episiotomy,/ɛpɪsɪɑtɑmaɪ/,是,54,1
1525,equals,/ˈiːkwəl/,,167,1
1526,equation,/iˈkweɪʃən/,,167,1
1527,equator,/iˈkweɪtə/,,285,1
1528,Equatorial Guinea,/ˌikwətˈɔriəl gˈɪni/,,319,1
1529,equipment,/iˈkwipmənt/,,167,3
1530,equity,/ˈekwiti/,,99,1
1531,Eritrea,/ˌɛrɪtrˈiə/,,319,1
1532,erupt,/ɪrˈʌpt/,,285,1
1533,escalator,/ˈeskəleɪtə/,,106,1
1534,espresso,/eˈspresoʊ/,,150,1
1535,essay,/ˈeseɪ/,,165,1
1536,essential oils,/ɛsˈɛnʃəl ˈɔɪlz/,,57,1
1537,essential phrases,/ɛsˈɛnʃəl frˈeɪzəz/,,324,1
1538,estate,/iˈsteɪt/,,201,1
1539,estate agent,/ɪstˈeɪt ˈeɪdʒənt/,,191,1
1540,estate agent’s,/iˈsteɪt/,,117,1
1541,Estonia,/ɛstoʊniə/,,318,1
1542,estuary,/ˈɛstʃuˌɛri/,,287,1
1543,Ethiopia Ghana,/ˌiθioʊpiə gˈænə/,,319,1
1544,eucalyptus,/jˌukəlˈɪptəs/,,298,1
1545,Europe,/ˈjuərəp/,,318,1
1546,evening dress,/ˈivnɪŋ drˈɛs/,,36,1
1547,evening menu,/ˈivnɪŋ mˈɛnju/,,154,1
1548,events,/iˈvent/,,245,2
1549,evergreen,/ˈɛvɚgrˌin/,,88,1
1550,every,/ˈevri/,,322,1
1551,evidence,/ˈevidəns/,,183,1
1552,exactly,/ɪgzˈæktli/,,322,1
1553,examination,/ig/,,47,1
1554,examination dictionary,/ɪgzˌæmənˈeɪʃən dˈɪkʃənˌɛri/,,165,1
1555,excess baggage,/ˈɛksˌɛs bˈægədʒ/,,214,1
1556,exchange rate,/ɪkstʃˈeɪndʒ rˈeɪt/,,99,1
1557,excited,/ikˈsaɪtid/,,27,1
1558,Excuse me,/ɪkskjˈus mˈi/,,324,1
1559,executive,/igˈzekjutiv/,,176,1
1560,exercise bike,/ˈɛksɚsˌaɪz bˈaɪk/,,252,1
1561,exercises,/ˈeksəsaɪz/,,253,1
1562,exfoliate,/ɛksfoʊlieɪt/,,43,1
1563,exhaust pipe,/ɪgzˈɔst pˈaɪp/,,205,2
1564,exhibit,/ɪgzˈɪbɪt/,,263,1
1565,exhibition,/ˌɛksəbˈɪʃən/,,263,1
1566,exit,/ˈeksit/,,212,1
1567,exit ramp,/ˈɛgzɪt rˈæmp/,,196,1
1568,exosphere,/ɛksɑsfɛrr/,是,288,1
1569,expectant trimester,/ɪkspˈɛktənt traɪmˈɛstɚ/,,54,1
1570,expensive,/ikˈspensiv/,,323,1
1571,expiry date,/ˌɛkspˈaɪri dˈeɪt/,,111,1
1572,exposure,/ikˈspoʊʒə/,,273,1
1573,extend,/ikˈstend/,,253,1
1574,extension lead,/ɪkstˈɛnʃən lˈɛd/,,80,1
1575,extension path,/ɪkstˈɛnʃən pˈæθ/,,60,1
1576,exterior,/ikˈstiəriə/,,200,1
1577,extra time,/ˈɛkstrə tˈaɪm/,,225,1
1578,extraction,/ikˈstrækʃən/,,52,1
1579,extractor,/ɛkstræktɔrr/,是,68,1
1580,eye,/aɪ/,,16,4
1581,eyebrow,/ˈaɪbraʊ/,,16,2
1582,eyebrow brush,/ˈaɪbrˌaʊ brˈʌʃ/,,42,1
1583,eyebrow pencil,/ˈaɪbrˌaʊ pˈɛnsəl/,,42,1
1584,eyecup,/eɪɛkʌp/,是,271,1
1585,eyelash,/ˈaɪlˌæʃ/,,16,2
1586,eyelet,/ˈaɪlət/,,39,1
1587,eyelid,/ˈaɪlˌɪd/,,53,1
1588,eyeliner,/ˈaɪlˌaɪnɚ/,,42,1
1589,eyepiece,/ˈaɪpˌis/,,169,1
1590,fabric,/ˈfæbrik/,,279,1
1591,fabric conditioner,/fˈæbrɪk kəndˈɪʃənɚ/,,78,1
1592,face,/feɪs/,,16,1
1593,face cream,/fˈeɪs krˈim/,,75,1
1594,face mask,/fˈeɪs mˈæsk/,,227,1
1595,face pack,/fˈeɪs pˈæk/,,43,1
1596,face powder,/fˈeɪs pˈaʊdɚ/,,42,1
1597,face-off circle,/ˈsəːkl/,,226,1
1598,facial,/ˈfeɪʃəl/,,43,1
1599,factory,/ˈfæktəri/,,301,1
1600,faint,/feɪnt/,,27,2
1601,fair,/fɛr/,,43,1
1602,fairground,/fˈɛrgrˌaʊnd/,,264,1
1603,fairway,/fˈɛrwˌeɪ/,,234,1
1604,falcon,/fˈælkən/,,294,1
1605,Falkland Islands,/fˈɔklənd ˈaɪləndz/,,317,1
1606,fall in love,/fˈɔl ɪn lˈʌv/,,28,1
1607,Fallopian tube,/fəloʊpiən tˈub/,,22,1
1608,family,/ˈfæməli/,,24,1
1609,famous ruin painting,/fˈeɪməs rˈuən pˈeɪntɪŋ/,,263,1
1610,fan,/fæn/,,62,2
1611,fan belt,/fˈæn bˈɛlt/,,205,1
1612,far,/fɑː/,,322,1
1613,fare,/fɛr/,,199,2
1614,farm,/fɑːm/,,184,2
1615,farmer,/ˈfɑːmə/,,184,2
1616,farmhouse,/fˈɑrmhˌaʊs/,,184,1
1617,farmland,/ˈfɑːmlænd/,,184,1
1618,farmyard,/fˈɑrmjˌɑrd/,,184,1
1619,fashion,/ˈfæʃən/,,279,1
1620,fast,/fɑːst/,,323,1
1621,fast food,/fˈæst fˈud/,,156,1
1622,fastening,/fˈæsənɪŋ/,,39,1
1623,fat,/fæt/,,121,2
1624,fat free,/fˈæt frˈi/,,139,1
1625,father,/ˈfɑːðə/,,24,1
1626,father-in-law,/ˈfɑːðərinlɔ/,,25,1
1627,fault,/fˈɔlt/,,232,1
1628,fax,/fæks/,,100,2
1629,feather,/ˈfeðə/,,295,1
1630,feature,/ˈfiːtʃə/,,271,1
1631,February,/ˈfebruəri/,,308,1
1632,feed,/fiːd/,,185,1
1633,feijoa,/feɪdʒoʊ/,是,130,1
1634,female,/ˈfiːmeɪl/,,14,2
1635,feminine,/fˈɛmənən/,,110,1
1636,femur,/fˈimɚ/,,19,1
1637,fence,/fens/,,87,3
1638,fencing,/ˈfensiŋ/,,251,1
1639,feng shui,/fˈɛŋ ʃˈui/,,57,1
1640,fennel,/fˈɛnəl/,,124,2
1641,fennel seeds,/fˈɛnəl sˈidz/,,135,1
1642,fenugreek,/fˈɛnugrˌik/,,134,1
1643,fern,/fɝn/,,88,1
1644,ferry,/ˈferi/,,217,2
1645,ferry terminal,/fˈɛri tɝmənəl/,,218,1
1646,fertile,/ˈfəːtaɪl/,,22,1
1647,fertilize,/fɝtəlˌaɪz/,,93,1
1648,fertilizer,/ˈfəːtilaɪzə/,,93,1
1649,festivals,/ˈfestəvəlz/,,29,1
1650,fibula,/fˈɪbjələ/,,19,1
1651,field,/fiːld/,,184,4
1652,field hockey,/fˈild hˈɑki/,,226,1
1653,fifteen,/fɪftˈin/,,310,1
1654,fifty,/fˈɪfti/,,310,1
1655,fifty thousand,/fˈɪfti θˈaʊzənd/,,311,1
1656,fifty-five thousand five hundred,/ˈθaʊznd/,,311,1
1657,fig,/fig/,,131,1
1658,fighter plane,/fˈaɪtɚ plˈeɪn/,,213,1
1659,figure skating,/fˈɪgjɚ skˈeɪtɪŋ/,,249,1
1660,Fiji,/fiːˈdʒiː,ˈfiːdʒiː/,,321,1
1661,filament,/fˈɪləmənt/,,62,1
1662,file,/faɪl/,,83,3
1663,filing cabinet,/fˈaɪlɪŋ kˈæbənət/,,174,1
1664,Fill the,/fˈɪl ðə/,,201,1
1665,filler,/fˈɪlɚ/,,85,1
1666,fillet,/ˈfilit/,,121,1
1667,filling,/ˈfiliŋ/,,142,2
1668,film,/film/,,273,1
1669,film set,/fˈɪlm sˈɛt/,,181,1
1670,film spool,/fˈɪlm spˈul/,,273,1
1671,filo pastry,/fˈiloʊ pˈeɪstri/,,142,1
1672,filter,/ˈfiltə/,,272,1
1673,filter coffee,/fˈɪltɚ kˈɑfi/,,150,1
1674,filter paper,/fˈɪltɚ pˈeɪpɚ/,,169,1
1675,fin,/fin/,,212,1
1676,finance,/faɪˈnæns/,,99,1
1677,financial advisor,/fənˈænʃəl ædvˈaɪzɚ/,,99,1
1678,finial,/fɪnɪɔll/,是,302,1
1679,finishing line,/fˈɪnɪʃɪŋ lˈaɪn/,,236,1
1680,Finland,/ˈfinlənd/,,318,1
1681,fire alarm,/fˈaɪɚ əlˈɑrm/,,97,1
1682,fire brigade,/fˈaɪɚ brəgˈeɪd/,,97,1
1683,fire engine,/fˈaɪɚ ˈɛndʒən/,,97,1
1684,fire escape,/fˈaɪɚ ɪskˈeɪp/,,97,1
1685,fire extinguisher,/fˈaɪɚ ɪkstˈɪŋgwɪʃɚ/,,97,1
1686,fire fighters,/fˈaɪɚ fˈaɪtɚz/,,97,1
1687,fire station,/fˈaɪɚ stˈeɪʃən/,,97,1
1688,fireman,/ˈfaɪrmən/,,191,1
1689,fireplace,/ˈfaɪrpleɪs/,,65,1
1690,first,/fəːst/,,311,2
1691,first aid,/fɝst ˈeɪd/,,49,1
1692,first floor,/fɝst flˈɔr/,,106,1
1693,fish,/fiʃ/,,109,3
1694,fish and chips,/fˈɪʃ ənd tʃˈɪps/,,157,1
1695,fish farm,/fˈɪʃ fˈɑrm/,,185,1
1696,fish slice,/fˈɪʃ slˈaɪs/,,70,1
1697,fisherman,/fˈɪʃɚmˌæn/,,191,1
1698,fishhook,/fɪʃhuk/,是,246,1
1699,fishing,/ˈfiʃiŋ/,,246,1
1700,fishing boat,/fˈɪʃɪŋ boʊt/,,219,1
1701,fishing rod,/fˈɪʃɪŋ rˈɑd/,,246,1
1702,fishmonger,/fˈɪʃmˌɑŋgɚ/,,190,1
1703,fishmonger’s,/fˈɪʃmˌɑŋgɚ ˈɛs/,,116,2
1704,fist,/fist/,,17,1
1705,fitness,/ˈfitnis/,,252,1
1706,five,/faɪv/,,310,1
1707,five hundred,/fˈaɪv hˈʌndrəd/,,310,1
1708,five past one,/fˈaɪv pˈæst wˈʌn/,,306,1
1709,five to two,/fˈaɪv tˈu tˈu/,,306,1
1710,flag,/flæg/,,223,2
1711,flageolet beans,/flˌædʒəlˈɛt bˈinz/,,133,1
1712,flakes,/flˈeɪks/,,134,1
1713,flamingo,/fləˈmiŋgoʊ/,,294,1
1714,flan,/flˈæn/,,144,1
1715,flan tin,/flˈæn tˈɪn/,,71,1
1716,flare,/flˈɛr/,,242,1
1717,flash,/flæʃ/,,272,1
1718,flash gun,/flˈæʃ gˈʌn/,,272,1
1719,flask,/flæsk/,,168,1
1720,flat,/flæt/,,61,1
1721,flat wood bit,/flˈæt wˈʊd bˈɪt/,,82,1
1722,flatbread,/flætbrid/,是,141,1
1723,flavoured oil,/ɑil/,,136,1
1724,flax,/flˈæks/,,186,1
1725,fleece,/flˈis/,,76,1
1726,flesh,/ˈfleʃ/,,129,2
1727,flight attendant,/flˈaɪt ətˈɛndənt/,,212,1
1728,flint,/flˈɪnt/,,290,1
1729,flip-flop,/flˈɪp flˈɑp/,,39,1
1730,flipchart,/flɪptʃɑrrt/,是,176,1
1731,flipper,/flˈɪpɚ/,,241,2
1732,float,/floʊt/,,246,1
1733,float ball,/floʊt bˈɔl/,,63,1
1734,flock crop,/flˈɑk krˈɑp/,,185,1
1735,floor,/flɑː/,,64,2
1736,floor exercises,/flˈɔr ˈɛksɚsˌaɪzəz/,,237,1
1737,floor plan,/flˈɔr plˈæn/,,263,1
1738,florentine,/flˈɔrəntˌin/,,143,1
1739,florist,/flˈɑrɪst/,,112,2
1740,floss,/flɑs/,,52,1
1741,flower,/ˈflaʊr/,,299,1
1742,flowerbed,/floʊɛrrbɛd/,是,87,2
1743,flowering plant,/flˈaʊɚɪŋ plˈænt/,,299,1
1744,flowering shrub,/flˈaʊɚɪŋ ʃrˈʌb/,,89,1
1745,flowers,/ˈflaʊr/,,112,1
1746,flu,/fluː/,,46,1
1747,flute,/fluːt/,,259,1
1748,fly,/flaɪ/,,246,2
1749,fly fishing,/flˈaɪ fˈɪʃɪŋ/,,247,1
1750,flyover,/ˈflaɪrjvə(r)/,,196,1
1751,flysheet,/flɪʃit/,是,268,1
1752,foal,/foʊl/,,187,1
1753,focus,/ˈfoʊkəs/,,273,1
1754,focusing knob,/foʊkəsɪŋ nˈɑb/,,169,1
1755,foil,/fɑil/,,251,1
1756,folder,/ˈfoʊldə/,,179,1
1757,foliage,/foʊlɪdʒ/,,112,1
1758,follicle,/fˈɑləkəl/,,22,1
1759,font,/fˈɑnt/,,179,1
1760,FOOD,/fuːd/,,119,30
1761,food hall,/fˈud hˈɔl/,,107,1
1762,food processor,/fˈud prˈɑsˌɛsɚ/,,68,1
1763,foot,/fut/,,14,3
1764,football,/ˈfutbɑːl/,,222,2
1765,football field,/fˈʊtbˌɔl fˈild/,,222,1
1766,football pitch,/fˈʊtbˌɔl pˈɪtʃ/,,224,1
1767,football player,/fˈʊtbˌɔl plˈeɪɚ/,,222,1
1768,football strip,/fˈʊtbˌɔl strˈɪp/,,33,2
1769,footballer,/futbɔlllɛrr/,是,224,1
1770,footboard,/futboʊrd/,是,73,1
1771,footpath,/fˈʊtpˌæθ/,,264,1
1772,footstrap,/futstræp/,是,243,1
1773,for,/fɑː/,,322,1
1774,forceps,/fˈɔrsɛps/,,55,1
1775,forearm,/ˈfɑːrɑːm/,,14,1
1776,forehand,/fˈɔrhˌænd/,,233,1
1777,forehead,/ˈfɑːrid/,,16,1
1778,foreskin,/foʊrskˌɪn/,,23,1
1779,fork,/fɑːk/,,67,4
1780,fork-lift truck,/fˈɔrklˈɪft trˈʌk/,,188,2
1781,formal gardens,/fˈɔrməl gˈɑrdənz/,,264,1
1782,fortieth,/fˈɔrtiɪθ/,,311,1
1783,fortnight,/fˈɔrtnˌaɪt/,,309,1
1784,forty,/fˈɔrti/,,310,1
1785,forty minutes,/fˈɔrti mˈɪnəts/,,306,1
1786,forward,/ˈfɑːwəd/,,224,1
1787,foul,/faʊl/,,225,2
1788,foul ball,/fˈaʊl bˈɔl/,,230,1
1789,foul line,/fˈaʊl lˈaɪn/,,231,1
1790,foundation,/faʊnˈdeɪʃən/,,42,1
1791,four,/fɑː/,,310,1
1792,four hundred,/fˈɔr hˈʌndrəd/,,310,1
1793,four-door,/fˈɔr dˈɔr/,,202,1
1794,four-wheel drive,/draɪv/,,201,1
1795,fourteen,/fˈɔrtˈin/,,310,1
1796,fourteenth,/fˈɔrtˈinθ/,,311,1
1797,fourth,/fɑːθ/,,311,1
1798,fox,/fɑks/,,292,1
1799,foxglove,/fˈɑksglˌəv/,,299,1
1800,fraction,/ˈfrækʃən/,,167,1
1801,fracture,/ˈfræktʃə/,,48,1
1802,fragile,/frˈædʒəl/,,100,1
1803,fragranced,/fræɡrænsɛd/,是,132,1
1804,frame,/freɪm/,,53,4
1805,frame counter,/frˈeɪm kˈaʊntɚ/,,272,1
1806,France,/frɑːns/,,318,1
1807,freckle,/frˈɛkəl/,,17,1
1808,free,/friː/,,323,1
1809,Free admission,/frˈi ædmˈɪʃən/,,324,1
1810,free range,/frˈi rˈeɪndʒ/,,120,1
1811,free weights,/frˈi wˈeɪts/,,252,1
1812,free-throw line,/laɪn/,,228,1
1813,freesia,/frisɪæ/,是,112,1
1814,freeze,/friːz/,,69,1
1815,freezer,/frˈizɚ/,,69,1
1816,freight train,/frˈeɪt trˈeɪn/,,210,1
1817,freighter,/frˈeɪtɚ/,,217,1
1818,French bean,/frˈɛntʃ bˈin/,,124,1
1819,french fries,/frˈɛntʃ frˈaɪz/,,156,1
1820,French horn,/frˈɛntʃ hˈɔrn/,,259,1
1821,French mustard,/frˈɛntʃ mˈʌstɚd/,,137,1
1822,french pleat,/frˈɛntʃ plˈit/,,41,1
1823,french toast,/frˈɛntʃ toʊst/,,159,1
1824,frequency,/ˈfriːkwənsi/,,181,1
1825,fresh,/freʃ/,,123,3
1826,fresh fruit,/frˈɛʃ frˈut/,,159,1
1827,freshwater fishing,/frˈɛʃwˌɔtɚ fˈɪʃɪŋ/,,247,1
1828,fret,/frˈɛt/,,260,1
1829,fretsaw,/frɛtsɔ/,是,83,1
1830,fried chicken,/frˈaɪd tʃˈɪkən/,,157,1
1831,fried egg,/frˈaɪd ˈɛg/,,159,1
1832,friend,/frend/,,26,1
1833,frieze,/frˈiz/,,303,1
1834,frog,/frɑg/,,296,1
1835,from,/frɑm/,,322,1
1836,front door,/frˈʌnt dˈɔr/,,60,1
1837,front wheel,/frˈʌnt wˈil/,,198,1
1838,frontal,/frˈʌntəl/,,18,1
1839,froth,/frɑθ/,,150,1
1840,frown,/frˈaʊn/,,27,1
1841,frozen,/ˈfroʊzn/,,126,1
1842,frozen food,/froʊzən fˈud/,,109,1
1843,frozen yoghurt unsalted buttermilk,/ˈfroʊzn/,,139,1
1844,fruit,/fruːt/,,109,3
1845,fruit bread,/frˈut brˈɛd/,,141,1
1846,fruit cake,/frˈut kˈeɪk/,,142,1
1847,fruit farm,/frˈut fˈɑrm/,,185,1
1848,fruit gum,/frˈut gˈʌm/,,115,1
1849,fruit juice,/frˈut dʒˈus/,,158,1
1850,fruit tart,/frˈut tˈɑrt/,,142,1
1851,fruit yoghurt,/fruːt/,,159,1
1852,fry,/fraɪ/,,69,1
1853,frying pan,/frˈaɪɪŋ pˈæn/,,71,1
1854,fuel gauge,/fjˈuəl gˈeɪdʒ/,,203,1
1855,fuel tank,/fjˈuəl tˈæŋk/,,206,1
1856,full,/ful/,,66,3
1857,full board,/fˈʊl bˈɔrd/,,103,1
1858,full moon,/fˈʊl mˈun/,,282,1
1859,fumble,/fˈʌmbəl/,,222,1
1860,funeral,/ˈfjuːnərəl/,,28,1
1861,funnel,/ˈfʌnl/,,168,1
1862,funnel quarterdeck,/fˈʌnəl kwˈɔrtɚdˌɛk/,,216,1
1863,furniture shop,/fɝnɪtʃɚ ʃˈɑp/,,117,1
1864,furrow,/fɝoʊ/,,185,1
1865,fuse,/fjˈuz/,,62,1
1866,fuse box,/fjˈuz bˈɑks/,,62,2
1867,fuselage,/ˈfjuːzilɑːdʒ/,,212,1
1868,gable,/gˈeɪbəl/,,302,1
1869,Gabon,/gəbˈɑn/,,319,1
1870,Galapagos Islands,/gəlˈɑpəgoʊz ˈaɪləndz/,,317,1
1871,galaxy,/ˈgæləksi/,,282,1
1872,gale,/geɪl/,,288,1
1873,galley,/gˈæli/,,216,1
1874,gallon,/gˈælən/,,313,1
1875,gallop,/gˈæləp/,,245,1
1876,galvanised,/ɡɔllvænɪsɛd/,是,81,1
1877,Gambia,/gˈæmbiə/,,319,1
1878,game,/geɪm/,,121,3
1879,game show,/gˈeɪm ʃoʊ/,,180,1
1880,games,/geɪm/,,274,1
1881,gangling,/gˈæŋgəl/,,253,1
1882,gangway,/ɡæŋweɪ/,是,216,1
1883,garage,/gɚˈɑʒ/,,60,2
1884,garden,/ˈgɑːdn/,,86,2
1885,garden centre,/gˈɑrdən sˈɛntɚ/,,117,1
1886,garden features,/gˈɑrdən fˈitʃɚz/,,86,1
1887,garden pea,/gˈɑrdən pˈi/,,124,1
1888,garden plants,/gˈɑrdən plˈænts/,,88,1
1889,garden styles,/gˈɑrdən stˈaɪlz/,,86,1
1890,garden tools,/gˈɑrdən tˈulz/,,90,1
1891,gardener,/ˈgɑːdənə/,,190,1
1892,gardening,/ˈgɑːdniŋ/,,92,1
1893,gardening gloves,/gˈɑrdənɪŋ glˈʌvz/,,91,1
1894,gardens,/ˈgɑːdn/,,263,1
1895,garland,/gˈɑrlənd/,,113,1
1896,garlic,/ˈgɑːlik/,,127,2
1897,garlic press,/gˈɑrlɪk prˈɛs/,,70,1
1898,garnet,/gˈɑrnət/,,290,1
1899,garter,/gˈɑrtɚ/,,37,1
1900,gas burner,/gˈæs bɝnɚ/,,63,1
1901,gasket,/gˈæskət/,,63,1
1902,gate,/geɪt/,,87,3
1903,gate number,/gˈeɪt nˈʌmbɚ/,,215,1
1904,gauze,/gɑːz/,,49,1
1905,gear lever,/gˈɪr lˈɛvɚ/,,209,1
1906,gearbox,/gˈɪrbˌɑks/,,204,2
1907,gears,/giə/,,208,1
1908,gearstick,/dʒirstɪk/,是,203,1
1909,gel,/dʒel/,,40,2
1910,gems,/dʒem/,,290,1
1911,generation,/dʒˌɛnɚˈeɪʃən/,,25,1
1912,generator,/dʒˈɛnɚˌeɪtɚ/,,62,1
1913,genitals,/ˈdʒenit(ə)lz/,,14,1
1914,geography,/dʒiˈɑgrəfi/,,164,1
1915,Georgia,/ˈdʒɑːdʒjə/,,320,1
1916,gerbera,/dʒɛrrbɛrræ/,是,112,1
1917,Germany,/ˈdʒəːməni/,,318,1
1918,get a job,/gˈɛt ə dʒˈɑb/,,28,1
1919,get married,/gˈɛt mˈɛrid/,,28,1
1920,get up,/gˈɛt ˈʌp/,,73,1
1921,geyser,/ˈgaɪzə/,,287,1
1922,giant slalom,/dʒˈaɪənt slˈɑləm/,,249,1
1923,gift shop,/gˈɪft ʃˈɑp/,,116,1
1924,gill,/gˈɪl/,,296,1
1925,gin and tonic,/dʒˈɪn ənd tˈɑnɪk/,,153,1
1926,ginger,/ˈdʒindʒə/,,41,3
1927,giraffe,/dʒɚˈæf/,,293,1
1928,girder,/gɝdɚ/,,188,1
1929,girl,/gəːl/,,25,1
1930,girlfriend,/gɝlfrˌɛnd/,,26,1
1931,girth,/gɝθ/,,244,1
1932,glacier,/ˈgleɪʃə/,,286,1
1933,gladiolus,/glˌædioʊləs/,,112,1
1934,gland,/glænd/,,21,1
1935,glass,/glɑːs/,,71,2
1936,glass bottle,/glˈæs bˈɑtəl/,,168,1
1937,glass rod,/glˈæs rˈɑd/,,169,1
1938,glasses,/ˈglɑːsiz/,,53,2
1939,glassware,/glˈæswˌɛr/,,67,1
1940,glaze,/glˈeɪz/,,141,1
1941,glider,/glˈaɪdɚ/,,213,2
1942,gliding,/glˈaɪdɪŋ/,,250,1
1943,gloss,/glˈɔs/,,85,2
1944,glove,/glˈʌv/,,226,4
1945,gloves,/glˈʌvz/,,38,1
1946,glue,/gluː/,,277,1
1947,glue gun,/glˈu gˈʌn/,,80,1
1948,go to bed,/goʊ tˈu bˈɛd/,,73,1
1949,go to sleep,/goʊ tˈu slˈip/,,73,1
1950,goal,/goʊl/,,223,2
1951,goal line,/goʊl lˈaɪn/,,222,3
1952,goalkeeper,/ˈgoʊlkiːpə/,,224,2
1953,goalpost net,/goʊlpoʊst nˈɛt/,,224,1
1954,goalpost sideline,/goʊlpoʊst sˈaɪdlˌaɪn/,,222,1
1955,goat,/goʊt/,,187,1
1956,goat’s cheese,/tʃiːz/,,144,1
1957,goat’s milk,/milk/,,138,1
1958,goggles,/gˈɑgəlz/,,249,1
1959,going out,/goʊɪŋ ˈaʊt/,,77,1
1960,gold,/goʊld/,,237,2
1961,goldfish,/ˈgoʊldfiʃ/,,296,1
1962,golf,/gɑlf/,,234,1
1963,golf bag,/gˈɑlf bˈæg/,,235,1
1964,golf ball,/gˈɑlf bˈɔl/,,235,1
1965,golf clubs,/gˈɑlf klˈʌbz/,,235,1
1966,golf course,/gˈɑlf kˈɔrs/,,234,1
1967,golf shoe,/gˈɑlf ʃˈu/,,235,1
1968,golf trolley,/gˈɑlf trˈɑli/,,235,1
1969,gong,/gˈɔŋ/,,259,1
1970,good,/gud/,,323,1
1971,Good afternoon,/gˈʊd ˌæftɚnˈun/,,324,1
1972,Good evening,/gˈʊd ˈivnɪŋ/,,324,1
1973,Good morning,/gˈʊd mˈɔrnɪŋ/,,324,1
1974,Good night,/gˈʊd nˈaɪt/,,324,1
1975,Goodbye,/gudˈbaɪ/,,324,1
1976,goose egg,/gˈus ˈɛg/,,139,1
1977,gooseberry,/ˈguːsbəri/,,129,1
1978,gorge,/gɑːdʒ/,,286,1
1979,gorilla,/gəˈrilə/,,293,1
1980,grade,/greɪd/,,165,1
1981,graduate,/ˈgrædʒueɪt/,,28,2
1982,graft,/grˈæft/,,93,1
1983,grains,/reɪnz/,,132,1
1984,grains and pulses,/grˈeɪnz ənd pˈʌlsɪz/,,132,1
1985,gram,/græm/,,312,1
1986,granary bread,/bred/,,141,1
1987,grandchildren,/grˈæntʃˌɪldrən/,,25,1
1988,granddaughter,/grˈændˌɔtɚ/,,24,1
1989,grandfather,/ˈgrændfɑːðə/,,24,1
1990,grandmother,/ˈgrændmʌðə/,,24,1
1991,grandparents,/ˈgrændperənt/,,25,1
1992,grandson,/grˈændsˌən/,,24,1
1993,granite,/grˈænət/,,290,1
1994,grape juice,/grˈeɪp dʒˈus/,,146,1
1995,grapefruit,/grˈeɪpfrˌut/,,128,1
1996,grapes,/greɪp/,,129,1
1997,grapeseed oil,/ɑil/,,136,1
1998,graphite,/grˈæfˌaɪt/,,291,1
1999,grass,/græs/,,89,1
2000,grass bag,/grˈæs bˈæg/,,90,1
2001,grass bench,/grˈæs bˈɛntʃ/,,264,1
2002,grasshopper,/ˈgræshɑpə/,,297,1
2003,grassland,/ˈgræslænd/,,287,1
2004,grate,/reɪt/,,69,1
2005,grated cheese,/grˈeɪtɪd tʃˈiz/,,138,1
2006,grater,/ˈreɪtə/,,70,1
2007,gratin dish,/diʃ/,,71,1
2008,gravel,/ˈgrævəl/,,90,1
2009,gravity,/ˈgræviti/,,282,1
2010,graze,/grˈeɪz/,,48,1
2011,greasy trim,/grˈisi trˈɪm/,,41,1
2012,Greece,/griːs/,,318,1
2013,green,/griːn/,,234,1
2014,green olive,/grˈin ˈɑləv/,,145,1
2015,green peas,/grˈin pˈiz/,,133,1
2016,green tea,/grˈin tˈi/,,151,1
2017,greengrocer,/ɡriŋrɑsɛrr/,是,190,1
2018,greengrocer’s,/ɡriŋrɑsɛrr ˈɛs/,是,116,1
2019,greenhouse,/ˈgriːnhaʊs/,,87,1
2020,Greenland,/grˈinlənd/,,316,1
2021,greetings,/grˈitɪŋz/,,324,1
2022,Grenada Kitts and Nevis,/grɪnˈeɪdə kˈɪts ənd nˈɛvɪs/,,316,1
2023,grey,/greɪ/,,41,1
2024,grill,/grˈɪl/,,69,1
2025,grill pan,/grˈɪl pˈæn/,,71,1
2026,groceries,/ˈgroʊsəri/,,108,1
2027,grocer’s,/grˈoʊsɚ ˈɛs/,,116,1
2028,groin,/grˈɔɪn/,,14,1
2029,groom,/gruːm/,,245,1
2030,ground,/graʊnd/,,134,1
2031,ground coffee,/grˈaʊnd kˈɑfi/,,146,1
2032,ground cover,/grˈaʊnd kˈʌvɚ/,,89,1
2033,ground floor,/grˈaʊnd flˈɔr/,,106,1
2034,ground sheet,/grˈaʊnd ʃˈit/,,269,1
2035,groundnut oil,/grˈaʊndnˌət ˈɔɪl/,,137,1
2036,group therapy,/grˈup θˈɛrəpi/,,57,1
2037,grout,/grˈaʊt/,,85,1
2038,guard,/gɑːd/,,238,1
2039,Guatemala,/gwˌɑtəmˈɑlə/,,316,1
2040,guava,/ˈwɑːvə/,,130,1
2041,guest,/gest/,,66,2
2042,guide book,/gˈaɪd bˈʊk/,,262,1
2043,guided tour,/gˈaɪdəd tˈʊr/,,262,1
2044,guilty,/ˈgilti/,,183,1
2045,Guinea,/gˈɪni/,,319,1
2046,Guinea-Bissau,/gˈɪni bɪssɔ/,是,319,1
2047,guitarist,/giˈtɑːrist/,,260,1
2048,gull,/gˈʌl/,,294,1
2049,gum,/gʌm/,,52,1
2050,gun,/gʌn/,,96,1
2051,gutter,/gˈʌtɚ/,,60,2
2052,guy rope,/gˈaɪ roʊp/,,268,1
2053,Guyana,/gaɪˈænə/,,317,1
2054,gym,/dʒim/,,103,2
2055,gym machine,/dʒˈɪm məʃˈin/,,252,1
2056,gymnast,/ˈdʒimnæst/,,237,1
2057,gymnastics,/dʒimˈnæstiks/,,237,1
2058,gynaecologist,/dʒɪnæɛkɑlɑdʒɪst/,是,54,1
2059,gynaecology,/dʒɪnæɛkɑlɑdʒaɪ/,是,51,1
2060,gypsophila,/dʒɪpsɑfɪlæ/,是,112,1
2061,haberdashery,/hˈæbɚdˌæʃɚi/,,107,1
2062,hacksaw,/hˈæksˌɔ/,,83,1
2063,haddock,/hˈædək/,,122,1
2064,haemorrhage,/hæɛmɔrrrhædʒ/,是,48,1
2065,hail,/heɪl/,,288,1
2066,hair,/hɛr/,,16,2
2067,hair dye,/hˈɛr dˈaɪ/,,42,1
2068,hairband,/heɪrbænd/,是,40,1
2069,hairdresser,/ˈhɛrdresə/,,40,2
2070,hairdresser’s,/hˈɛrdrˌɛsɚ ˈɛs/,,117,1
2071,hairdryer,/ˈhɛrdraɪr(r)/,,40,1
2072,hairpin,/ˈhɛrpin/,,40,1
2073,hairspray,/hˈɛrsprˌeɪ/,,40,1
2074,hairtie split ends,/split/,,41,1
2075,Haiti,/ˈheɪti/,,316,1
2076,half an hour,/hˈæf ˈæn ˈaʊɚ/,,306,1
2077,half board,/hˈæf bˈɔrd/,,103,1
2078,half time,/hˈæf tˈaɪm/,,225,1
2079,half-litre,/hˈæf lɪtr/,是,313,1
2080,halibut fillets,/hˈæləbət fˈɪlɪts/,,122,1
2081,hall of,/hˈɔl ˈʌv/,,170,1
2082,Halloween,/hˌæləwˈin/,,29,1
2083,hallway,/hˈɔlwˌeɪ/,,61,1
2084,halter,/hˈɔltɚ/,,245,1
2085,halter neck,/hˈɔltɚ nˈɛk/,,37,1
2086,ham,/hæm/,,121,3
2087,hamburger,/ˈhæmbəːgə/,,157,1
2088,hammer,/ˈhæmə/,,81,2
2089,hammock,/hˈæmək/,,268,1
2090,hamper,/hˈæmpɚ/,,265,1
2091,hamster,/hˈæmstɚ/,,292,1
2092,hamstring,/hˈæmstrˌɪŋ/,,18,1
2093,hand,/hænd/,,15,2
2094,hand drill,/hˈænd drˈɪl/,,83,1
2095,hand fork,/hˈænd fˈɔrk/,,91,1
2096,hand luggage,/hˈænd lˈʌgədʒ/,,213,2
2097,hand rail,/hˈænd rˈeɪl/,,61,1
2098,hand saw,/hˈænd sˈɔ/,,91,1
2099,hand towel,/hˈænd tˈaʊəl/,,75,1
2100,handbag,/ˈhændbæg/,,39,1
2101,handbrake,/hændbræk/,是,205,1
2102,handcuffs,/hˈændkˌəfs/,,96,1
2103,handicap,/ˈhændikæp/,,235,1
2104,handkerchief,/ˈhæŋkətʃif/,,38,1
2105,handle,/hændl/,,38,5
2106,handle head,/hˈændəl hˈɛd/,,232,1
2107,handlebar,/ˈhændlbɑː/,,209,1
2108,handles,/hændl/,,39,1
2109,handrail,/ˈhændreɪl/,,198,1
2110,handsaw,/hˈændsˌɔ/,,83,1
2111,handset,/hˈændsˌɛt/,,101,1
2112,hang-glider,/hˈæŋ glˈaɪdɚ/,,250,1
2113,hang-gliding parachute,/hˈæŋ glˈaɪdɪŋ pˈɛrəʃˌut/,,250,1
2114,hanging basket,/hˈæŋɪŋ bˈæskət/,,86,1
2115,hanging file,/hˈæŋɪŋ fˈaɪl/,,175,1
2116,happy,/ˈhæpi/,,27,1
2117,harbour master,/hˈɑrbɚ mˈæstɚ/,,219,1
2118,hard,/hɑːd/,,131,2
2119,hard cheese,/hˈɑrd tʃˈiz/,,138,1
2120,hard drive bytes,/hˈɑrd drˈaɪv bˈaɪts/,,178,1
2121,hard hat,/hˈɑrd hˈæt/,,188,1
2122,hard shoulder,/hˈɑrd ʃoʊldɚ/,,196,1
2123,hardboard,/hˈɑrdbˌɔrd/,,81,1
2124,hardware,/ˈhɑːdwɛr/,,178,1
2125,hardware shop,/hˈɑrdwˌɛr ʃˈɑp/,,116,1
2126,hardwood,/ˈhɑːdwud/,,81,1
2127,haricot beans,/biːn/,,133,1
2128,harness race,/hˈɑrnəs rˈeɪs/,,245,1
2129,harp,/hɑːp/,,258,1
2130,harvest,/ˈhɑːvist/,,93,1
2131,hat,/hæt/,,38,1
2132,hatchback,/hˈætʃbˌæk/,,201,1
2133,have a baby,/hˈæv ə bˈeɪbi/,,28,1
2134,Hawaii,/həˈwaɪiː/,,316,1
2135,hay,/hˈeɪ/,,186,1
2136,hayfever,/heɪfɛvɛrr/,是,46,1
2137,hazard,/hˈæzɚd/,,197,1
2138,hazard lights,/hˈæzɚd lˈaɪts/,,203,1
2139,hazelnut,/hˈeɪzəlnˌət/,,131,1
2140,hazelnut oil,/hˈeɪzəlnˌət ˈɔɪl/,,136,1
2141,head,/hed/,,14,5
2142,head injury,/hˈɛd ˈɪndʒɚi/,,48,1
2143,head teacher,/hˈɛd tˈitʃɚ/,,165,1
2144,headache,/ˈhedeɪk/,,46,1
2145,headboard,/hˈɛdbˌɔrd/,,72,1
2146,headlight,/hˈɛdlˌaɪt/,,200,2
2147,headrest,/ˈhedrest/,,202,1
2148,headsail,/hidseɪl/,是,242,1
2149,HEALTH,/ˈhelθ/,,45,13
2150,health centre,/hˈɛlθ sˈɛntɚ/,,170,1
2151,health food shop,/hˈɛlθ fˈud ʃˈɑp/,,117,1
2152,health Where is,/hˈɛlθ wˈɛr ˈɪz/,,325,1
2153,heart,/hɑːt/,,20,4
2154,heart attack,/hˈɑrt ətˈæk/,,46,1
2155,heater,/ˈhiːtə/,,62,1
2156,heater controls,/hˈitɚ kəntroʊlz/,,203,1
2157,heather,/hˈɛðɚ/,,299,1
2158,heating element,/hˈitɪŋ ˈɛləmənt/,,63,1
2159,heavy,/ˈhevi/,,323,1
2160,hedge,/hedʒ/,,87,3
2161,hedgehog,/ˈhedʒhɑg/,,292,1
2162,heel,/hˈil/,,15,3
2163,height,/haɪt/,,167,1
2164,height bar,/hˈaɪt bˈɑr/,,47,1
2165,helicopter,/ˈhelikɑptə/,,213,1
2166,Hello,/həˈloʊ/,,324,1
2167,helmet,/ˈhelmit/,,97,5
2168,help,/help/,,324,1
2169,hem,/hem/,,36,1
2170,hematite,/hˈɛmətˌaɪt/,,291,1
2171,hen’s egg,/eg/,,139,1
2172,herb,/həːb/,,57,2
2173,herb garden,/ɝb gˈɑrdən/,,86,1
2174,herbaceous border,/ɚbˈeɪʃəs bˈɔrdɚ/,,87,1
2175,herbal remedies,/ɝbəl rˈɛmədiz/,,110,1
2176,herbal tea,/ɝbəl tˈi/,,151,1
2177,herbalism,/hɛrrbælɪsm/,是,57,1
2178,herbicide,/hɝbɪsˌaɪd/,,185,1
2179,herbs,/həːb/,,135,2
2180,herbs and spices,/ɝbz ənd spˈaɪsəz/,,134,1
2181,herd,/həːd/,,185,1
2182,here,/hiə/,,322,1
2183,hexagon,/ˈheksəgən/,,166,1
2184,high,/haɪ/,,323,1
2185,high chair,/hˈaɪ tʃˈɛr/,,77,1
2186,high dive,/hˈaɪ dˈaɪv/,,241,1
2187,high heel shoe,/hˈaɪ hˈil ʃˈu/,,39,1
2188,high jump,/hˈaɪ dʒˈʌmp/,,237,1
2189,high-speed train,/hˈaɪspˌid trˈeɪn/,,210,1
2190,highlights,/hˈaɪlˌaɪts/,,41,1
2191,hiking,/ˈhaɪkiŋ/,,265,1
2192,hill,/hil/,,286,1
2193,Himalayas,/,himəˈleɪrz/,,315,1
2194,hip,/hip/,,14,1
2195,hippopotamus,/hˌɪpəpˈɑtəməs/,,293,1
2196,historic building,/hɪstˈɔrɪk bˈɪldɪŋ/,,263,1
2197,history,/ˈhistəri/,,164,1
2198,history of art,/hˈɪstɚi ˈʌv ˈɑrt/,,171,1
2199,hit,/hit/,,226,1
2200,hob,/hˈɑb/,,69,1
2201,hockey,/ˈhɑki/,,226,1
2202,hockey stick,/hˈɑki stˈɪk/,,226,1
2203,hoe,/hoʊ/,,90,1
2204,hold,/hoʊld/,,217,1
2205,holdall,/hɑldɔlll/,是,39,1
2206,hole,/hoʊl/,,234,1
2207,hole in one,/hoʊl ɪn wˈʌn/,,235,1
2208,hole punch,/hoʊl pˈʌntʃ/,,175,1
2209,holiday,/ˈhɑlədi/,,214,1
2210,holiday brochure,/hˈɑlədˌeɪ broʊʃˈʊr/,,214,1
2211,holly,/hˈɑli/,,298,1
2212,HOME,/hoʊm/,,59,35
2213,home entertainment,/hoʊm ˌɛntɚtˈeɪnmənt/,,270,1
2214,home furnishings,/hoʊm fɝnɪʃɪŋz/,,107,1
2215,home plate,/hoʊm plˈeɪt/,,230,1
2216,homeopathy,/hoʊmioʊpˈæθi/,,57,1
2217,homework,/ˈhoʊmwəːk/,,165,1
2218,homogenised,/hɑmɑdʒɛnɪsɛd/,是,139,1
2219,Honduras,/hɑnˈdjurəs/,,316,1
2220,honeycomb,/ˈhʌnikoʊm/,,136,1
2221,honeymoon,/ˈhʌnimuːn/,,28,1
2222,honeysuckle,/ˈhʌnisʌkl/,,299,1
2223,hood,/hud/,,33,2
2224,hoof,/hˈuf/,,244,2
2225,hook,/huk/,,278,1
2226,hoop ball,/hˈup bˈɔl/,,228,1
2227,horizontal bar,/hˌɔrəzˈɑntəl bˈɑr/,,237,1
2228,hormone,/hˈɔrmoʊn/,,22,1
2229,horn,/hɑːn/,,203,3
2230,horror,/ˈhɑrə/,,257,1
2231,horse,/hɑːs/,,187,3
2232,horse race,/hˈɔrs rˈeɪs/,,245,1
2233,horse riding,/hˈɔrs rˈaɪdɪŋ/,,244,2
2234,horseradish,/hˈɔrsrˌædɪʃ/,,127,1
2235,horseshoe,/ˈhɑːsʃuː/,,244,1
2236,hose,/hoʊz/,,97,1
2237,hosepipe,/hɑsɛpɪp/,是,91,1
2238,hospital,/ˈhɑspitəl/,,50,1
2239,host,/hoʊst/,,66,1
2240,hostess,/hoʊst/,,66,1
2241,hot,/hɑt/,,126,3
2242,hot chocolate,/hˈɑt tʃˈɔklət/,,146,1
2243,hot drinks,/hˈɑt drˈɪŋks/,,146,1
2244,hot tap,/hˈɑt tˈæp/,,74,1
2245,hot-air balloon,/hˈɑt ˈɛr bəlˈun/,,213,1
2246,hot-water bottle,/ˈbɑtl/,,72,1
2247,hotel,/hoʊˈtel/,,102,2
2248,hour,/aʊr/,,306,2
2249,hour hand,/ˈaʊɚ hˈænd/,,306,1
2250,house,/haʊs/,,60,1
2251,household products,/hˈaʊshoʊld prˈɑdəkts/,,109,1
2252,hovercraft,/ˈhʌvəkræft/,,217,1
2253,How are,/hˈaʊ ˈɑr/,,324,1
2254,How do I get,/hˈaʊ dˈu ˈaɪ gˈɛt/,,325,1
2255,How do I operate the washing,/hˈaʊ dˈu ˈaɪ ˈɑpɚˌeɪt ðə wˈɑʃɪŋ/,,78,1
2256,How far,/hˈaʊ fˈɑr/,,325,1
2257,How long will it,/hˈaʊ lˈɔŋ wˈɪl ˈɪt/,,307,1
2258,How long will these,/hˈaʊ lˈɔŋ wˈɪl ðˈiz/,,113,1
2259,How long will they,/hˈaʊ lˈɔŋ wˈɪl ðˈeɪ/,,129,1
2260,How much is,/hˈaʊ mˈʌtʃ ˈɪz/,,106,1
2261,hub,/hʌb/,,208,1
2262,hubcap,/hˈʌbkˌæp/,,204,1
2263,hull,/hʌl/,,216,2
2264,humerus,/hjˈumɚəs/,,19,1
2265,humid,/hjˈuməd/,,288,1
2266,hummingbird,/hˈʌmɪŋbɝd/,,294,1
2267,hump antler mane,/hˈʌmp ˈæntlɚ mˈeɪn/,,293,1
2268,hundredth,/hˈʌndrədθ/,,311,1
2269,Hungary,/ˈhʌŋgəri/,,318,1
2270,hungry,/ˈhʌŋgi/,,66,1
2271,hurdles,/ˈhəːdl/,,237,1
2272,husband,/ˈhʌzbənd/,,24,1
2273,husk,/hʌsk/,,132,1
2274,hydrant,/hˈaɪdrənt/,,97,1
2275,hydrofoil,/hˈaɪdrəfˌɔɪl/,,217,1
2276,hydrotherapy,/hˌaɪdroʊθˈɛrəpi/,,57,1
2277,hygiene,/ˈhaɪdʒiːn/,,110,1
2278,hypnotherapy,/hɪpnɑθɛrræpaɪ/,是,57,1
2279,hypoallergenic,/hɪpoʊllɛrrdʒɛnɪs/,是,43,1
2280,hypotenuse,/hɪpɑtɛnʌs/,是,166,1
2281,I,/aɪ/,,86,20
2282,I actors,/ˈaɪ ˈæktɚz/,,181,1
2283,I afternoon,/ˈaɪ ˌæftɚnˈun/,,307,1
2284,I aikido,/aɪ/,,238,1
2285,I air mattress,/ˈaɪ ˈɛr mˈætrəs/,,269,1
2286,I airliner,/ˈaɪ ˈɛrlˌaɪnɚ/,,214,1
2287,I am lost,/ˈaɪ ˈæm lˈɔst/,,325,1
2288,I ambulance,/ˈaɪ ˈæmbjələns/,,96,1
2289,I angler,/ˈaɪ ˈæŋglɚ/,,246,1
2290,I answer,/ˈaɪ ˈænsɚ/,,165,1
2291,I architect,/ˈaɪ ˈɑrkətˌɛkt/,,192,1
2292,I atmosphere,/ˈaɪ ˈætməsfˌɪr/,,288,1
2293,I backgammon,/ˈaɪ bˈækgˌæmən/,,274,1
2294,I backstroke,/ˈaɪ bˈækstroʊk/,,241,1
2295,I bait,/ˈaɪ bˈeɪt/,,246,1
2296,I bake,/ˈaɪ bˈeɪk/,,140,1
2297,I bakery,/ˈaɪ bˈeɪkɚi/,,140,1
2298,I ballet,/ˈaɪ bælˈeɪ/,,257,1
2299,I bap,/aɪ/,,141,1
2300,I basket,/ˈaɪ bˈæskət/,,108,1
2301,I basket of fruit,/ˈaɪ bˈæskət ˈʌv frˈut/,,128,1
2302,I basketball player,/ˈaɪ bˈæskətbˌɔl plˈeɪɚ/,,228,1
2303,I batter,/ˈaɪ bˈætɚ/,,230,1
2304,I battery,/ˈaɪ bˈætɚi/,,169,1
2305,I beam,/ˈaɪ bˈim/,,237,1
2306,I beer,/ˈaɪ bˈɪr/,,153,1
2307,I bidet,/aɪ/,,74,1
2308,I birth weight,/ˈaɪ bɝθ wˈeɪt/,,55,1
2309,I birthday cake,/ˈaɪ bɝθdˌeɪ kˈeɪk/,,143,1
2310,I biscuits,/ˈaɪ bˈɪskəts/,,143,1
2311,I block,/ˈaɪ blˈɑk/,,239,1
2312,I blue,/ˈaɪ blˈu/,,276,1
2313,I blues,/ˈaɪ blˈuz/,,261,1
2314,I board games,/ˈaɪ bˈɔrd gˈeɪmz/,,274,1
2315,I boiled egg,/ˈaɪ bˈɔɪld ˈɛg/,,139,1
2316,I boxing,/ˈaɪ bˈɑksɪŋ/,,238,1
2317,I breakfast table,/ˈaɪ brˈɛkfəst tˈeɪbəl/,,158,1
2318,I bridle,/ˈaɪ brˈaɪdəl/,,244,1
2319,I broth,/ˈaɪ brˈɔθ/,,160,1
2320,I brown,/ˈaɪ brˈaʊn/,,276,1
2321,I browse,/ˈaɪ brˈaʊz/,,179,1
2322,I brush,/ˈaɪ brˈʌʃ/,,40,1
2323,I burger meal,/ˈaɪ bɝgɚ mˈil/,,156,1
2324,I business deal,/ˈaɪ bˈɪznəs dˈil/,,177,1
2325,I business lunch,/ˈaɪ bˈɪznəs lˈʌntʃ/,,177,1
2326,I business trip,/ˈaɪ bˈɪznəs trˈɪp/,,177,1
2327,I butterfly,/ˈaɪ bˈʌtɚflˌaɪ/,,241,1
2328,I cakes,/ˈaɪ kˈeɪks/,,142,1
2329,I campsite,/ˈaɪ kˈæmpsˌaɪt/,,268,1
2330,I campus,/ˈaɪ kˈæmpəs/,,170,1
2331,I cards,/ˈaɪ kˈɑrdz/,,275,1
2332,I carve,/ˈaɪ kˈɑrv/,,81,1
2333,I cash machine,/ˈaɪ kˈæʃ məʃˈin/,,99,1
2334,I catch,/ˈaɪ kˈætʃ/,,231,1
2335,I catcher,/ˈaɪ kˈætʃɝ/,,231,1
2336,I cathedral,/ˈaɪ kəθˈidrəl/,,302,1
2337,I checkout,/ˈaɪ tʃˈɛkˌaʊt/,,108,1
2338,I chicken,/ˈaɪ tʃˈɪkən/,,121,1
2339,I chop,/ˈaɪ tʃˈɑp/,,239,1
2340,I classroom,/ˈaɪ klˈæsrˌum/,,164,1
2341,I climbing frame I,/ˈaɪ klˈaɪmɪŋ frˈeɪm ˈaɪ/,,265,1
2342,I clothing,/ˈaɪ kloʊðɪŋ/,,207,1
2343,I cloud,/ˈaɪ klˈaʊd/,,289,1
2344,I clubhouse,/ˈaɪ klˈʌbhˌaʊs/,,234,1
2345,I coach,/ˈaɪ koʊtʃ/,,198,1
2346,I coffee,/ˈaɪ kˈɑfi/,,155,1
2347,I collage,/ˈaɪ kəlˈɑʒ/,,277,1
2348,I combine harvester,/ˈaɪ kˈɑmbaɪn hˈɑrvəstɚ/,,184,1
2349,I compact,/ˈaɪ kˈɑmpækt/,,42,1
2350,I concert,/ˈaɪ kˈɑnsɚt/,,257,1
2351,I concourse,/ˈaɪ kˈɑnkˌɔrs/,,211,1
2352,I contact lenses,/ˈaɪ kˈɑntˌækt lˈɛnzəz/,,53,1
2353,I container port,/ˈaɪ kəntˈeɪnɚ pˈɔrt/,,218,1
2354,I corkscrew,/ˈaɪ kˈɔrkskrˌu/,,152,1
2355,I cot,/ˈaɪ kˈɑt/,,76,1
2356,I couple,/ˈaɪ kˈʌpəl/,,26,1
2357,I court,/ˈaɪ kˈɔrt/,,228,2
2358,I courtroom,/ˈaɪ kˈɔrtrˌum/,,182,1
2359,I cow’s milk,/aɪ/,,138,1
2360,I crab,/ˈaɪ krˈæb/,,297,1
2361,I crane hook,/ˈaɪ krˈeɪn hˈʊk/,,189,1
2362,I crater,/ˈaɪ krˈeɪtɚ/,,285,1
2363,I cricket,/ˈaɪ krˈɪkət/,,297,1
2364,I criminal,/ˈaɪ krˈɪmənəl/,,183,1
2365,I crisps,/ˈaɪ krˈɪsps/,,153,1
2366,I cured,/ˈaɪ kjˈʊrd/,,161,1
2367,I curry,/ˈaɪ kˈʌri/,,160,1
2368,I cycle lane,/ˈaɪ sˈaɪkəl lˈeɪn/,,208,1
2369,I dance,/ˈaɪ dˈæns/,,261,1
2370,I darts,/ˈaɪ dˈɑrts/,,275,1
2371,I deal,/ˈaɪ dˈil/,,275,1
2372,I desert,/ˈaɪ dˈɛzɚt/,,287,1
2373,I diary,/ˈaɪ dˈaɪɚi/,,177,1
2374,I diesel train,/ˈaɪ dˈisəl trˈeɪn/,,210,1
2375,I dining car,/ˈaɪ dˈaɪnɪŋ kˈɑr/,,211,1
2376,I dirt bike,/ˈaɪ dɝt bˈaɪk/,,207,1
2377,I discuss,/ˈaɪ dɪskˈʌs/,,165,1
2378,I disk,/ˈaɪ dˈɪsk/,,178,1
2379,I dive,/ˈaɪ dˈaɪv/,,240,1
2380,I don’t drink,/aɪ/,,325,1
2381,I don’t eat meat,/aɪ/,,325,1
2382,I don’t feel well,/aɪ/,,325,1
2383,I don’t know,/aɪ/,,324,1
2384,I don’t smoke,/aɪ/,,325,1
2385,I don’t understand,/aɪ/,,324,1
2386,I door,/ˈaɪ dˈɔr/,,198,1
2387,I draw,/ˈaɪ drˈɔ/,,164,1
2388,I drawing,/ˈaɪ drˈɔɪŋ/,,277,1
2389,I dressage,/ˈaɪ drɛsˈɑʒ/,,245,1
2390,I dressed,/ˈaɪ drˈɛst/,,161,1
2391,I dressing,/ˈaɪ drˈɛsɪŋ/,,49,1
2392,I dressing green salad,/ˈaɪ drˈɛsɪŋ grˈin sˈæləd/,,160,1
2393,I dribble,/ˈaɪ drˈɪbəl/,,224,1
2394,I drinks,/ˈaɪ drˈɪŋks/,,158,1
2395,I dropper,/ˈaɪ drˈɑpɚ/,,169,1
2396,I duck,/ˈaɪ dˈʌk/,,121,1
2397,I dusk,/ˈaɪ dˈʌsk/,,307,1
2398,I eclipse,/ˈaɪ ɪklˈɪps/,,282,1
2399,I engaged couple,/ˈaɪ ɛngˈeɪdʒd kˈʌpəl/,,26,1
2400,I engraving,/ˈaɪ ɪngrˈeɪvɪŋ/,,277,1
2401,I evening,/ˈaɪ ˈivnɪŋ/,,307,1
2402,I experiment,/ˈaɪ ɪkspˈɛrəmənt/,,168,1
2403,I eye test,/ˈaɪ ˈaɪ tˈɛst/,,53,1
2404,I fall,/ˈaɪ fˈɔl/,,239,1
2405,I fax machine,/ˈaɪ fˈæks məʃˈin/,,174,1
2406,I feel sick and drinking,/ˈaɪ fˈil sˈɪk ənd drˈɪŋkɪŋ/,,325,1
2407,I female,/ˈaɪ fˈimˌeɪl/,,22,1
2408,I fertilization,/ˈaɪ fɝtəlɪzˈeɪʃən/,,22,1
2409,I fever,/ˈaɪ fˈivɚ/,,46,1
2410,I field,/ˈaɪ fˈild/,,231,1
2411,I fill,/ˈaɪ fˈɪl/,,84,1
2412,I fire,/ˈaɪ fˈaɪɚ/,,97,1
2413,I first aid box,/ˈaɪ fɝst ˈeɪd bˈɑks/,,49,1
2414,I fishing port,/ˈaɪ fˈɪʃɪŋ pˈɔrt/,,219,1
2415,I float,/ˈaɪ floʊt/,,240,1
2416,I flood,/ˈaɪ flˈʌd/,,289,1
2417,I foetus,/aɪ/,,54,1
2418,I fog,/ˈaɪ fˈɑg/,,289,1
2419,I folk music,/ˈaɪ foʊk mjˈuzɪk/,,261,1
2420,I forceps,/ˈaɪ fˈɔrsɛps/,,169,1
2421,I forest,/ˈaɪ fˈɔrəst/,,287,1
2422,I formal garden,/ˈaɪ fˈɔrməl gˈɑrdən/,,86,1
2423,I fountain,/ˈaɪ fˈaʊntən/,,87,1
2424,I free kick,/ˈaɪ frˈi kˈɪk/,,224,1
2425,I freeze,/ˈaɪ frˈiz/,,289,1
2426,I fresh cheese,/ˈaɪ frˈɛʃ tʃˈiz/,,138,1
2427,I fridge-freezer,/aɪ/,,69,1
2428,I fried,/ˈaɪ frˈaɪd/,,161,1
2429,I front crawl,/ˈaɪ frˈʌnt krˈɔl/,,241,1
2430,I frost,/ˈaɪ frˈɔst/,,289,1
2431,I gin,/ˈaɪ dʒˈɪn/,,147,1
2432,I goal,/ˈaɪ goʊl/,,224,1
2433,I goggles,/ˈaɪ gˈɑgəlz/,,240,1
2434,I golfer,/ˈaɪ gˈɑlfɚ/,,234,1
2435,I goose,/ˈaɪ gˈus/,,121,2
2436,I gothic,/ˈaɪ gˈɑθɪk/,,303,1
2437,I graduation ceremony,/ˈaɪ grˌædʒuˈeɪʃən sˈɛrəmoʊni/,,171,1
2438,I green,/ˈaɪ grˈin/,,276,1
2439,I grey,/ˈaɪ grˈeɪ/,,276,1
2440,I grilled,/ˈaɪ grˈɪld/,,161,1
2441,I hang,/ˈaɪ hˈæŋ/,,84,1
2442,I harbour,/ˈaɪ hˈɑrbɚ/,,219,1
2443,I harvest,/ˈaɪ hˈɑrvəst/,,185,1
2444,I have,/ˈaɪ hˈæv/,,324,1
2445,I have a,/ˈaɪ hˈæv ə/,,103,1
2446,I have a reservation,/ˈaɪ hˈæv ə rˌɛzɚvˈeɪʃən/,,325,1
2447,I have a temperature,/ˈaɪ hˈæv ə tˈɛmprətʃɚ/,,325,1
2448,I hi-fi system,/ˈaɪ hˈaɪfˈaɪ sˈɪstəm/,,270,1
2449,I hold,/ˈaɪ hoʊld/,,239,1
2450,I home delivery,/ˈaɪ hoʊm dɪlˈɪvɚi/,,156,1
2451,I hose reel,/ˈaɪ hoʊz rˈil/,,91,1
2452,I hot dog,/ˈaɪ hˈɑt dˈɔg/,,157,1
2453,I hurricane,/ˈaɪ hɝəkˌeɪn/,,289,1
2454,I ice,/ˈaɪ ˈaɪs/,,289,1
2455,I in sauce,/ˈaɪ ɪn sˈɔs/,,161,1
2456,I incubator,/ˈaɪ ˈɪŋkjəbˌeɪtɚ/,,55,1
2457,I induce labour,/ˈaɪ ˌɪndˈus lˈeɪbɚ/,,55,1
2458,I ironing board,/ˈaɪ ˈaɪɚnɪŋ bˈɔrd/,,78,1
2459,I jar,/ˈaɪ dʒˈɑr/,,313,1
2460,I jazz,/ˈaɪ dʒˈæz/,,261,1
2461,I jellyfish,/ˈaɪ dʒˈɛlifˌɪʃ/,,297,1
2462,I jewellery box,/aɪ/,,38,1
2463,I jigsaw puzzle,/ˈaɪ dʒˈɪgsˌɔ pˈʌzəl/,,275,1
2464,I judo,/ˈaɪ dʒˈudoʊ/,,238,1
2465,I jump,/ˈaɪ dʒˈʌmp/,,239,1
2466,I karate,/ˈaɪ kɚˈɑti/,,238,1
2467,I kebab,/ˈaɪ kəbˈɑb/,,160,1
2468,I kendo,/aɪ/,,238,1
2469,I kick,/ˈaɪ kˈɪk/,,239,1
2470,I kick goal area,/ˈaɪ kˈɪk goʊl ˈɛriə/,,225,1
2471,I kickboxing,/aɪ/,,238,1
2472,I kitchen,/ˈaɪ kˈɪtʃən/,,154,1
2473,I knead,/ˈaɪ nˈid/,,140,1
2474,I knitting,/ˈaɪ nˈɪtɪŋ/,,279,1
2475,I koi carp,/aɪ/,,296,1
2476,I learn,/ˈaɪ lɝn/,,165,1
2477,I lecture theatre,/ˈaɪ lˈɛktʃɚ θˈiətɚ/,,171,1
2478,I left-hand drive,/ˈaɪ lˌɛfthˈænd drˈaɪv/,,203,1
2479,I library,/ˈaɪ lˈaɪbrɛrˌi/,,170,1
2480,I lift,/ˈaɪ lˈɪft/,,102,1
2481,I light bulb,/ˈaɪ lˈaɪt bˈʌlb/,,62,1
2482,I liquid,/ˈaɪ lˈɪkwəd/,,313,1
2483,I liquid measure,/ˈaɪ lˈɪkwəd mˈɛʒɚ/,,313,1
2484,I lobster,/ˈaɪ lˈɑbstɚ/,,297,1
2485,I lunar module,/ˈaɪ lˈunɚ mˈɑdʒul/,,283,1
2486,I magazines,/ˈaɪ mˈægəzˌinz/,,109,1
2487,I male,/ˈaɪ mˈeɪl/,,23,1
2488,I marina,/ˈaɪ mɚˈinə/,,219,1
2489,I marinated,/ˈaɪ mˈɛrənˌeɪtɪd/,,161,1
2490,I market,/ˈaɪ mˈɑrkət/,,117,1
2491,I mashed,/ˈaɪ mˈæʃt/,,161,1
2492,I measuring jug,/ˈaɪ mˈɛʒɚɪŋ dʒˈʌg/,,313,1
2493,I meatballs,/ˈaɪ mˈitbˌɔlz/,,160,1
2494,I meeting,/ˈaɪ mˈitɪŋ/,,176,1
2495,I metal,/ˈaɪ mˈɛtəl/,,81,1
2496,I microscope,/ˈaɪ mˈaɪkrəskoʊp/,,169,1
2497,I midnight,/ˈaɪ mˈɪdnˌaɪt/,,307,1
2498,I mineral water,/ˈaɪ mˈɪnɚəl wˈɔtɚ/,,146,1
2499,I mist,/ˈaɪ mˈɪst/,,289,1
2500,I mix,/ˈaɪ mˈɪks/,,140,1
2501,I money,/ˈaɪ mˈʌni/,,99,1
2502,I monsoon,/ˈaɪ mɑnsˈun/,,289,1
2503,I mow,/ˈaɪ moʊ/,,92,1
2504,I musical,/ˈaɪ mjˈuzɪkəl/,,257,1
2505,I navigate,/ˈaɪ nˈævəgˌeɪt/,,242,1
2506,I need a prescription for,/ˈaɪ nˈid ə prəskrˈɪpʃən fˈɔr/,,325,1
2507,I need the,/ˈaɪ nˈid ðə/,,97,1
2508,I need to make some,/ˈaɪ nˈid tˈu mˈeɪk sˈʌm/,,174,1
2509,I need to see a,/ˈaɪ nˈid tˈu sˈi ə/,,47,1
2510,I newborn baby,/ˈaɪ nˈubɔrn bˈeɪbi/,,55,1
2511,I normally take,/ˈaɪ nˈɔrməli tˈeɪk/,,325,1
2512,I notation,/ˈaɪ noʊtˈeɪʃən/,,258,1
2513,I notice board rubber band,/ˈaɪ noʊtəs bˈɔrd rˈʌbɚ bˈænd/,,175,1
2514,I nougat,/aɪ/,,115,1
2515,I nuts,/ˈaɪ nˈʌts/,,153,1
2516,I oak,/ˈaɪ oʊk/,,298,1
2517,I ocean liner,/ˈaɪ oʊʃən lˈaɪnɚ/,,216,1
2518,I octopus,/ˈaɪ ˈɑktəpˌʊs/,,297,1
2519,I office,/ˈaɪ ˈɔfɪs/,,26,1
2520,I olives,/ˈaɪ ˈɑlɪvz/,,153,1
2521,I opera,/ˈaɪ ˈɑprə/,,257,1
2522,I orange,/ˈaɪ ˈɔrəndʒ/,,276,1
2523,I order,/ˈaɪ ˈɔrdɚ/,,155,1
2524,I paint,/ˈaɪ pˈeɪnt/,,85,1
2525,I painting,/ˈaɪ pˈeɪntɪŋ/,,276,1
2526,I paramedic,/ˈaɪ pˌɛrəmˈɛdɪk/,,96,1
2527,I park,/ˈaɪ pˈɑrk/,,264,1
2528,I passenger port,/ˈaɪ pˈæsəndʒɚ pˈɔrt/,,218,1
2529,I passport,/ˈaɪ pˈæspˌɔrt/,,215,1
2530,I patio garden,/ˈaɪ pˈætioʊ gˈɑrdən/,,86,1
2531,I pavement,/ˈaɪ pˈeɪvmənt/,,150,1
2532,I pay,/ˈaɪ pˈeɪ/,,155,1
2533,I pencil case,/ˈaɪ pˈɛnsəl kˈeɪs/,,165,1
2534,I pheasant,/ˈaɪ fˈɛzənt/,,121,1
2535,I photograph,/ˈaɪ foʊtəgrˌæf/,,273,1
2536,I piano,/ˈaɪ piˈænoʊ/,,258,1
2537,I pie,/ˈaɪ pˈaɪ/,,160,1
2538,I pier,/ˈaɪ pˈɪr/,,219,1
2539,I pin,/ˈaɪ pˈɪn/,,239,1
2540,I pipe cutter,/ˈaɪ pˈaɪp kˈʌtɚ/,,83,1
2541,I piping bag,/ˈaɪ pˈaɪpɪŋ bˈæg/,,71,1
2542,I pitcher,/ˈaɪ pˈɪtʃɚ/,,231,1
2543,I plain,/ˈaɪ plˈeɪn/,,287,1
2544,I plane,/ˈaɪ plˈeɪn/,,81,1
2545,I plaster,/ˈaɪ plˈæstɚ/,,84,1
2546,I play,/ˈaɪ plˈeɪ/,,231,1
2547,I player,/ˈaɪ plˈeɪɚ/,,233,1
2548,I plug,/ˈaɪ plˈʌg/,,62,1
2549,I poached,/ˈaɪ poʊtʃt/,,161,1
2550,I police officer,/ˈaɪ pəlˈis ˈɔfəsɚ/,,96,1
2551,I polo,/ˈaɪ poʊloʊ/,,245,1
2552,I pop,/ˈaɪ pˈɑp/,,261,1
2553,I porter,/ˈaɪ pˈɔrtɚ/,,102,1
2554,I post office,/ˈaɪ poʊst ˈɔfɪs/,,100,1
2555,I pot-pourri,/aɪ/,,113,1
2556,I pottery,/ˈaɪ pˈɑtɚi/,,277,1
2557,I presentation,/ˈaɪ prˌɛzəntˈeɪʃən/,,176,1
2558,I printer,/ˈaɪ prˈɪntɚ/,,174,1
2559,I printing,/ˈaɪ prˈɪntɪŋ/,,277,1
2560,I prison guard,/ˈaɪ prˈɪzən gˈɑrd/,,183,1
2561,I punch,/ˈaɪ pˈʌntʃ/,,239,1
2562,I punk,/ˈaɪ pˈʌŋk/,,261,1
2563,I quail,/ˈaɪ kwˈeɪl/,,121,1
2564,I question,/ˈaɪ kwˈɛstʃən/,,165,1
2565,I racing bike,/ˈaɪ rˈeɪsɪŋ bˈaɪk/,,207,1
2566,I rain,/ˈaɪ rˈeɪn/,,289,1
2567,I rainbow,/ˈaɪ rˈeɪnboʊ/,,289,1
2568,I rap,/ˈaɪ rˈæp/,,261,1
2569,I read,/ˈaɪ rˈɛd/,,164,1
2570,I recording studio,/ˈaɪ rəkˈɔrdɪŋ stˈudioʊ/,,181,1
2571,I red,/ˈaɪ rˈɛd/,,276,1
2572,I remote control,/ˈaɪ rɪmoʊt kəntroʊl/,,271,1
2573,I reporter,/ˈaɪ rɪpˈɔrtɚ/,,181,1
2574,I rice,/ˈaɪ rˈaɪs/,,160,1
2575,I riding crop,/ˈaɪ rˈaɪdɪŋ krˈɑp/,,244,1
2576,I right-hand drive,/ˈaɪ raɪthˈænd drˈaɪv/,,203,1
2577,I roast,/ˈaɪ roʊst/,,160,1
2578,I rock concert,/ˈaɪ rˈɑk kˈɑnsɚt/,,260,1
2579,I roll,/ˈaɪ roʊl/,,141,1
2580,I rolling pin,/ˈaɪ roʊlɪŋ pˈɪn/,,71,1
2581,I room service,/ˈaɪ rˈum sɝvəs/,,103,1
2582,I row,/ˈaɪ roʊ/,,243,1
2583,I ruck,/ˈaɪ rˈʌk/,,223,1
2584,I rugby pitch,/ˈaɪ rˈʌgbi pˈɪtʃ/,,223,1
2585,I ruler,/ˈaɪ rˈulɚ/,,165,1
2586,I rump steak,/ˈaɪ rˈʌmp stˈeɪk/,,121,1
2587,I salmon,/ˈaɪ sˈæmən/,,122,1
2588,I sandwich counter,/ˈaɪ sˈændwɪtʃ kˈaʊntɚ/,,145,1
2589,I scales,/ˈaɪ skˈeɪlz/,,312,1
2590,I scanner,/ˈaɪ skˈænɚ/,,108,1
2591,I school bus,/ˈaɪ skˈul bˈʌs/,,198,1
2592,I schoolboy,/ˈaɪ skˈulbˌɔɪ/,,164,1
2593,I scooter,/ˈaɪ skˈutɚ/,,207,1
2594,I scrabble,/ˈaɪ skrˈæbəl/,,274,1
2595,I scrum,/aɪ/,,223,1
2596,I seating,/ˈaɪ sˈitɪŋ/,,256,1
2597,I section I planet,/ˈaɪ sˈɛkʃən ˈaɪ plˈænət/,,284,1
2598,I sewing,/ˈaɪ soʊɪŋ/,,278,1
2599,I sewing machine,/ˈaɪ soʊɪŋ məʃˈin/,,278,1
2600,I shuffle,/ˈaɪ ʃˈʌfəl/,,275,1
2601,I shuttle bus,/ˈaɪ ʃˈʌtəl bˈʌs/,,199,1
2602,I sift,/ˈaɪ sˈɪft/,,140,1
2603,I skein,/ˈaɪ skˈeɪn/,,279,1
2604,I slide,/ˈaɪ slˈaɪd/,,265,1
2605,I SLR camera,/aɪ/,,272,1
2606,I snack bar,/ˈaɪ snˈæk bˈɑr/,,150,1
2607,I snow,/ˈaɪ snoʊ/,,289,1
2608,I solar system,/ˈaɪ soʊlɚ sˈɪstəm/,,282,1
2609,I solder,/ˈaɪ sˈɑdɚ/,,81,1
2610,I soup,/ˈaɪ sˈup/,,160,1
2611,I spatula,/ˈaɪ spˈætʃˌʊlə/,,169,1
2612,I speak English,/ˈaɪ spˈik ˈɪŋglɪʃ/,,324,1
2613,I speak Spanish,/ˈaɪ spˈik spˈænɪʃ/,,324,1
2614,I spell,/ˈaɪ spˈɛl/,,164,1
2615,I sprain,/ˈaɪ sprˈeɪn/,,48,1
2616,I spray gun,/ˈaɪ sprˈeɪ gˈʌn/,,91,1
2617,I squid,/ˈaɪ skwˈɪd/,,297,1
2618,I stage,/ˈaɪ stˈeɪdʒ/,,256,1
2619,I stamp,/ˈaɪ stˈæmp/,,275,1
2620,I steamed,/ˈaɪ stˈimd/,,161,1
2621,I stew,/ˈaɪ stˈu/,,160,1
2622,I stir fry,/ˈaɪ stɝ frˈaɪ/,,160,1
2623,I storm,/ˈaɪ stˈɔrm/,,289,1
2624,I street stall,/ˈaɪ strˈit stˈɔl/,,156,1
2625,I strike,/ˈaɪ strˈaɪk/,,239,1
2626,I strip,/ˈaɪ strˈɪp/,,84,1
2627,I study,/ˈaɪ stˈʌdi/,,65,1
2628,I stuffed,/ˈaɪ stˈʌft/,,161,1
2629,I sunbathe,/ˈaɪ sˈʌnbˌeɪð/,,266,1
2630,I sunshine,/ˈaɪ sˈʌnʃˌaɪn/,,288,1
2631,I sweet shop,/ˈaɪ swˈit ʃˈɑp/,,115,1
2632,I swim,/ˈaɪ swˈɪm/,,240,1
2633,I swimmer,/ˈaɪ swˈɪmɚ/,,240,1
2634,I swimming pool,/ˈaɪ swˈɪmɪŋ pˈul/,,240,1
2635,I swimsuit,/ˈaɪ swˈɪmsˌut/,,240,1
2636,I swordfish,/ˈaɪ sˈɔrdfˌɪʃ/,,296,1
2637,I tae-kwon-do,/aɪ/,,238,1
2638,I tennis court,/ˈaɪ tˈɛnəs kˈɔrt/,,232,1
2639,I tenon saw,/aɪ/,,83,1
2640,I textbook,/ˈaɪ tˈɛkstbˌʊk/,,165,1
2641,I throw,/ˈaɪ θroʊ/,,231,2
2642,I ticket barrier,/ˈaɪ tˈɪkət bˈæriɚ/,,211,1
2643,I tile,/ˈaɪ tˈaɪl/,,84,1
2644,I tin,/ˈaɪ tˈɪn/,,313,1
2645,I toffee,/ˈaɪ tˈɑfi/,,115,1
2646,I tongs,/ˈaɪ tˈɑŋz/,,169,1
2647,I tour bus,/ˈaɪ tˈʊr bˈʌs/,,262,1
2648,I tourer,/aɪ/,,207,1
2649,I tourist attraction,/ˈaɪ tˈʊrəst ətrˈækʃən/,,262,1
2650,I tourist bus,/ˈaɪ tˈʊrəst bˈʌs/,,199,1
2651,I tractor,/ˈaɪ trˈæktɚ/,,184,1
2652,I train station,/ˈaɪ trˈeɪn stˈeɪʃən/,,210,1
2653,I trekking,/ˈaɪ trˈɛkɪŋ/,,245,1
2654,I trellis,/ˈaɪ trˈɛləs/,,86,1
2655,I trolley,/ˈaɪ trˈɑli/,,108,1
2656,I tub,/ˈaɪ tˈʌb/,,313,1
2657,I tulip,/ˈaɪ tˈuləp/,,113,1
2658,I turn,/ˈaɪ tɝn/,,81,2
2659,I ultrasound,/ˈaɪ ˌəltrəsˈaʊnd/,,54,1
2660,I valley,/ˈaɪ vˈæli/,,286,1
2661,I vanilla,/ˈaɪ vənˈɪlə/,,134,1
2662,I video game,/ˈaɪ vˈɪdioʊ gˈeɪm/,,271,1
2663,I vodka,/ˈaɪ vˈɑdkə/,,147,1
2664,I volcano,/ˈaɪ vɑlkˈeɪnoʊ/,,285,1
2665,I waiter,/ˈaɪ wˈeɪtɚ/,,154,1
2666,I wallpaper,/ˈaɪ wˈɔlpˌeɪpɚ/,,84,1
2667,I want to see a,/ˈaɪ wˈɑnt tˈu sˈi ə/,,183,1
2668,I wash,/ˈaɪ wˈɑʃ/,,40,1
2669,I water,/ˈaɪ wˈɔtɚ/,,185,1
2670,I wedding,/ˈaɪ wˈɛdɪŋ/,,28,1
2671,I wedding cake,/ˈaɪ wˈɛdɪŋ kˈeɪk/,,143,1
2672,I weight,/ˈaɪ wˈeɪt/,,246,1
2673,I whisky,/ˈaɪ wˈɪski/,,147,1
2674,I wind,/ˈaɪ wˈaɪnd/,,288,1
2675,I windsurfing,/aɪ/,,243,1
2676,I wine,/ˈaɪ wˈaɪn/,,147,1
2677,I wires,/ˈaɪ wˈaɪɚz/,,62,1
2678,I wood,/ˈaɪ wˈʊd/,,81,2
2679,I worm,/ˈaɪ wɝm/,,297,1
2680,I wreath,/ˈaɪ rˈiθ/,,113,1
2681,I wrestling,/ˈaɪ rˈɛslɪŋ/,,238,1
2682,I write,/ˈaɪ rˈaɪt/,,164,1
2683,I yoga,/ˈaɪ joʊgə/,,56,1
2684,I zones,/ˈaɪ zoʊnz/,,285,1
2685,ice,/aɪs/,,122,1
2686,ice and lemon,/ˈaɪs ənd lˈɛmən/,,153,1
2687,ice bucket,/ˈaɪs bˈʌkət/,,152,1
2688,ice climbing,/ˈaɪs klˈaɪmɪŋ/,,249,1
2689,ice cream,/ˈaɪs krˈim/,,151,1
2690,ice cube,/ˈaɪs kjˈub/,,153,1
2691,ice hockey,/ˈaɪs hˈɑki/,,226,1
2692,ice hockey player,/ˈaɪs hˈɑki plˈeɪɚ/,,226,1
2693,ice maker,/ˈaɪs mˈeɪkɚ/,,69,1
2694,ice-cream,/ˈaɪskrˌim/,,139,1
2695,ice-skate ice hockey rink,/aɪs/,,226,1
2696,ice-skating,/ˈaɪs skˈeɪtɪŋ/,,249,1
2697,iced coffee,/ˈaɪst kˈɑfi/,,150,1
2698,iced tea,/ˈaɪst tˈi/,,151,1
2699,icicle,/ˈaɪsɪkəl/,,289,1
2700,icing,/ˈaɪsɪŋ/,,143,1
2701,icon,/ˈaɪkɑn/,,179,1
2702,identity badge,/aɪdˈɛntɪtˌi bˈædʒ/,,191,1
2703,identity tag,/aɪdˈɛntɪtˌi tˈæg/,,55,1
2704,igneous,/ˈɪgniəs/,,290,1
2705,ignition,/ˌɪgnˈɪʃən/,,202,1
2706,iguana,/aɪgwˈɑnə/,,295,1
2707,illness,/ˈilnis/,,46,1
2708,immigration,/ˌɪməgrˈeɪʃən/,,214,1
2709,impotent,/ˈɪmpətənt/,,22,1
2710,in,/in/,,322,1
2711,in brine,/ɪn brˈaɪn/,,145,1
2712,in front of,/ɪn frˈʌnt ˈʌv/,,322,1
2713,in oil,/ɪn ˈɔɪl/,,145,1
2714,in syrup,/ɪn sɝəp/,,161,1
2715,in-goal area,/ˈɛrriə/,,223,1
2716,in-tray,/ɪn trˈeɪ/,,174,1
2717,inbox,/ˈɪnbˌɑks/,,179,1
2718,inch,/ˈɪntʃ/,,312,1
2719,incisor,/ˌɪnsˈaɪzɚ/,,52,1
2720,index finger,/ˈɪndɛks fˈɪŋgɚ/,,17,1
2721,India,/ˈindjə/,,320,1
2722,Indian Ocean,/ˈɪndiən oʊʃən/,,315,1
2723,indicator,/ˈindikeɪtə/,,200,2
2724,indigo,/ˈindigoʊ/,,276,1
2725,Indonesia,/ˌɪndoʊnˈiʒə/,,321,1
2726,industrial estate,/ˌɪndˈʌstriəl ɪstˈeɪt/,,301,1
2727,infection,/inˈfekʃən/,,46,1
2728,infertile,/ˌɪnfɝtəl/,,22,1
2729,infield left field,/ˈɪnfˌild lˈɛft fˈild/,,230,1
2730,inflatable dinghy,/ɪnflˈeɪtəbəl dˈɪŋi/,,217,1
2731,information,/ˌɪnfɚmˈeɪʃən/,,263,1
2732,information screen,/ˌɪnfɚmˈeɪʃən skrˈin/,,215,1
2733,inhaler,/inˈheɪlə/,,46,2
2734,injection,/inˈdʒekʃən/,,50,1
2735,injury,/ˈindʒəri/,,48,1
2736,ink pad,/ˈɪŋk pˈæd/,,175,1
2737,ink sketch pad,/ˈɪŋk skˈɛtʃ pˈæd/,,277,1
2738,inlet,/ˈɪnlˌɛt/,,63,1
2739,inner core,/ˈɪnɚ kˈɔr/,,284,1
2740,inner tube,/ˈɪnɚ tˈub/,,209,1
2741,inning,/ˈɪnɪŋ/,,230,1
2742,innocent,/ˈinəsənt/,,183,1
2743,inoculation,/ˌɪnˌɑkjəlˈeɪʃən/,,47,1
2744,insect repellent,/ˈɪnsˌɛkt rɪpˈɛlənt/,,110,2
2745,inside,/ˈinˈsaɪd/,,322,1
2746,inside lane,/ˌɪnsˈaɪd lˈeɪn/,,196,1
2747,insomnia,/inˈsɑmniə/,,73,1
2748,inspector,/ˌɪnspˈɛktɚ/,,96,1
2749,instal,/ɪnstɔll/,是,179,1
2750,instant camera,/ˈɪnstənt kˈæmɚə/,,272,1
2751,instep,/ɪnstɛp/,是,17,1
2752,instructions,/ˌɪnstrˈʌkʃənz/,,111,1
2753,instruments,/ˈinstrumənt/,,258,2
2754,insulating,/ˈɪnsəlˌeɪtɪŋ/,,83,1
2755,insulation,/ˌɪnsəlˈeɪʃən/,,63,1
2756,insulin,/ˈinsjulin/,,111,1
2757,insurance,/inˈʃurəns/,,205,1
2758,intensive care unit,/ˌɪntˈɛnsɪv kˈɛr jˈunət/,,50,1
2759,inter-city train,/treɪn/,,211,1
2760,intercom,/ˈɪntɚkˌɑm/,,61,1
2761,intercostal,/ɪntɛrrkɑstɔll/,是,18,1
2762,intercourse,/ˈɪntɚkˌɔrs/,,22,1
2763,interest rate,/ˈɪntrəst rˈeɪt/,,98,1
2764,interesting,/ˈintristiŋ/,,323,1
2765,interior,/inˈtiəriə/,,202,1
2766,internal organs,/ˌɪntɝnəl ˈɔrgənz/,,20,1
2767,internal systems,/ˌɪntɝnəl sˈɪstəmz/,,62,1
2768,international,/ˌɪntɚnˈæʃənəl/,,214,1
2769,internet,/ˈintənet/,,179,1
2770,intersection,/ˌɪntɚsˈɛkʃən/,,300,1
2771,interval,/ˈɪntɚvəl/,,256,1
2772,interviewer,/ˈintəvjuːə/,,181,1
2773,into,/ˈintuː/,,322,1
2774,invertebrates,/ˌɪnvɝtəbrəts/,,297,1
2775,investigation police cell,/ˌɪnvˌɛstəgˈeɪʃən pəlˈis sˈɛl/,,96,1
2776,ionosphere,/ˌaɪˈɑnɔsfˌir/,,288,1
2777,Iran,/iˈrɑːn/,,320,1
2778,Iraq,/iˈrɑːk/,,320,1
2779,Ireland,/ˈaɪrlənd/,,318,1
2780,iris,/ˈaɪrəs/,,53,2
2781,iron,/ˈaɪrn/,,78,5
2782,Is it machine,/ˈɪz ˈɪt məʃˈin/,,33,1
2783,Is there a price,/ˈɪz ðˈɛr ə prˈaɪs/,,155,1
2784,Is this the road,/ˈɪz ðˈɪs ðə roʊd/,,197,1
2785,island,/ˈaɪlənd/,,284,1
2786,Israel,/ˈizreɪl/,,320,1
2787,It hurts,/ˈɪt hɝts/,,47,1
2788,It hurts here,/ˈɪt hɝts hˈir/,,325,1
2789,Italy,/ˈitəli/,,318,1
2790,itinerary,/aɪˈtinərəri/,,262,1
2791,It’s,/ˈɪt ˈɛs/,,288,2
2792,It’s awful,/ˈɪt ˈɛs ˈɑfəl/,,325,1
2793,It’s delicious,/diˈliʃəs/,,325,1
2794,It’s February,/ˈfebruəri/,,309,1
2795,It’s getting,/ˈetiŋ/,,307,1
2796,It’s three,/θriː/,,306,1
2797,It’s your,/juə/,,275,1
2798,IUD,/ɪʌd/,是,23,1
2799,Ivory Coast,/ˈaɪvɚi koʊst/,,319,1
2800,I’d like a room for three,/laɪk/,,103,1
2801,I’d like a single,/laɪk/,,103,1
2802,I’d like this processed,/laɪk/,,273,1
2803,I’d like two tickets for tonight’s,/laɪk/,,257,1
2804,I’ll be back at o’clock,/biː/,,325,1
2805,I’ll be there,/biː/,,307,1
2806,I’ll see you,/siː/,,307,1
2807,I’m,/ˈaɪ ˈɛm/,,262,2
2808,I’m allergic to,/əˈləːdʒik/,,325,1
2809,I’m leaving tomorrow,/ˈliːviŋ/,,325,1
2810,I’m months pregnant,/mʌnθ/,,325,1
2811,I’m sorry,/ˈaɪ ˈɛm sˈɑri/,,324,1
2812,I’ve broken,/ˈbroʊkən/,,205,1
2813,I’ve had,/hæd/,,66,1
2814,J,/dʒˈeɪ/,,275,1
2815,jack,/dʒæk/,,205,2
2816,jacket,/ˈdʒækit/,,34,2
2817,jade,/dʒˈeɪd/,,290,1
2818,jam,/dʒæm/,,158,1
2819,Jamaica,/dʒəˈmeɪkə/,,316,1
2820,January,/ˈdʒænjuəri/,,308,2
2821,Japan,/dʒəˈpæn/,,320,1
2822,jar,/dʒɑː/,,136,1
2823,javelin,/ˈdʒævlin/,,236,1
2824,jaw,/dʒɑː/,,16,2
2825,jeans,/dʒiːnz/,,33,1
2826,jellybean,/dʒɛllɪbin/,是,115,1
2827,Jerusalem artichoke,/dʒɚˈusələm ˈɑrtətʃoʊk/,,127,1
2828,jet,/dʒet/,,290,1
2829,jet skiing,/dʒˈɛt skˈiɪŋ/,,243,1
2830,jetty,/dʒˈɛti/,,219,1
2831,jeweller,/dʒɛwɛllɛrr/,是,190,1
2832,jewellery,/ˈdʒuːəlri/,,38,1
2833,jewellery making,/ˈdʒuːəlri/,,277,1
2834,jeweller’s,/dʒɛwɛllɛrr ˈɛs/,是,116,1
2835,jigsaw,/dʒˈɪgsˌɔ/,,80,1
2836,jodhpurs,/dʒˈɔdpɚ/,,244,1
2837,jog on the spot,/dʒˈɑg ˈɑn ðə spˈɑt/,,253,1
2838,jogging,/ˈdʒɑgiŋ/,,253,2
2839,joint,/dʒɑint/,,19,2
2840,joker,/ˈdʒoʊkə/,,275,1
2841,Jordan,/ˈdʒɑːdən/,,320,1
2842,journal,/ˈdʒəːnəl/,,170,1
2843,journalist,/ˈdʒəːnəlist/,,193,1
2844,judge,/dʒʌdʒ/,,182,1
2845,jug,/dʒˈʌg/,,67,1
2846,juice,/dʒuːs/,,129,1
2847,juices and milkshakes,/dʒuːs/,,151,1
2848,juicy sweet,/dʒˈusi swˈit/,,129,1
2849,July,/dʒuːˈlaɪ/,,308,1
2850,jump,/dʒʌmp/,,229,2
2851,jump ball,/dʒˈʌmp bˈɔl/,,228,1
2852,junction,/dʒˈʌŋkʃən/,,196,1
2853,June,/dʒuːn/,,308,1
2854,Jupiter,/ˈdʒuːpitə/,,282,1
2855,jury,/ˈdʒuəri/,,182,1
2856,jury box,/dʒˈʊri bˈɑks/,,182,1
2857,K,/kˈeɪ/,,275,1
2858,kale,/kˈeɪl/,,125,1
2859,Kaliningrad,/kəlˈɪnɪŋgrˌæd/,,318,1
2860,kangaroo,/kˌæŋgɚˈu/,,293,1
2861,kayak,/ˈkaɪæk/,,243,1
2862,Kazakhstan,/ˌkæzəkˈstæn/,,320,1
2863,kebab,/kəbˈɑb/,,157,1
2864,keel,/kˈil/,,216,1
2865,keep net,/kˈip nˈɛt/,,246,1
2866,Keep off the grass,/kˈip ˈɔf ðə grˈæs/,,324,1
2867,Keep to the right,/kˈip tˈu ðə rˈaɪt/,,325,1
2868,kei,/keɪ/,是,275,1
2869,Kenya,/ˈkenjə/,,319,1
2870,kerb,/kɝb/,,300,1
2871,kernel,/kɝnəl/,,124,3
2872,ketchup,/ˈketʃəp/,,137,1
2873,kettle,/ˈketl/,,68,1
2874,kettledrum,/kɛttlɛdrʌm/,是,259,1
2875,key,/kiː/,,61,4
2876,key pad,/kˈi pˈæd/,,99,1
2877,keyboard,/ˈkiːbɑːd/,,174,3
2878,keypad,/ˈkiːpæd/,,101,1
2879,kick,/kik/,,223,2
2880,kickstand,/kɪkstænd/,是,209,1
2881,kid,/kˈɪd/,,187,1
2882,kidney,/ˈkidni/,,20,2
2883,kilogram,/kˈɪləgrˌæm/,,312,1
2884,kilometre,/kˌɪlˈɔmˌətɚ/,,312,1
2885,king,/kiŋ/,,274,1
2886,king A,/kˈɪŋ ə/,,275,1
2887,king prawn,/kˈɪŋ prˈɔn/,,123,1
2888,kippers,/kˈɪpɚz/,,159,1
2889,kitchen,/ˈkitʃin/,,68,1
2890,kitchen knife,/kˈɪtʃən nˈaɪf/,,70,1
2891,kitchenware,/kˈɪtʃənwˌɛr/,,70,2
2892,kitten,/kˈɪtən/,,292,1
2893,kiu,/kɪʌ/,是,275,1
2894,kiwifruit,/ˈkiːwiːfruːt/,,130,1
2895,knee,/niː/,,14,1
2896,knee pad,/nˈi pˈæd/,,207,1
2897,knee support,/nˈi səpˈɔrt/,,229,1
2898,knee-length,/nˈi lˈɛŋkθ/,,36,1
2899,kneecap,/nˈikˌæp/,,19,1
2900,knickers,/nˈɪkɚz/,,37,1
2901,knife,/naɪf/,,67,2
2902,knife sharpener,/naɪf/,,70,2
2903,knight,/naɪt/,,274,1
2904,knitting needle,/nˈɪtɪŋ nˈidəl/,,279,1
2905,Knock before entering,/nˈɑk bɪfˈɔr ˈɛntɚɪŋ/,,324,1
2906,knock out,/nˈɑk ˈaʊt/,,239,1
2907,knuckle,/nˈʌkəl/,,17,1
2908,koala,/kəˈɑːlə/,,293,1
2909,kohlrabi,/kɔlrˈɑbi/,,125,1
2910,kumquat lemon,/kˈʌmkwɑt lˈɛmən/,,128,1
2911,kung fu,/kˈʌŋ fˈu/,,238,1
2912,Kuwait,/kəˈwaɪt/,,320,1
2913,Kyrgyzstan,/kˈɪrgɪstˌæn/,,320,1
2914,la carte,/lˈɑ kˈɑrt/,,154,1
2915,label,/lˈeɪbəl/,,174,1
2916,labels,/lˈeɪbəlz/,,91,1
2917,labia,/læbɪæ/,是,22,1
2918,laboratory,/ˈlæbrətəri/,,168,1
2919,lace,/lˈeɪs/,,37,2
2920,lace bobbin,/lˈeɪs bˈɑbən/,,279,1
2921,lace-making,/lˈeɪs mˈeɪkɪŋ/,,279,1
2922,lace-up,/lˈeɪs ˈʌp/,,39,1
2923,lacrosse,/ləkrˈɔs/,,251,1
2924,lactose,/lˈæktoʊs/,,139,1
2925,ladder,/ˈlædə/,,188,1
2926,ladder boom,/lˈædɚ bˈum/,,97,1
2927,ladle,/ˈleɪdl/,,70,1
2928,ladybird,/ˈleɪdibəːd/,,297,1
2929,lake,/leɪk/,,287,1
2930,lamb,/lˈæm/,,187,1
2931,lamp,/læmp/,,64,3
2932,land,/lænd/,,213,2
2933,landing,/ˈlændiŋ/,,61,1
2934,landing net,/lˈændɪŋ nˈɛt/,,246,1
2935,landlord townhouse,/lˈændlˌɔrd tˈaʊnhˌaʊs/,,60,1
2936,landscape,/ˈlændskeɪp/,,93,3
2937,lane,/leɪn/,,236,1
2938,languages,/ˈlæŋgwidʒ/,,164,1
2939,Laos,/laʊz/,,320,1
2940,lapel,/ləpˈɛl/,,34,1
2941,laptop,/lˈæptˌɑp/,,177,2
2942,larch,/lˈɑrtʃ/,,298,1
2943,large,/lɑːdʒ/,,323,1
2944,large intestine,/lˈɑrdʒ ˌɪntˈɛstən/,,20,1
2945,larynx,/lˈɛrɪŋks/,,21,1
2946,last,/lɑːst/,,322,1
2947,last week,/lˈæst wˈik/,,309,1
2948,late,/leɪt/,,307,2
2949,later,/lˈeɪtɚ/,,306,2
2950,latissimus dorsi,/lætɪssɪmʌs dˈɔrsi/,是,18,1
2951,latitude,/ˈlætitjuːd/,,285,1
2952,Latvia,/lˈætviə/,,318,1
2953,laugh,/lɑːf/,,27,1
2954,launch,/lˈɔntʃ/,,283,1
2955,launch pad,/lˈɔntʃ pˈæd/,,283,1
2956,laundry,/ˈlɑːndri/,,78,1
2957,laundry basket,/lˈɔndri bˈæskət/,,78,1
2958,laundry service,/lˈɔndri sɝvəs/,,103,1
2959,lava,/ˈlɑːvə/,,285,1
2960,law,/lɑː/,,171,2
2961,lawn,/lɑːn/,,87,2
2962,lawn rake,/lˈɔn rˈeɪk/,,90,1
2963,lawnmower,/lˈɔnmoʊɚ/,,90,2
2964,lawyer,/ˈlɑːjə/,,182,2
2965,lawyer’s,/lˈɔjɚ ˈɛs/,,182,1
2966,laxative,/lˈæksətɪv/,,111,1
2967,lay the table,/lˈeɪ ðə tˈeɪbəl/,,66,1
2968,lead singer,/lˈɛd sˈɪŋɚ/,,260,1
2969,leaded,/lˈɛdɪd/,,201,1
2970,leaf,/liːf/,,124,1
2971,leaf tree,/lˈif trˈi/,,298,1
2972,leaflets,/lˈifləts/,,98,1
2973,league,/liːg/,,225,1
2974,lean meat,/lˈin mˈit/,,120,1
2975,leather,/ˈleðə/,,34,1
2976,leather shoe,/lˈɛðɚ ʃˈu/,,39,1
2977,leathers,/ˈleðə/,,207,1
2978,Lebanon,/ˈlebənən/,,320,1
2979,lecturer,/lˈɛktʃɚɚ/,,171,1
2980,leek,/liːk/,,127,1
2981,left,/left/,,262,1
2982,leg,/leg/,,14,3
2983,leg pad,/lˈɛg pˈæd/,,227,1
2984,leg press,/lˈɛg prˈɛs/,,253,1
2985,legal advice,/lˈigəl ædvˈaɪs/,,182,1
2986,legal department,/lˈigəl dɪpˈɑrtmənt/,,177,1
2987,leggings,/lˈɛgɪŋz/,,33,1
2988,LEISURE,/ˈliːʒə/,,255,25
2989,lemon curd,/lˈɛmən kɝd/,,136,1
2990,lemon grass,/lˈɛmən grˈæs/,,135,1
2991,lemon sole,/lˈɛmən soʊl/,,122,1
2992,lemonade,/lˈɛmənˈeɪd/,,146,1
2993,length,/leŋθ/,,167,2
2994,lens,/lenz/,,53,3
2995,lens caps,/lˈɛnz kˈæps/,,272,1
2996,lens case,/lˈɛnz kˈeɪs/,,53,1
2997,LES SPORTS,/lˈɛs spˈɔrts/,,234,1
2998,Lesotho,/lɛsoʊθoʊ/,,319,1
2999,lesson,/ˈlesn/,,165,1
3000,letter,/ˈletə/,,100,1
3001,letterbox,/lɛttɛrrbɑks/,是,60,2
3002,letterhead,/lˈɛtɚhˌɛd/,,175,1
3003,lettuce,/ˈletis/,,125,1
3004,lever,/ˈlevə/,,63,2
3005,lever arch file clipboard,/lˈɛvɚ ˈɑrtʃ fˈaɪl klˈɪpbˌɔrd/,,175,1
3006,Liberia,/lˌaɪbˈɪrˌiə/,,319,1
3007,librarian,/laɪˈbrɛrriən/,,170,2
3008,library,/ˈlaɪbrəri/,,301,1
3009,licence plate,/lˈaɪsəns plˈeɪt/,,200,1
3010,lid,/lid/,,63,3
3011,Liechtenstein,/lˈɪktənstˌaɪn/,,318,1
3012,life events,/lˈaɪf ɪvˈɛnts/,,28,1
3013,life jacket,/lˈaɪf dʒˈækət/,,242,1
3014,life raft,/lˈaɪf rˈæft/,,242,1
3015,lifeboat,/lˈaɪfboʊt/,,216,1
3016,lifebuoy,/lɪfɛbʌɑaɪ/,是,242,1
3017,lifeguard,/ˈlaɪfgɑːd/,,241,2
3018,lifeguard tower,/lˈaɪfgˌɑrd tˈaʊɚ/,,267,1
3019,lift,/lift/,,61,2
3020,ligament,/lˈɪgəmənt/,,19,1
3021,light,/laɪt/,,180,3
3022,light a,/lˈaɪt ə/,,268,1
3023,light aircraft,/lˈaɪt ˈɛrkrˌæft/,,213,1
3024,lighter,/ˈlaɪtə/,,114,1
3025,lighthouse,/lˈaɪthˌaʊs/,,219,1
3026,lighting,/ˈlaɪtiŋ/,,107,1
3027,lightmeter,/laɪtmɛtɛrr/,是,272,1
3028,lightning,/ˈlaɪtniŋ/,,289,1
3029,lights,/laɪts/,,96,1
3030,lights switch,/lˈaɪts swˈɪtʃ/,,203,1
3031,lily,/ˈlili/,,112,1
3032,lime,/laɪm/,,128,2
3033,limestone,/lˈaɪmstoʊn/,,290,1
3034,limousine,/lˈɪməzˌin/,,201,1
3035,line,/laɪn/,,246,1
3036,line judge,/lˈaɪn dʒˈʌdʒ/,,222,1
3037,line of play,/lˈaɪn ˈʌv plˈeɪ/,,235,1
3038,linen,/lˈɪnən/,,107,2
3039,linen basket,/lˈɪnən bˈæskət/,,78,1
3040,lines,/laɪn/,,167,1
3041,linesman,/lɪnɛsmæn/,是,225,2
3042,lingerie,/lˈɑnʒɚˌeɪ/,,37,2
3043,lining,/lˈaɪnɪŋ/,,34,1
3044,lining paper,/lˈaɪnɪŋ pˈeɪpɚ/,,85,1
3045,link,/liŋk/,,38,1
3046,lintel,/lˈɪntəl/,,188,1
3047,lion,/ˈlaɪrn/,,293,1
3048,lip,/lip/,,16,1
3049,lip brush,/lˈɪp brˈʌʃ/,,42,1
3050,lip gloss,/lˈɪp glˈɔs/,,42,1
3051,lip liner,/lˈɪp lˈaɪnɚ/,,42,1
3052,lipstick,/ˈlipstik/,,42,1
3053,liqueur,/lɪkɝ/,,147,1
3054,liquid,/ˈlikwid/,,79,1
3055,liquorice,/lɪkwɔrrɪs/,是,115,1
3056,literature,/ˈlitərətʃə/,,164,1
3057,literature diploma,/lˈɪtɚətʃɚ dɪploʊmɑ/,,171,1
3058,Lithuania,/lˌɪθəwˈeɪniə/,,318,1
3059,litre,/lɪtr/,是,313,1
3060,little finger,/lˈɪtəl fˈɪŋgɚ/,,17,1
3061,little toe,/lˈɪtəl toʊ/,,17,1
3062,live,/liv/,,62,2
3063,live rail,/lˈaɪv rˈeɪl/,,211,1
3064,liver,/ˈlivə/,,20,2
3065,livestock,/ˈlaɪvstɑk/,,184,2
3066,living room,/lˈɪvɪŋ rˈum/,,64,1
3067,lizard,/ˈlizəd/,,295,1
3068,load,/loʊd/,,78,1
3069,loaf,/loʊf/,,141,1
3070,loan,/loʊn/,,98,2
3071,loans desk,/loʊnz dˈɛsk/,,170,1
3072,lob,/lˈɑb/,,233,1
3073,lobby,/ˈlɑbi/,,102,2
3074,lobster,/ˈlɑbstə/,,123,1
3075,lock,/lɑk/,,61,2
3076,lockers,/ˈlɑkə/,,241,1
3077,log on,/lˈɔg ˈɑn/,,179,1
3078,loganberry,/lɑɡænbɛrrraɪ/,是,129,1
3079,logo,/ˈloʊgoʊ/,,33,1
3080,loin,/lˈɔɪn/,,123,1
3081,lollipop,/ˈlɑlipɑp/,,115,1
3082,long jump,/lˈɔŋ dʒˈʌmp/,,237,1
3083,long shoes,/lˈɔŋ ʃˈuz/,,34,1
3084,long sight,/lˈɔŋ sˈaɪt/,,53,1
3085,long wave,/lˈɔŋ wˈeɪv/,,181,1
3086,long-grain,/lˈɔŋ grˈeɪn/,,132,1
3087,long-handled shears,/ʃiəz/,,90,1
3088,longitude,/ˈlɑndʒitjuːd/,,285,1
3089,loofah,/lufæh/,是,75,1
3090,loom,/lˈum/,,279,1
3091,loose leaf tea bottled water,/lˈus lˈif tˈi bˈɑtəld wˈɔtɚ/,,146,1
3092,lorry,/lˈɔri/,,196,1
3093,lorry driver,/lˈɔri drˈaɪvɚ/,,192,1
3094,lose,/luːz/,,275,1
3095,loser,/lˈuzɚ/,,275,1
3096,lottery tickets,/lˈɑtɚi tˈɪkəts/,,114,1
3097,love,/lʌv/,,232,1
3098,low,/loʊ/,,323,1
3099,luge,/lˈudʒ/,,249,1
3100,luggage,/ˈlʌgidʒ/,,102,3
3101,luggage department,/lˈʌgədʒ dɪpˈɑrtmənt/,,106,1
3102,luggage hold,/lˈʌgədʒ hoʊld/,,198,1
3103,luggage rack,/lˈʌgədʒ rˈæk/,,211,1
3104,lumbar vertebrae,/lˈʌmbˌɑr vɝtəbrˌeɪ/,,19,1
3105,lunch,/lʌntʃ/,,66,1
3106,lunch menu,/lˈʌntʃ mˈɛnju/,,154,1
3107,lung,/lʌŋ/,,20,1
3108,lunge,/lʌŋ/,,253,1
3109,lupins,/lˈupən/,,299,1
3110,lure,/lˈʊr/,,246,1
3111,Luxembourg,/ˈluksəm,bəː/,,318,1
3112,lychee,/ˈliːtʃiː/,,130,1
3113,lymphatic,/lˌɪmfˈætɪk/,,21,1
3114,lyrics,/lˈɪrɪks/,,261,1
3115,ma,/mˈɑ/,,205,1
3116,ma Exit,/mˈɑ ˈɛgzɪt/,,324,1
3117,macadamia,/mˌækədˈeɪmiə/,,131,1
3118,mace,/mæk/,,134,1
3119,Macedonia,/mˌæsədoʊniə/,,318,1
3120,machinery,/məʃˈinɚi/,,189,1
3121,mackerel,/mˈækɚəl/,,122,1
3122,Madagascar,/mædəˈæskə/,,319,1
3123,magazine,/mˈægəzˌin/,,114,1
3124,magma,/mˈægmə/,,285,1
3125,magnesium,/mægˈniːziəm/,,111,1
3126,magnet,/ˈmægnit/,,169,1
3127,maid service,/mˈeɪd sɝvəs/,,103,1
3128,mailbag,/mˈeɪlbˌæg/,,100,2
3129,main course,/mˈeɪn kˈɔrs/,,155,1
3130,mains supply,/mˈeɪnz səplˈaɪ/,,62,1
3131,mainsail,/meɪnseɪl/,是,242,1
3132,make a will,/mˈeɪk ə wˈɪl/,,28,1
3133,make friends,/mˈeɪk frˈɛndz/,,28,1
3134,make the bed,/mˈeɪk ðə bˈɛd/,,73,1
3135,make-up,/ˈmeɪkʌp/,,42,1
3136,making bread,/mˈeɪkɪŋ brˈɛd/,,140,1
3137,malachite,/mælætʃɪt/,是,291,1
3138,Malawi,/məlˈɑwi/,,319,1
3139,Malaysia,/məˈleɪziə/,,320,1
3140,Maldives,/ˈmɔldaɪvz,ˈmæl-/,,320,1
3141,male,/meɪl/,,14,2
3142,mallet,/mˈælɪt/,,277,1
3143,Malta,/mˈɔltə/,,318,1
3144,malted drink,/mˈɔltəd drˈɪŋk/,,146,1
3145,mammals,/mæməl/,,292,1
3146,man,/mæn/,,25,1
3147,manager,/ˈmænidʒə/,,176,1
3148,managing,/ˈmænidʒiŋ/,,177,1
3149,manchego,/mæntʃɛɡɑ/,是,144,1
3150,mane,/mæn/,,244,2
3151,mango,/ˈmæŋgoʊ/,,130,1
3152,mangosteen,/ˈmæŋgəstiːn/,,130,1
3153,manhole,/mˈænhoʊl/,,301,1
3154,manicure,/mˈænɪkjɚ/,,43,1
3155,mantelpiece,/mæntɛlpis/,是,65,1
3156,mantle,/mˈæntəl/,,284,1
3157,manual,/ˈmænjuəl/,,202,1
3158,map,/mæp/,,197,2
3159,maple,/ˈmeɪpl/,,298,1
3160,maple syrup,/mˈeɪpəl sɝəp/,,136,1
3161,maracas,/mˌɑrˈɑkɑz/,,259,1
3162,marathon,/mˈɛrəθˌɑn/,,236,1
3163,marble,/ˈmɑːbl/,,290,1
3164,March,/mɑːtʃ/,,308,1
3165,margarine,/mˈɑrdʒɚən/,,139,1
3166,marinated,/mˈɛrənˌeɪtɪd/,,145,1
3167,marine,/məˈriːn/,,247,1
3168,marjoram,/mˈɑdʒɚəm/,,135,1
3169,mark,/mɑːk/,,229,1
3170,marketing department,/mˈɑrkətɪŋ dɪpˈɑrtmənt/,,177,1
3171,marmalade,/mˈɑrməlˌeɪd/,,136,2
3172,marrow,/ˈmæroʊ/,,126,1
3173,Mars,/mɑːz/,,282,1
3174,marshmallow,/mˈɑrʃmˌɛloʊ/,,115,1
3175,martial arts,/mˈɑrʃəl ˈɑrts/,,239,1
3176,martini,/mɑrtˈini/,,153,1
3177,marzipan,/mˈɑrzəpæn/,,143,1
3178,mascara,/mæˈskɑːrə/,,42,1
3179,masher,/mæʃɛrr/,是,70,1
3180,mask,/mæsk/,,191,5
3181,masking tape,/mˈæskɪŋ tˈeɪp/,,85,1
3182,masonry bit,/mˈeɪsənri bˈɪt/,,82,1
3183,massage,/ˈmæsɑːʒ/,,56,1
3184,mast,/mˈæst/,,242,1
3185,masters,/ˈmɑːstə/,,171,1
3186,mat,/mˈæt/,,56,4
3187,match,/mætʃ/,,232,1
3188,matches,/mætʃ/,,114,1
3189,material,/məˈtiəriəl/,,278,1
3190,materials,/məˈtiəriəl/,,81,2
3191,maternity,/məˈtəːniti/,,51,1
3192,maternity ward,/mətɝnɪti wˈɔrd/,,50,1
3193,maths,/mæθs/,,164,2
3194,mattress,/ˈmætris/,,72,2
3195,Mauritania,/mˌɔrɪtˈeɪniə/,,319,1
3196,Mauritius,/mɔrˈɪtiəs/,,319,1
3197,May,/meɪ/,,308,1
3198,May I,/mˈeɪ ˈaɪ/,,324,1
3199,May I exchange,/mˈeɪ ˈaɪ ɪkstʃˈeɪndʒ/,,106,1
3200,May I have a slice,/mˈeɪ ˈaɪ hˈæv ə slˈaɪs/,,142,1
3201,May I have six slices of that,/mˈeɪ ˈaɪ hˈæv sˈɪks slˈaɪsəz ˈʌv ðˈæt/,,145,1
3202,May I have some,/mˈeɪ ˈaɪ hˈæv sˈʌm/,,325,1
3203,May I try this Do you have this in a,/mˈeɪ ˈaɪ trˈaɪ ðˈɪs dˈu jˈu hˈæv ðˈɪs ɪn ə/,,34,1
3204,May we have the,/mˈeɪ wˈi hˈæv ðə/,,325,1
3205,Maybe,/mˈeɪbi/,,324,1
3206,mayonnaise,/meɪrˈneɪz/,,137,1
3207,MD,/ˌɛmdˈi/,,270,1
3208,MDF,/mdf/,是,81,1
3209,meadow,/ˈmedoʊ/,,287,1
3210,meal,/miːl/,,66,1
3211,measles,/mˈizəlz/,,46,1
3212,measure,/ˈmeʒə/,,152,3
3213,measurements,/ˈmeʒədmənt/,,167,1
3214,measuring jug,/mˈɛʒɚɪŋ dʒˈʌg/,,71,1
3215,measuring spoon,/mˈɛʒɚɪŋ spˈun/,,111,1
3216,meat,/miːt/,,120,1
3217,meat and poultry,/mˈit ənd poʊltri/,,109,1
3218,meat hook lamb,/mˈit hˈʊk lˈæm/,,120,1
3219,meat tenderizer,/miːt/,,70,1
3220,mechanic,/miˈkænik/,,190,2
3221,mechanical digger,/məkˈænɪkəl dˈɪgɚ/,,189,1
3222,mechanics,/miˈkæniks/,,204,1
3223,medals,/ˈmedl/,,237,1
3224,media,/ˈmiːdiə/,,180,1
3225,medical,/ˈmedikl/,,47,1
3226,medication,/mˌɛdəkˈeɪʃən/,,111,1
3227,medicine,/ˈmedisin/,,111,2
3228,medicine cabinet,/mˈɛdəsən kˈæbənət/,,74,1
3229,meditation,/mˌɛdətˈeɪʃən/,,56,1
3230,Mediterranean Sea,/mˌɛdətɚˈeɪniən sˈi/,,315,1
3231,medium wave,/mˈidiəm wˈeɪv/,,181,1
3232,meeting room,/mˈitɪŋ rˈum/,,176,1
3233,melody,/ˈmelədi/,,261,1
3234,melon,/ˈmelən/,,129,1
3235,memory,/ˈmeməri/,,178,1
3236,menstruation,/mˌɛnstruˈeɪʃən/,,22,1
3237,menu,/ˈmenjuː/,,150,3
3238,menubar,/mɛnʌbɑrr/,是,179,1
3239,men’s clothing,/ˈkloʊðiŋ/,,34,1
3240,men’s wear,/wɛr/,,107,1
3241,Mercury,/ˈməːkjuri/,,282,2
3242,meringue,/mɛrrɪŋʌɛ/,是,142,1
3243,mesosphere,/mɛsɑsfɛrr/,是,288,1
3244,messages,/ˈmesidʒ/,,102,1
3245,metacarpal,/mˌɛtəkˈɑrpəl/,,19,1
3246,metal bit,/mˈɛtəl bˈɪt/,,82,1
3247,metals,/ˈmetəl/,,291,1
3248,metamorphic,/mˌɛtəmˈɔrfɪk/,,290,1
3249,metatarsal,/mɛtætɑrrsɔll/,是,19,1
3250,meteor,/ˈmiːtiə/,,282,1
3251,metre,/mˈitɚ/,,312,1
3252,Mexico,/ˈmeksikoʊ/,,316,1
3253,mica,/mˈaɪkə/,,291,1
3254,microlight,/mɪkrɑlaɪt/,是,213,1
3255,microphone,/ˈmaɪkrəfoʊn/,,181,2
3256,microwave oven,/mˈaɪkrəwˌeɪv ˈʌvən/,,68,1
3257,midday,/ˈmiddeɪ/,,307,1
3258,middle lane,/mˈɪdəl lˈeɪn/,,196,1
3259,midwife,/mˈɪdwˌaɪf/,,55,1
3260,migraine,/mˈaɪgrˌeɪn/,,46,1
3261,mile,/maɪl/,,312,1
3262,milk,/milk/,,138,3
3263,milk carton,/mˈɪlk kˈɑrtən/,,138,1
3264,milk chocolate,/mˈɪlk tʃˈɔklət/,,115,1
3265,milkshake,/mˈɪlkʃˌeɪk/,,139,2
3266,millet,/ˈmilit/,,132,1
3267,milligram,/mˈɪləgrˌæm/,,312,1
3268,millilitre,/mˈɪləlˌitɚ/,,313,1
3269,millimetre,/mˈɪləmˌitɚ/,,312,1
3270,mince,/mins/,,121,1
3271,minerals,/ˈminərəl/,,291,1
3272,mini bar,/mˈɪni bˈɑr/,,103,1
3273,mini disk recorder,/mˈɪni dˈɪsk rɪkˈɔrdɚ/,,270,1
3274,minibus,/mˈɪnibˌəs/,,199,1
3275,mint,/mint/,,115,2
3276,mint tea,/mˈɪnt tˈi/,,151,1
3277,minus,/ˈmaɪnəs/,,167,1
3278,minute,/ˈminit/,,306,1
3279,minute hand,/mˈɪnət hˈænd/,,306,1
3280,minutes,/ˈminit/,,176,1
3281,mirror,/ˈmirə/,,42,4
3282,miscarriage,/mɪskˈɛrədʒ/,,54,1
3283,Miss,/mis/,,25,1
3284,missile,/ˈmisaɪl/,,213,1
3285,mitre block,/mˈɪtri blˈɑk/,,83,1
3286,mitt,/mˈɪt/,,230,1
3287,mittens,/mˈɪtənz/,,32,1
3288,mix,/miks/,,69,1
3289,mixed salad,/mˈɪkst sˈæləd/,,160,1
3290,mixing bowl,/mˈɪksɪŋ boʊl/,,68,2
3291,mixing desk,/mˈɪksɪŋ dˈɛsk/,,181,1
3292,moat,/moʊt/,,302,1
3293,mobile,/ˈmoʊbil/,,76,1
3294,mobile phone,/moʊbəl foʊn/,,101,1
3295,model,/ˈmɑdəl/,,171,2
3296,model making,/mˈɑdəl mˈeɪkɪŋ/,,277,1
3297,modelling tool,/mˈɑdəlˌɪŋ tˈul/,,277,1
3298,modem,/moʊdəm/,,178,1
3299,moisturizer,/ˈmɔɪstʃəraɪzə(r)/,,43,1
3300,molar,/moʊlər/,,52,1
3301,Moldova,/moʊldoʊvə/,,318,1
3302,mole,/moʊl/,,16,1
3303,Monaco,/ˈmɑnəkoʊ/,,318,1
3304,Monday Tuesday Wednesday Thursday Friday,/mˈʌndi tˈuzdi wˈɛnzdi θɝzdˌeɪ frˈaɪdi/,,308,1
3305,Mongolia,/mɑŋˈgoʊljə/,,320,1
3306,monitor,/ˈmɑnitə/,,55,2
3307,monkey,/ˈmʌŋki/,,293,1
3308,monkfish,/mɑnkfɪʃ/,是,122,1
3309,monopoly,/məˈnɑpəli/,,274,1
3310,monorail,/mˈɑnɚˌeɪl/,,210,1
3311,Montenegro,/mˌɑntənˈeɪgroʊ/,,318,1
3312,month,/mʌnθ/,,308,1
3313,monthly millennium,/mˈʌnθli məlˈɛniəm/,,309,1
3314,monument,/ˈmɑnjumənt/,,263,1
3315,Moon,/muːn/,,282,1
3316,moonstone,/mˈunstoʊn/,,290,1
3317,moor,/mˈʊr/,,219,1
3318,mooring,/mˈʊrɪŋ/,,219,1
3319,mop,/mˈɑp/,,79,1
3320,morning,/ˈmɑːniŋ/,,307,1
3321,Morocco,/məˈrɑkoʊ/,,319,1
3322,mortar,/mˈɔrtɚ/,,70,3
3323,mortgage,/ˈmɑːgidʒ/,,98,1
3324,moses basket,/moʊzəs bˈæskət/,,76,1
3325,mosque,/mˈɑsk/,,302,1
3326,mosquito,/məˈskiːtoʊ/,,297,1
3327,mosquito net,/məskˈitoʊ nˈɛt/,,269,1
3328,moth,/mɑθ/,,297,1
3329,mother,/ˈmʌðə/,,24,1
3330,mother-in-law,/mˈʌðɚɪnlˌɔ/,,25,1
3331,motor,/ˈmoʊtə/,,90,1
3332,motor racing,/moʊtɚ rˈeɪsɪŋ/,,251,1
3333,motorbike,/ˈməjtəbaɪk/,,206,1
3334,motorbike racing,/moʊtɚbˌaɪk rˈeɪsɪŋ/,,251,1
3335,motorcross,/mɑtɔrrkrɑss/,是,251,1
3336,Motorway,/mɑtɔrrweɪ/,是,196,2
3337,moulding,/moʊldɪŋ/,,65,1
3338,mountain,/ˈmaʊntin/,,286,1
3339,mountain bike,/mˈaʊntən bˈaɪk/,,208,1
3340,mountain range,/mˈaʊntən rˈeɪndʒ/,,284,1
3341,mouse,/maʊs/,,178,2
3342,mousse,/muːs/,,143,1
3343,mouth,/maʊθ/,,16,1
3344,mouth guard,/mˈaʊθ gˈɑrd/,,239,1
3345,mouthwash,/mˈaʊθwˌɑʃ/,,74,1
3346,move,/muːv/,,275,1
3347,Mozambique,/moʊzæmbˈik/,,319,1
3348,mozzarella,/mˌɑtsərˈɛlə/,,144,1
3349,Mr,/ˈmistə(r)/,,25,1
3350,Mrs,/ˈmistə(r)/,,25,1
3351,mudguard,/mʌdɡʌɑrrd/,是,207,1
3352,muffin,/mˈʌfən/,,142,1
3353,muffin tray,/mˈʌfən trˈeɪ/,,71,1
3354,mug,/mˈʌg/,,67,1
3355,mulch,/mˈʌltʃ/,,93,1
3356,multiply geometry,/mˈʌltəplˌaɪ dʒiˈɑmətri/,,167,1
3357,multivitamins,/mˌəltivˈaɪtˌəmən/,,111,1
3358,mumps,/mˈʌmps/,,46,1
3359,mung beans,/mʌŋ/,,133,1
3360,muscles,/ˈmʌsl/,,18,1
3361,museum,/mjuːˈziəm/,,263,1
3362,mushroom,/ˈmʌʃrum/,,127,1
3363,music,/ˈmjuːzik/,,164,1
3364,music school,/mjˈuzɪk skˈul/,,171,1
3365,musical score,/mjˈuzɪkəl skˈɔr/,,257,1
3366,musical styles,/mjˈuzɪkəl stˈaɪlz/,,261,1
3367,musician,/mjuːˈziʃən/,,193,1
3368,mussel,/mˈʌsəl/,,123,2
3369,mustard,/ˈmʌstəd/,,157,1
3370,mustard seed,/mˈʌstɚd sˈid/,,133,1
3371,My car won’t,/maɪ/,,205,1
3372,My name,/mˈaɪ nˈeɪm/,,324,1
3373,My room number is,/mˈaɪ rˈum nˈʌmbɚ ˈɪz/,,325,1
3374,naan bread,/nˈɑn brˈɛd/,,141,1
3375,nail,/neɪl/,,82,1
3376,nail clippers,/nˈeɪl klˈɪpɚz/,,43,1
3377,nail file,/nˈeɪl fˈaɪl/,,43,1
3378,nail middle finger,/nˈeɪl mˈɪdəl fˈɪŋgɚ/,,17,1
3379,nail scissors,/nˈeɪl sˈɪzɚz/,,43,1
3380,nail varnish,/nˈeɪl vˈɑrnɪʃ/,,43,1
3381,nail varnish remover,/nˈeɪl vˈɑrnɪʃ rɪmˈuvɚ/,,43,1
3382,Namibia,/nəmˈɪbiə/,,319,1
3383,nape,/næp/,,15,1
3384,napkin,/ˈnæpkin/,,67,2
3385,napkin ring,/nˈæpkɪn rˈɪŋ/,,67,1
3386,nappy,/næppaɪ/,是,77,1
3387,nappy rash cream,/ræʃ/,,76,1
3388,narrow,/ˈnæroʊ/,,323,1
3389,nation,/ˈneɪʃən/,,317,1
3390,national park,/nˈæʃənəl pˈɑrk/,,263,1
3391,natural,/ˈnætʃərəl/,,33,2
3392,naturopathy,/nætɝrɑpæθaɪ/,是,57,1
3393,nausea,/ˈnɑːʃjə/,,46,1
3394,navel,/ˈneɪvl/,,14,1
3395,near,/niə/,,322,1
3396,nebula,/nˈɛbjələ/,,282,1
3397,neck,/nek/,,14,2
3398,neck brace,/nˈɛk brˈeɪs/,,48,1
3399,necklace,/ˈneklis/,,38,1
3400,neckline,/ˈneklaɪn/,,36,1
3401,nectarine,/ˈnektəriːn/,,128,1
3402,needle,/ˈniːdl/,,111,2
3403,needle plate,/nˈidəl plˈeɪt/,,278,1
3404,needle-nose pliers,/ˈplaɪrz/,,82,1
3405,needlepoint,/nˈidəlpˌɔɪnt/,,279,1
3406,negative,/ˈnegətiv/,,273,1
3407,negative electrode,/nˈɛgətɪv ˌɪlˈɛktroʊd/,,169,1
3408,neighbour,/nˈeɪbɚ/,,26,1
3409,neoclassical,/nˌioʊklˈæsɪkəl/,,303,1
3410,Nepal,/niˈpɑːl/,,320,1
3411,nephew,/ˈnefjuː/,,25,1
3412,Neptune,/ˈneptjuːn/,,282,1
3413,nerve,/nəːv/,,21,2
3414,nervous,/ˈnəːvəs/,,21,2
3415,net,/net/,,219,5
3416,net curtain,/nˈɛt kɝtən/,,65,1
3417,Netherlands,/ˈneðələndz/,,318,1
3418,nettle,/nˈɛtəl/,,299,1
3419,network,/ˈnetwəːk/,,178,1
3420,neurology,/njuˈrɑlədʒi/,,51,1
3421,neutral,/ˈnjuːtrəl/,,62,1
3422,neutral zone,/nˈutrəl zoʊn/,,226,1
3423,never,/ˈnevə/,,322,1
3424,new,/njuː/,,323,1
3425,new moon,/nˈu mˈun/,,282,1
3426,new potato,/nˈu pətˈeɪtoʊ/,,126,1
3427,New Year,/nˈu jˈɪr/,,29,1
3428,New Zealand,/nˈu zˈilənd/,,321,1
3429,news,/njuːz/,,180,1
3430,newsagent,/nɛwsædʒɛnt/,是,114,1
3431,newspaper,/ˈnjuːz/,,114,1
3432,newsreader,/nɛwsridɛrr/,是,181,2
3433,next week,/nˈɛkst wˈik/,,309,1
3434,nib,/nˈɪb/,,165,1
3435,Nicaragua,/,nikəˈrɑːwə,,nikəˈræjuə/,,316,1
3436,nickel,/nˈɪkəl/,,291,1
3437,niece,/niːs/,,25,1
3438,Nigeria,/naɪˈdʒiriə/,,319,1
3439,night,/naɪt/,,256,1
3440,night and day,/nˈaɪt ənd dˈeɪ/,,307,1
3441,nightdress,/naɪtdrɛss/,是,37,1
3442,nightie,/naɪti/,是,33,1
3443,nightwear,/naɪtwir/,是,33,1
3444,nine,/naɪn/,,310,1
3445,nine hundred,/nˈaɪn hˈʌndrəd/,,310,1
3446,nineteen,/nˈaɪntˈin/,,310,1
3447,nineteen hundred,/nˈaɪntˈin hˈʌndrəd/,,309,1
3448,nineteen hundred and one,/nˈaɪntˈin hˈʌndrəd ənd wˈʌn/,,309,1
3449,nineteen ten,/nˈaɪntˈin tˈɛn/,,309,1
3450,nineteenth,/nˈaɪntˈinθ/,,311,1
3451,ninetieth twentieth,/nˈaɪntiɪθ twˈɛntiəθ/,,311,1
3452,ninety,/nˈaɪnti/,,310,1
3453,ninth,/naɪnθ/,,311,1
3454,nipple,/nˈɪpəl/,,14,1
3455,No,/noʊ/,,324,1
3456,No entry,/noʊ ˈɛntri/,,197,2
3457,No more for,/noʊ mˈɔr fˈɔr/,,325,1
3458,No parking,/noʊ pˈɑrkɪŋ/,,325,1
3459,no right turn,/noʊ rˈaɪt tɝn/,,197,1
3460,No smoking,/noʊ smoʊkɪŋ/,,324,1
3461,no stopping,/noʊ stˈɑpɪŋ/,,197,1
3462,No through road,/noʊ θrˈu roʊd/,,325,1
3463,No-smoking area,/ˈɛrriə/,,325,1
3464,noisy,/nˈɔɪzi/,,323,1
3465,non-smoking,/nɑnsmoʊkɪŋ/,,154,1
3466,non-stick,/nɑnstˈɪk/,,71,1
3467,noodles,/ˈnuːdl/,,160,1
3468,normal,/ˈnɑːml/,,41,1
3469,north,/nɑːθ/,,314,1
3470,North and Central America,/nˈɔrθ ənd sˈɛntrəl əmˈɛrəkə/,,316,1
3471,North Korea,/nˈɔrθ kˌɔrˈiə/,,320,1
3472,North pole,/nˈɔrθ poʊl/,,285,1
3473,North Sea,/nˈɔrθ sˈi/,,314,1
3474,northern hemisphere,/nˈɔrðɚn hˈɛmɪsfˌɪr/,,285,1
3475,Norway,/ˈnɑːweɪ/,,318,1
3476,nose,/noʊz/,,16,2
3477,nose clip,/noʊz klˈɪp/,,240,1
3478,noseband,/nɑsɛbænd/,是,244,1
3479,nosebleed,/noʊzblˌid/,,46,1
3480,nosewheel landing gear,/ˈlændiŋ/,,212,1
3481,nostril,/nˈɑstrɪl/,,16,1
3482,note,/noʊt/,,99,1
3483,note pad,/noʊt pˈæd/,,175,1
3484,notebook,/ˈnoʊtbuk/,,165,2
3485,notes,/noʊt/,,177,2
3486,November,/noʊˈvembə/,,308,1
3487,now,/naʊ/,,306,2
3488,nozzle,/nˈɑzəl/,,91,1
3489,number,/ˈnʌmbə/,,214,2
3490,number of the nearest,/nˈʌmbɚ ˈʌv ðə nˈɪrəst/,,325,1
3491,numbers,/ˈnʌmbəz/,,310,1
3492,numerator,/ˈnjuːməreɪtə/,,167,1
3493,nurse,/nəːs/,,47,3
3494,nursery,/ˈnəːsəri/,,76,1
3495,nursing,/nɝsɪŋ/,,55,1
3496,nursing bra,/nɝsɪŋ brˈɑ/,,55,1
3497,nut,/nʌt/,,82,1
3498,nutmeg,/nˈʌtmˌɛg/,,134,1
3499,nuts and dried fruit,/nˈʌts ənd drˈaɪd frˈut/,,131,1
3500,nylon,/nˈaɪlˌɑn/,,279,1
3501,oar,/ˈɔr/,,243,1
3502,oats,/oʊts/,,132,1
3503,objective lens,/əbdʒˈɛktɪv lˈɛnz/,,169,1
3504,oboe,/ˈoʊboʊ/,,259,1
3505,obsidian,/əbsˈɪdiən/,,290,1
3506,obstetrician,/ˌɑbstətrˈɪʃən/,,54,1
3507,occupations,/ˌɑkjʊˈpeɪʃnz/,,190,2
3508,occupied,/ˈɑkjəpˌaɪd/,,323,1
3509,ocean,/ˈoʊʃən/,,284,1
3510,octagon,/ˈɑktəgˌɑn/,,166,1
3511,October,/ɑkˈtoʊbə/,,308,1
3512,octopus,/ˈɑktəpəs/,,123,1
3513,odometer,/oʊdˈɑmətɚ/,,203,1
3514,oesophagus,/oʊsɑfæɡʌs/,是,21,1
3515,off licence,/ˈɔf lˈaɪsəns/,,117,1
3516,off-piste,/ˈɔf pɪst/,是,249,1
3517,off-side,/ˈɔfsˌaɪd/,,225,1
3518,offal,/ˈɑfəl/,,120,1
3519,office,/ˈɑfis/,,174,3
3520,office block,/ˈɔfɪs blˈɑk/,,300,1
3521,office supplies,/ˈɔfɪs səplˈaɪz/,,175,1
3522,often,/ˈɑːfn/,,322,1
3523,oil,/ɑil/,,136,3
3524,oil paints,/ˈɔɪl pˈeɪnts/,,276,1
3525,oil tank,/ˈɔɪl tˈæŋk/,,206,1
3526,oil tanker,/ˈɔɪl tˈæŋkɚ/,,217,1
3527,oils,/ɑil/,,136,1
3528,oily,/ˈɑili/,,43,1
3529,ointment,/ˈɔɪntmənt/,,49,2
3530,OK,/ˈoʊˈkeɪ/,,324,1
3531,okra,/ˈoʊkrə/,,124,1
3532,old,/oʊld/,,323,2
3533,olive oil,/ˈɑləv ˈɔɪl/,,136,1
3534,Oman,/oʊmˈɑn/,,320,1
3535,omelette,/ɑmɛlɛtt/,是,160,1
3536,on,/ɑn/,,271,1
3537,on time,/ˈɑn tˈaɪm/,,307,1
3538,on top of,/ˈɑn tˈɑp ˈʌv/,,322,1
3539,on-line,/ˈɔnlˌaɪn/,,179,1
3540,oncology,/ɑŋˈkɑlədʒi/,,51,1
3541,one,/wʌn/,,310,2
3542,one billion,/wˈʌn bˈɪljən/,,311,1
3543,one hundred,/wˈʌn hˈʌndrəd/,,310,1
3544,one hundred and ten,/wˈʌn hˈʌndrəd ənd tˈɛn/,,310,1
3545,one hundred thousand,/wˈʌn hˈʌndrəd θˈaʊzənd/,,311,1
3546,one million,/wˈʌn mˈɪljən/,,311,1
3547,one thirty,/wˈʌn θɝdˌi/,,306,1
3548,one thousand,/wˈʌn θˈaʊzənd/,,311,1
3549,one-way,/wˈʌnwˈeɪ/,,196,1
3550,One-way street,/wˈʌnwˈeɪ strˈit/,,325,1
3551,one-way system,/wˈʌnwˈeɪ sˈɪstəm/,,300,1
3552,onion,/ˈʌnjən/,,126,1
3553,onto,/ˈɑntuː/,,322,1
3554,onyx,/ˈɑnɪks/,,291,1
3555,opal,/oʊpəl/,,290,1
3556,open,/ˈoʊpən/,,262,2
3557,Open all day,/oʊpən ˈɔl dˈeɪ/,,324,1
3558,open sandwich,/oʊpən sˈændwɪtʃ/,,157,1
3559,open-top,/ˈoʊpən tˈɑp/,,262,1
3560,Opening times,/oʊpənɪŋ tˈaɪmz/,,324,1
3561,operating theatre,/ˈɑpɚˌeɪtɪŋ θˈiətɚ/,,50,1
3562,operation,/ˌɑpɚˈeɪʃən/,,50,1
3563,operator,/ˈɑpəreɪtə/,,101,1
3564,ophthalmology,/ˌɑpθəmˈɑlədʒi/,,51,1
3565,opponent,/əˈpoʊnənt/,,238,1
3566,opposite,/ˈɑpəzit/,,322,1
3567,optic,/ˈɑptɪk/,,152,1
3568,optic nerve,/ˈɑptɪk nɝv/,,53,1
3569,optician,/ɑptˈɪʃən/,,53,2
3570,orange,/ˈɑːrindʒ/,,128,1
3571,orange juice,/ˈɔrəndʒ dʒˈus/,,151,1
3572,orangeade,/ɔrræŋid/,是,146,1
3573,orbit,/ˈɑːbit/,,282,1
3574,orchestra,/ˈɑːkistrə/,,256,2
3575,orchestra pit,/ˈɔrkəstrə pˈɪt/,,256,1
3576,orchid,/ˈɑːkid/,,113,1
3577,organic,/ɑːˈgænik/,,93,3
3578,organic waste,/ɔrgˈænɪk wˈeɪst/,,63,1
3579,origami,/ˌɔrigˈɑmˌi/,,277,1
3580,ornamental,/ˌɔrnəmˈɛntəl/,,89,1
3581,orthopaedy,/ɔrrθɑpæɛdaɪ/,是,51,1
3582,osteopathy,/ɑstɛɑpæθaɪ/,是,56,1
3583,ostrich,/ˈɑstritʃ/,,294,1
3584,other crafts,/ˈʌðɚ krˈæfts/,,277,1
3585,Other directions,/ˈʌðɚ dɚˈɛkʃənz/,,325,1
3586,other ships,/ˈʌðɚ ʃˈɪps/,,217,1
3587,other shops,/ˈʌðɚ ʃˈɑps/,,116,1
3588,other sports,/ˈʌðɚ spˈɔrts/,,250,1
3589,otter,/ˈɑtɚ/,,292,1
3590,ounce,/ˈaʊns/,,312,1
3591,out,/aʊt/,,227,3
3592,out of bounds,/ˈaʊt ˈʌv bˈaʊndz/,,228,1
3593,out of focus,/ˈaʊt ˈʌv foʊkəs/,,273,1
3594,Out of order,/ˈaʊt ˈʌv ˈɔrdɚ/,,324,1
3595,out-tray,/ˈaʊt trˈeɪ/,,174,1
3596,outboard motor,/ˈaʊtbˌɔrd moʊtɚ/,,217,1
3597,outbuilding,/aʊtbuldɪŋ/,是,184,1
3598,outdoor activities,/ˈaʊtdˌɔr æktˈɪvətiz/,,264,1
3599,outer core,/ˈaʊtɚ kˈɔr/,,284,1
3600,outfield,/ˈaʊtfˌild/,,231,1
3601,outlet,/ˈaʊtlet/,,63,1
3602,outpatient,/ˈaʊtpeɪʃənt/,,50,1
3603,outside,/ˈaʊtˈsaɪd/,,322,1
3604,outside lane,/ˈaʊtsˈaɪd lˈeɪn/,,196,1
3605,oval,/ˈoʊvəl/,,166,1
3606,ovary,/oʊvɝi/,,22,1
3607,oven,/ˈʌvən/,,68,1
3608,oven glove,/ˈʌvən glˈʌv/,,71,1
3609,ovenproof,/ɑvɛnpruf/,是,71,1
3610,over,/ˈoʊvə/,,322,1
3611,over par,/oʊvɚ pˈɑr/,,235,1
3612,overalls,/ˈoʊvərɑːl/,,85,1
3613,overdraft,/ˈəjvədrɑːft;(?@)-dræft/,,98,1
3614,overexposed,/oʊvɚɪkspoʊzd/,,273,1
3615,overflow,/oʊvɚfloʊ/,,63,1
3616,overhead locker,/oʊvɚhˈɛd lˈɑkɚ/,,212,1
3617,overhead projector,/oʊvɚhˈɛd prədʒˈɛktɚ/,,165,1
3618,overtake,/oʊvɚtˌeɪk/,,197,1
3619,overture,/oʊvɚtʃɚ/,,258,1
3620,ovulation,/oʊvjəlˈeɪʃən/,,22,2
3621,owl,/aʊl/,,294,1
3622,oyster,/ˈɑistə/,,123,1
3623,ozone layer,/oʊzoʊn lˈeɪɚ/,,288,1
3624,Pacific Ocean,/pəsˈɪfɪk oʊʃən/,,314,1
3625,pack,/pæk/,,313,1
3626,pack of cards,/pˈæk ˈʌv kˈɑrdz/,,275,1
3627,packet,/ˈpækit/,,313,1
3628,packet of cigarettes,/pˈækət ˈʌv sˌɪgɚˈɛts/,,114,1
3629,pad,/pæd/,,226,1
3630,paddle,/ˈpædl/,,243,1
3631,paddling pool,/pˈædəlɪŋ pˈul/,,265,1
3632,paddock,/pˈædək/,,245,1
3633,pads,/pæd/,,55,2
3634,paediatrics,/pæɛdɪætrɪks/,是,51,1
3635,painkiller,/pˈeɪnkˌɪlɚ/,,111,1
3636,painkillers,/ˈpeɪnˌkɪləz/,,49,1
3637,paint,/peɪnt/,,85,1
3638,paint tin,/pˈeɪnt tˈɪn/,,85,1
3639,paint tray,/pˈeɪnt trˈeɪ/,,85,1
3640,painter,/ˈpeɪntə/,,193,1
3641,painting,/ˈpeɪntiŋ/,,64,2
3642,paints,/peɪnt/,,276,1
3643,pak-choi,/pˈæk tʃˈɔɪ/,,125,1
3644,Pakistan,/pˈækɪstˌæn/,,320,1
3645,palate,/pˈælət/,,21,1
3646,palette,/pˈælət/,,276,1
3647,pallet,/pˈælət/,,188,1
3648,palm,/pɑːm/,,17,3
3649,palm hearts,/pˈɑm hˈɑrts/,,124,1
3650,palmtop,/pɔllmtɑp/,是,177,1
3651,pan,/pæn/,,312,1
3652,pan fried,/pˈæn frˈaɪd/,,161,1
3653,Panama,/pˈænəmˌɑ/,,316,1
3654,pancakes,/ˈpænkeɪks/,,159,1
3655,pancreas,/pˈænkriəs/,,20,1
3656,panda,/pˈændə/,,293,1
3657,panty liner,/pˈænti lˈaɪnɚ/,,110,1
3658,papaya,/pəˈpaɪr/,,130,1
3659,paper clip,/pˈeɪpɚ klˈɪp/,,175,1
3660,paper guide,/pˈeɪpɚ gˈaɪd/,,174,1
3661,paper napkin,/pˈeɪpɚ nˈæpkɪn/,,156,1
3662,paper tray,/pˈeɪpɚ trˈeɪ/,,174,1
3663,paprika,/pæˈpriːkə/,,134,1
3664,Papua New Guinea,/pˈæpjuə nˈu gˈɪni/,,321,1
3665,par,/pˈɑr/,,235,1
3666,parachuting,/pˈɛrəʃˌutɪŋ/,,250,1
3667,paragliding,/pɑrræɡlɪdɪŋ/,是,250,1
3668,Paraguay,/ˈpærəgwaɪ/,,317,1
3669,parallel,/ˈpærəlel/,,167,1
3670,parallel bars,/pˈɛrəlˌɛl bˈɑrz/,,237,1
3671,parallelogram,/pɑrrɔlllɛlɑɡræm/,是,166,1
3672,parcel,/ˈpɑːsl/,,101,1
3673,parents,/ˈperənt/,,25,1
3674,park,/pɑːk/,,197,1
3675,parmesan,/pˈɑrməzˌɑn/,,144,1
3676,parole,/pɚoʊl/,,183,1
3677,parrot,/ˈpærət/,,295,1
3678,parsley,/pˈɑrsli/,,135,1
3679,parsnip,/pɑrrsnɪp/,是,127,1
3680,particles and antonyms,/ˈpɑːtikl/,,322,1
3681,partner,/ˈpɑːtnə/,,25,1
3682,pass,/pæs/,,222,4
3683,passenger,/ˈpæsindʒə/,,218,1
3684,passion fruit,/pˈæʃən frˈut/,,130,1
3685,Passover,/pˈæsoʊvɚ/,,29,1
3686,passport control,/pˈæspˌɔrt kəntroʊl/,,215,1
3687,pasta,/ˈpæstə/,,160,1
3688,pastels,/pæstˈɛlz/,,276,1
3689,pasteurized,/pˈæstʃɚˌaɪzd/,,139,1
3690,pasting brush,/pˈeɪstɪŋ brˈʌʃ/,,84,1
3691,pasting table,/pˈeɪstɪŋ tˈeɪbəl/,,84,1
3692,pastry,/pˈeɪstri/,,142,2
3693,pastry brush,/pˈeɪstri brˈʌʃ/,,71,1
3694,pasture,/ˈpæstʃə/,,184,1
3695,patch,/pˈætʃ/,,209,1
3696,patchwork,/pˈætʃwɝk/,,279,1
3697,path,/pɑːθ/,,87,1
3698,pathology,/pæˈθɑlədʒi/,,51,1
3699,patient,/ˈpeɪʃənt/,,47,1
3700,pattern,/ˈpætən/,,278,1
3701,pause,/pɑːz/,,271,1
3702,pavement,/ˈpeɪvmənt/,,300,1
3703,paving,/ˈpeɪviŋ/,,87,1
3704,pawn,/pɑːn/,,274,1
3705,pay in,/pˈeɪ ɪn/,,98,1
3706,pay per view channel watch television,/pˈeɪ pɝ vjˈu tʃˈænəl wˈɑtʃ tˈɛləvˌɪʒən/,,271,1
3707,paying-in slips,/slip/,,98,1
3708,payment,/ˈpeɪmənt/,,98,1
3709,payroll,/ˈpeɪroʊl/,,177,1
3710,peach,/piːtʃ/,,128,2
3711,peacock,/ˈpiːkɑk/,,295,1
3712,peanut,/ˈpiːnʌt/,,131,1
3713,peanut butter,/pˈinət bˈʌtɚ/,,137,1
3714,peanuts,/ˈpiːnʌt/,,153,1
3715,pear,/pɛr/,,128,1
3716,pecan,/pəkˈɑn/,,131,1
3717,pectoral,/pˈɛktɚəl/,,18,1
3718,pectoral fin,/pˈɛktɚəl fˈɪn/,,296,1
3719,pedal,/ˈpedl/,,63,3
3720,pedestrian crossing,/pədˈɛstriən krˈɔsɪŋ/,,197,1
3721,pedestrian zone,/pədˈɛstriən zoʊn/,,301,1
3722,pedicure,/pˈɛdɪkjɚ/,,43,1
3723,pediment,/pɛdɪmɛnt/,是,303,1
3724,peel,/piːl/,,69,1
3725,peeled prawns,/pˈild prˈɔnz/,,122,1
3726,peeler,/ˈpiːlə/,,70,1
3727,pelvis,/ˈpelvis/,,19,1
3728,pen,/pen/,,165,2
3729,penalty,/ˈpenəlti/,,225,1
3730,penalty area,/pˈɛnəlti ˈɛriə/,,225,1
3731,pencil,/ˈpensl/,,165,3
3732,pendant,/pˈɛndənt/,,38,1
3733,penfriend,/pɛnfrind/,是,26,1
3734,penguin,/ˈpengwin/,,294,1
3735,peninsula,/piˈninsjulə/,,284,1
3736,penis,/pˈinɪs/,,23,1
3737,pentagon,/ˈpentəgən/,,166,1
3738,peony,/ˈpiːəni/,,113,1
3739,PEOPLE,/ˈpiːpl/,,13,17
3740,people carrier,/pˈipəl kˈæriɚ/,,201,1
3741,pepper,/ˈpepə/,,66,3
3742,peppercorn,/pɛppɛrrkɔrrn/,是,134,1
3743,pepperoni,/pˌɛpɚoʊni/,,144,1
3744,percentage,/pɚsˈɛntədʒ/,,167,1
3745,percussion,/pəːˈkʌʃən/,,259,1
3746,perennial,/pɚˈɛniəl/,,88,1
3747,perfume,/ˈpəːfjuːm/,,43,1
3748,perfumery,/pɛrrfʌmɛrraɪ/,是,107,1
3749,pergola,/pɝgələ/,,86,1
3750,periodical,/pˌɪriˈɑdɪkəl/,,170,1
3751,perm,/pəːm/,,41,1
3752,permit,/pɚmˈɪt/,,247,1
3753,perpendicular,/pɝpəndˈɪkjəlɚ/,,167,1
3754,persimmon,/pəˈsimən/,,130,1
3755,personal best,/pɝsɪnəl bˈɛst/,,236,1
3756,personal CD player,/pɝsɪnəl sˌidˈi plˈeɪɚ/,,270,1
3757,personal organizer,/pɝsɪnəl ˈɔrgənˌaɪzɚ/,,175,1
3758,personal trainer,/pɝsɪnəl trˈeɪnɚ/,,252,1
3759,personnel department,/pɝsənˈɛl dɪpˈɑrtmənt/,,177,1
3760,Peru,/pəˈruː/,,317,1
3761,pesticide,/ˈpestisaɪd/,,91,2
3762,pestle,/pɛstlɛ/,是,70,2
3763,pet food,/pˈɛt fˈud/,,109,1
3764,pet shop,/pˈɛt ʃˈɑp/,,117,1
3765,petal,/pˈɛtəl/,,299,1
3766,petri dish,/pˈɛtri dˈɪʃ/,,168,1
3767,petrol,/ˈpetrəl/,,201,1
3768,petrol pump,/pˈɛtroʊl pˈʌmp/,,201,1
3769,petrol tank,/pˈɛtroʊl tˈæŋk/,,205,1
3770,pharmacist,/fˈɑrməsɪst/,,110,2
3771,pharynx,/ˈfæriŋks/,,21,1
3772,pheasant,/fˈɛzənt/,,295,1
3773,Philippines,/ˈfilipiːnz/,,321,1
3774,phillips screwdriver,/fˈɪlɪps skrˈudrˌaɪvɚ/,,82,1
3775,philosophy,/fiˈlɑsəfi/,,171,1
3776,photo,/ˈfoʊtoʊ/,,236,1
3777,photo album,/foʊtoʊ ˈælbəm/,,273,1
3778,photo frame,/foʊtoʊ frˈeɪm/,,273,1
3779,photofit,/fɑtɑfɪt/,是,183,1
3780,photograph,/foʊtəgrˌæf/,,273,1
3781,photographer,/fəˈtɔrəfə/,,193,1
3782,photography,/fəˈtɑgrəfi/,,272,1
3783,physical,/ˈfizikl/,,164,1
3784,physics,/ˈfiziks/,,164,2
3785,physiotherapy,/fɪsɪɑθɛrræpaɪ/,是,51,1
3786,piccolo,/pˈɪkəloʊ/,,259,1
3787,pick,/pik/,,93,1
3788,pick and mix,/pˈɪk ənd mˈɪks/,,115,1
3789,pickaxe,/pɪkæks/,是,189,1
3790,pickled,/ˈpikld/,,161,1
3791,pickup,/ˈpikʌp/,,260,1
3792,picnic,/ˈpiknik/,,265,1
3793,picnic bench,/pˈɪknˌɪk bˈɛntʃ/,,268,1
3794,pie tin,/pˈaɪ tˈɪn/,,71,1
3795,piece,/piːs/,,274,1
3796,pies,/paɪ/,,145,1
3797,pig,/pig/,,187,1
3798,pig farm,/pˈɪg fˈɑrm/,,185,1
3799,pigeon,/ˈpidʒin/,,294,1
3800,pigeonhole,/pˈɪdʒənhoʊl/,,102,1
3801,piglet,/pˈɪglɪt/,,187,1
3802,pigsty,/pˈɪgstˌaɪ/,,187,1
3803,pigtails,/pɪɡteɪls/,是,41,1
3804,Pilates,/pɪlˈɑtˌis/,,253,1
3805,pill,/pil/,,23,2
3806,pillar,/ˈpilə/,,302,1
3807,pillion,/pˈɪljən/,,206,1
3808,pillow,/ˈpiloʊ/,,72,1
3809,pillowcase,/pɪlloʊkæs/,是,73,1
3810,pilot,/ˈpaɪlət/,,192,2
3811,pin,/pin/,,62,3
3812,pin number,/pˈɪn nˈʌmbɚ/,,98,1
3813,pincushion,/pɪnkʌʃɪɑn/,是,278,1
3814,pine,/paɪn/,,298,1
3815,pine nut,/pˈaɪn nˈʌt/,,131,1
3816,pineapple,/ˈpaɪn/,,130,1
3817,pineapple juice tomato juice,/pˈaɪnˌæpəl dʒˈus təmˈeɪtoʊ dʒˈus/,,151,1
3818,pink,/piŋk/,,276,1
3819,pint,/pˈaɪnt/,,313,1
3820,pinto beans,/pˈɪntoʊ bˈinz/,,133,1
3821,pip,/pˈɪp/,,130,1
3822,pipe,/paɪp/,,63,3
3823,pipette,/pˌaɪpˈɛt/,,169,1
3824,pistachio,/piˈstɑːʃioʊ/,,131,1
3825,pitch,/pˈɪtʃ/,,227,4
3826,pitch a tent,/pˈɪtʃ ə tˈɛnt/,,268,1
3827,pitcher,/pˈɪtʃɚ/,,153,1
3828,pitcher’s mound,/pˈɪtʃɚ ˈɛs mˈaʊnd/,,230,1
3829,pitches available,/pˈɪtʃɪz əvˈeɪləbəl/,,268,1
3830,pith,/pˈɪθ/,,128,1
3831,pitta bread,/bred/,,141,1
3832,pizza,/ˈpiːtsə/,,156,2
3833,pizza parlour,/pˈitsə pˈɑrlɚ/,,156,1
3834,place mat,/plˈeɪs mˈæt/,,66,1
3835,place setting,/plˈeɪs sˈɛtɪŋ/,,67,1
3836,placenta,/pləsˈɛntə/,,54,1
3837,plain,/pleɪn/,,141,1
3838,plain chocolate,/plˈeɪn tʃˈɔklət/,,115,1
3839,plait,/plˈeɪt/,,41,1
3840,plane,/pleɪn/,,83,1
3841,planet,/ˈplænit/,,282,1
3842,plant,/plænt/,,185,1
3843,plant pot,/plˈænt pˈɑt/,,91,1
3844,plants,/plænt/,,298,1
3845,plaque,/plˈæk/,,52,1
3846,plaster,/ˈplæstə/,,49,2
3847,plastic bag,/plˈæstɪk bˈæg/,,124,1
3848,plastic pants,/plˈæstɪk pˈænts/,,32,1
3849,plastic surgery,/plˈæstɪk sɝdʒɚi/,,51,1
3850,plate,/pleɪt/,,67,2
3851,plateau,/plæˈtoʊ/,,286,1
3852,platform,/ˈplætfɑːm/,,210,1
3853,platform number,/plˈætfˌɔrm nˈʌmbɚ/,,210,1
3854,platform shoe,/plˈætfˌɔrm ʃˈu/,,39,1
3855,platinum,/ˈplætinəm/,,291,1
3856,play,/pleɪ/,,256,3
3857,player,/ˈpleɪr/,,223,3
3858,playground,/ˈpleɪgraʊnd/,,265,1
3859,playhouse,/plˈeɪhˌaʊs/,,77,1
3860,playing,/plˈeɪɪŋ/,,77,1
3861,playpen,/plˈeɪpˌɛn/,,77,1
3862,plea,/plˈi/,,182,1
3863,Please,/pliːz/,,324,1
3864,Please be on,/plˈiz bˈi ˈɑn/,,307,1
3865,Please call an,/plˈiz kˈɔl ˈæn/,,48,1
3866,Please speak more slowly,/plˈiz spˈik mˈɔr sloʊli/,,324,1
3867,Please write it down for me,/plˈiz rˈaɪt ˈɪt dˈaʊn fˈɔr mˈi/,,324,1
3868,Pleased to meet you,/plˈizd tˈu mˈit jˈu/,,324,1
3869,Plimsoll line,/laɪn/,,216,1
3870,plough,/plaʊ/,,185,1
3871,plug,/plʌg/,,74,1
3872,plum,/plʌm/,,128,1
3873,plumb line,/plˈʌm lˈaɪn/,,84,1
3874,plumber,/ˈplʌmə/,,190,1
3875,plumbing,/plˈʌmɪŋ/,,63,1
3876,plunger,/plˈʌndʒɚ/,,83,1
3877,plus,/plʌs/,,167,1
3878,Pluto,/plˈutoʊ/,,282,1
3879,plywood,/plˈaɪwˌʊd/,,81,1
3880,pneumatic drill,/numˈætɪk drˈɪl/,,189,1
3881,poach,/poʊtʃ/,,69,1
3882,pocket,/ˈpɑkit/,,34,1
3883,pod,/pˈɑd/,,124,1
3884,podium,/poʊdiəm/,,237,2
3885,point,/pɑint/,,275,1
3886,poisoning,/ˈpɑizəniŋ/,,48,1
3887,poker,/ˈpoʊkə/,,275,1
3888,Poland,/ˈpoʊlənd/,,318,1
3889,polar bear,/poʊlɚ bˈɛr/,,293,1
3890,pole,/poʊl/,,247,2
3891,pole vault,/poʊl vˈɔlt/,,236,1
3892,police,/pəˈliːs/,,96,1
3893,police car,/pəlˈis kˈɑr/,,96,1
3894,police station,/pəlˈis stˈeɪʃən/,,96,1
3895,policeman,/pəlˈismən/,,191,1
3896,polish,/ˈpɑliʃ/,,79,2
3897,politics,/ˈpɑlitiks/,,171,1
3898,polyester,/pˌɑlˌiˈɛstɚ/,,279,1
3899,pomegranate,/ˈpɑmgrænit/,,130,1
3900,pommel,/ˈpʌml/,,244,1
3901,pommel horse,/pˈɑməl hˈɔrs/,,237,1
3902,pond,/pɑnd/,,87,1
3903,ponytail,/poʊnitˌeɪl/,,41,1
3904,pool,/puːl/,,251,1
3905,popcorn,/ˈpɑpkɑːn/,,257,1
3906,poplar,/ˈpɑplə/,,298,1
3907,popper,/pˈɑpɚ/,,32,1
3908,poppy,/ˈpɑpi/,,299,1
3909,poppy seeds,/pˈɑpi sˈidz/,,140,1
3910,porch,/pɑːtʃ/,,60,1
3911,porch light,/pˈɔrtʃ lˈaɪt/,,60,1
3912,pore,/pˈɔr/,,17,1
3913,pork,/pɑːk/,,120,1
3914,porridge,/ˈpɑːridʒ/,,159,1
3915,port,/pɑːt/,,147,4
3916,portfolio investment,/pɔrtfoʊlioʊ ˌɪnvˈɛstmənt/,,99,1
3917,porthole,/pɔrrθɑlɛ/,是,216,1
3918,portion,/pˈɔrʃən/,,66,1
3919,portrait,/pˈɔrtrət/,,273,1
3920,Portugal,/ˈpɑːtʃugl/,,318,1
3921,positive electrode,/pˈɑzətɪv ˌɪlˈɛktroʊd/,,169,1
3922,postage,/poʊstədʒ/,,100,1
3923,postal code,/poʊstəl koʊd/,,100,1
3924,postal order,/poʊstəl ˈɔrdɚ/,,100,1
3925,postal worker,/poʊstəl wɝkɚ/,,100,1
3926,postbox,/pɑstbɑks/,是,101,1
3927,postcard,/poʊstkˌɑrd/,,114,1
3928,poster,/poʊstɚ/,,257,1
3929,poster paint,/poʊstɚ pˈeɪnt/,,276,1
3930,postgraduate,/ˈpoʊstˈrædjuit,ˈpoʊstˈrædʒuit/,,171,1
3931,postman,/ˈpoʊstmən/,,100,2
3932,postmark,/poʊstmˌɑrk/,,100,1
3933,pot plant,/pˈɑt plˈænt/,,112,1
3934,pot up,/pˈɑt ˈʌp/,,93,1
3935,potato,/pəˈteɪtoʊ/,,126,1
3936,potted plant,/pˈɑtɪd plˈænt/,,89,1
3937,potter’s wheel,/hwiːl/,,277,1
3938,potty,/pˈɑti/,,76,1
3939,pouch,/pˈaʊtʃ/,,293,1
3940,poultry,/poʊltri/,,121,1
3941,poultry farm,/poʊltri fˈɑrm/,,185,1
3942,pound,/paʊnd/,,312,1
3943,pour,/pɑː/,,69,1
3944,powder,/ˈpaʊdə/,,79,2
3945,powder puff,/pˈaʊdɚ pˈʌf/,,42,1
3946,powdered milk,/pˈaʊdɚd mˈɪlk/,,139,1
3947,power,/ˈpaʊr/,,62,1
3948,power cable,/pˈaʊɚ kˈeɪbəl/,,178,1
3949,power cut,/pˈaʊɚ kˈʌt/,,62,1
3950,practice swing,/prˈæktəs swˈɪŋ/,,235,1
3951,pram,/præm/,是,77,1
3952,praying mantis,/prˈeɪɪŋ mˈæntɪs/,,297,1
3953,pregnancy,/ˈpreɡnənsi/,,54,1
3954,pregnancy test,/prˈɛgnənsi tˈɛst/,,54,1
3955,pregnant,/ˈpregnənt/,,54,1
3956,premature,/prˌimətʃˈʊr/,,54,1
3957,premolar,/prɛmɑlɑrr/,是,52,1
3958,prerecorded,/prˌirikˈɔrdɪd/,,180,1
3959,prescription,/priˈskripʃən/,,47,1
3960,present,/ˈpreznt/,,29,1
3961,presenter,/prˈɛzəntɚ/,,180,1
3962,preservative,/prizɝvətɪv/,,85,1
3963,preserved fruit,/prəzɝvd frˈut/,,137,1
3964,press,/pres/,,180,1
3965,press-up,/prˈɛs ˈʌp/,,253,1
3966,presser foot,/prˈɛsɚ fˈʊt/,,278,1
3967,pressure,/ˈpreʃə/,,63,1
3968,price,/praɪs/,,154,2
3969,price list,/prˈaɪs lˈɪst/,,156,1
3970,prickly pear,/prˈɪkli pˈɛr/,,130,1
3971,primer,/prˈaɪmɚ/,,85,1
3972,primrose,/prˈɪmroʊz/,,299,1
3973,principality capital,/prˌɪnsɪpˈælɪti kˈæpətəl/,,317,1
3974,print,/print/,,174,2
3975,printer monitor,/prˈɪntɚ mˈɑnətɚ/,,178,1
3976,prison,/ˈprizn/,,183,1
3977,private bathroom,/prˈaɪvət bˈæθrˌum/,,102,1
3978,private jet,/prˈaɪvət dʒˈɛt/,,213,1
3979,private room,/prˈaɪvət rˈum/,,50,1
3980,probe,/proʊb/,,52,1
3981,problems,/ˈprɑbləm/,,273,1
3982,processed grains,/prˈɑsɛst grˈeɪnz/,,132,1
3983,procession,/prəsˈɛʃən/,,29,1
3984,processor,/prˈɑsˌɛsɚ/,,178,1
3985,producer,/prəˈdjuːsə/,,256,1
3986,program,/ˈproʊgræm/,,178,1
3987,programme,/proʊgrˌæm/,,256,2
3988,projector,/prəˈdʒektə/,,176,1
3989,promenade,/prˌɑmənˈeɪd/,,267,1
3990,propagate,/prˈɑpəgˌeɪt/,,93,1
3991,propeller,/prəpˈɛlɚ/,,213,2
3992,proposal,/prəˈpoʊzl/,,176,1
3993,prosciutto,/prəʃˈutoʊ/,,145,1
3994,prosecution,/prˌɑsəkjˈuʃən/,,182,1
3995,prostate,/prˈɑstˌeɪt/,,23,1
3996,protractor,/prɑtræktɔrr/,是,167,1
3997,proud,/praʊd/,,27,1
3998,prove strong,/prˈuv strˈɔŋ/,,141,1
3999,prow,/prˈaʊ/,,216,1
4000,prune,/prˈun/,,93,2
4001,psychiatry,/saɪˈkaɪrtri/,,51,1
4002,psychotherapy,/sˌaɪkoʊθˈɛrəpi/,,57,1
4003,public address system,/pˈʌblɪk ˈædrˌɛs sˈɪstəm/,,211,1
4004,puck,/pˈʌk/,,226,1
4005,pudding rice,/pˈʊdɪŋ rˈaɪs/,,132,1
4006,Puerto Rico,/pwˈɛrtoʊ rˈikoʊ/,,316,1
4007,puff pastry,/pˈʌf pˈeɪstri/,,142,1
4008,pull up,/pˈʊl ˈʌp/,,253,1
4009,pulp,/pˈʌlp/,,129,1
4010,pulse,/pˈʌls/,,49,1
4011,pumice,/pˈʌməs/,,290,1
4012,pumice stone,/pˈʌməs stoʊn/,,75,1
4013,pump,/pʌmp/,,209,1
4014,pumpkin,/ˈpʌmpkin/,,127,1
4015,pumpkin seed,/pˈʌmpkɪn sˈid/,,133,1
4016,punch bag,/pˈʌntʃ bˈæg/,,239,1
4017,puncture,/pˈʌŋktʃɚ/,,205,2
4018,pup,/pˈʌp/,,292,1
4019,pupil,/ˈpjuːpl/,,53,2
4020,puppy,/ˈpʌpi/,,292,1
4021,purple,/ˈpəːpl/,,276,1
4022,purse,/pɝs/,,39,1
4023,Push,/puʃ/,,324,1
4024,pushchair,/pʌʃtʃeɪr/,是,77,1
4025,putt,/pˈʌt/,,235,1
4026,putter,/ˈputə/,,235,1
4027,pyjamas,/pɪdʒæmæs/,是,35,1
4028,pyramid,/ˈpirəmid/,,166,1
4029,Q,/kjˈu/,,275,1
4030,Qatar,/ˈkɑːtər/,,320,1
4031,quadriceps,/kwˈɑdrəsˌɛps/,,18,1
4032,quail egg,/kwˈeɪl ˈɛg/,,139,1
4033,quart,/kwˈɔrt/,,313,1
4034,quarter past one,/kwˈɔrtɚ pˈæst wˈʌn/,,306,1
4035,quarter to two,/kwˈɔrtɚ tˈu tˈu/,,306,1
4036,quartz,/kwˈɔrts/,,291,1
4037,quay cargo,/kˈi kˈɑrgoʊ/,,218,1
4038,queen,/ˈkwiːn/,,274,2
4039,question,/ˈkwestʃən/,,165,1
4040,quiet,/ˈkwaɪrt/,,323,1
4041,quilt,/kwilt/,,73,1
4042,quilting,/kwˈɪltɪŋ/,,279,1
4043,quince,/kwˈɪns/,,130,1
4044,quinoa,/kˌinoʊə/,,132,1
4045,quiver,/kwˈɪvɚ/,,251,1
4046,rabbit,/ˈræbit/,,120,2
4047,raccoon,/rækˈun/,,292,1
4048,race,/reɪs/,,236,2
4049,racecourse,/ræsɛkaʊrs/,是,245,1
4050,racehorse,/rˈeɪshˌɔrs/,,245,1
4051,racing bike,/rˈeɪsɪŋ bˈaɪk/,,208,1
4052,racing driver,/rˈeɪsɪŋ drˈaɪvɚ/,,251,1
4053,rack,/ræk/,,168,1
4054,racquet,/rˈækɪt/,,232,1
4055,racquet games,/rˈækɪt gˈeɪmz/,,233,1
4056,racquetball,/rˈækətbˌɔl/,,233,1
4057,radar,/ˈreɪdə/,,216,2
4058,radiator,/rˈeɪdiˌeɪtɚ/,,62,2
4059,radicchio,/rædɪktʃɪɑ/,是,125,1
4060,radio,/ˈreɪdioʊ/,,181,2
4061,radio antenna,/rˈeɪdioʊ æntˈɛnə/,,216,1
4062,radio station,/rˈeɪdioʊ stˈeɪʃən/,,181,1
4063,radiology,/rˌeɪdiˈɑlədʒi/,,51,1
4064,radish,/ˈrædiʃ/,,126,1
4065,radius,/ˈreɪdiəs/,,19,2
4066,rafter,/rˈæftɚ/,,188,1
4067,rafting,/ˈrɑːftiŋ/,,243,1
4068,rail,/reɪl/,,210,1
4069,rail network,/rˈeɪl nˈɛtwɝk/,,211,1
4070,rainbow trout,/rˈeɪnboʊ trˈaʊt/,,122,1
4071,raincoat,/rˈeɪnkoʊt/,,33,2
4072,rainforest,/ˈreɪnˈfɔrist/,,287,1
4073,raisin,/rˈeɪzɪn/,,131,1
4074,rake,/reɪk/,,90,2
4075,rally,/rˈæli/,,232,1
4076,rally driving,/rˈæli drˈaɪvɪŋ/,,251,1
4077,RAM,/ræm/,,178,1
4078,Ramadan,/rˈæmədən/,,29,1
4079,ramekin,/ræmɛkɪn/,是,71,1
4080,rapeseed corn,/rˈeɪpsˌid kˈɔrn/,,186,1
4081,rapeseed oil,/rˈeɪpsˌid ˈɔɪl/,,137,1
4082,rapids,/ræpidz/,,243,2
4083,rarely,/ˈrɛrli/,,322,1
4084,rash,/ræʃ/,,46,1
4085,rasher,/ræʃɛrr/,是,121,1
4086,raspberry,/ˈræzbəri/,,129,1
4087,raspberry jam,/rˈæzbˌɛri dʒˈæm/,,136,1
4088,rat,/ræt/,,292,1
4089,rattle,/rˈætəl/,,76,1
4090,raw,/rɑː/,,126,2
4091,ray,/reɪ/,,296,1
4092,razor blade,/rˈeɪzɚ blˈeɪd/,,75,1
4093,razor-shell,/rˈeɪzɚ ʃˈɛl/,,123,1
4094,re-heat tray,/treɪ/,,156,1
4095,reading light,/rˈidɪŋ lˈaɪt/,,212,1
4096,reading room,/rˈidɪŋ rˈum/,,170,1
4097,reamer,/rˈimɚ/,,82,1
4098,rear light,/rˈɪr lˈaɪt/,,209,1
4099,rear wheel,/rˈɪr wˈil/,,199,1
4100,rearview mirror,/rˈɪrvju mˈɪrɚ/,,200,1
4101,rebound,/ribˈaʊnd/,,228,1
4102,receipt,/riˈsiːt/,,154,1
4103,receive,/riˈsiːv/,,179,1
4104,receiver,/rəsˈivɚ/,,101,1
4105,receptionist,/rɪsˈɛpʃənɪst/,,102,2
4106,rechargeable drill,/ritʃˈɑrdʒəbəl drˈɪl/,,80,1
4107,record,/riˈkɑːd/,,183,3
4108,record player,/rəkˈɔrd plˈeɪɚ/,,270,1
4109,record shop,/rəkˈɔrd ʃˈɑp/,,117,1
4110,rectangle,/ˈrektæŋgl/,,166,1
4111,rectum,/ˈrektəm/,,23,1
4112,recycling bin,/risˈaɪkəlɪŋ bˈɪn/,,63,1
4113,red,/red/,,147,1
4114,red card,/rˈɛd kˈɑrd/,,225,1
4115,red eye,/rˈɛd ˈaɪ/,,273,1
4116,red kidney beans,/rˈɛd kˈɪdni bˈinz/,,133,1
4117,red lentils,/rˈɛd lˈɛntəlz/,,133,1
4118,red meat,/rˈɛd mˈit/,,120,1
4119,red mullet,/rˈɛd mˈʌlət/,,122,1
4120,Red Sea,/rˈɛd sˈi/,,315,1
4121,redcurrant,/rɛdkɝrrænt/,是,129,1
4122,reduce,/riˈdjuːs/,,174,1
4123,Reduced price,/rədˈust prˈaɪs/,,324,1
4124,reel in,/rˈil ɪn/,,247,1
4125,refectory,/rɛfɛktɔrraɪ/,是,170,1
4126,referee,/rˌɛfɚˈi/,,224,3
4127,REFERENCE,/rˈɛfɚəns/,,305,21
4128,referral,/rɪfɝəl/,,51,1
4129,reflector,/rɪflˈɛktɚ/,,52,2
4130,reflector strap,/rɪflˈɛktɚ strˈæp/,,207,1
4131,reflexology,/,riːflekˈsɔlədʒi/,,56,1
4132,refrigerator,/riˈfridʒəreɪtə/,,69,1
4133,reggae,/ˈre,eɪ/,,261,1
4134,region,/ˈriːdʒən/,,317,1
4135,register,/ˈredʒistə/,,102,1
4136,registered post,/rˈɛdʒɪstɚd poʊst/,,100,1
4137,regulator,/rˈɛgjəlˌeɪtɚ/,,241,1
4138,reiki,/rˈeɪki/,,57,1
4139,reins,/rˈeɪnz/,,244,1
4140,relationships,/rɪˈleɪʃnʃɪps/,,26,1
4141,relatives,/ˈrelətiv/,,25,1
4142,relaxation,/rˌilæksˈeɪʃən/,,57,1
4143,relay race,/rˈilˌeɪ rˈeɪs/,,237,1
4144,release,/riˈliːs/,,247,1
4145,Renaissance,/rˌɛnəsˈɑns/,,303,1
4146,renew,/rɪnˈu/,,170,1
4147,rent,/rent/,,60,2
4148,repair kit,/rɪpˈɛr kˈɪt/,,209,1
4149,report,/riˈpɑːt/,,176,1
4150,reproduction,/rˌiprədˈʌkʃən/,,22,1
4151,reproductive,/rˌiprədˈʌktɪv/,,21,1
4152,reproductive organs,/rˌiprədˈʌktɪv ˈɔrgənz/,,22,1
4153,reptiles,/rˈɛptaɪlz/,,295,1
4154,Republic of the Congo,/ripˈʌblək ˈʌv ðə kˈɑŋgoʊ/,,319,1
4155,research,/riˈsəːtʃ/,,171,1
4156,reserve reading list,/rɪzɝv rˈidɪŋ lˈɪst/,,170,1
4157,residence,/ˈrezidəns/,,170,1
4158,Residents only,/rˈɛzɪdənts oʊnli/,,325,1
4159,respiratory,/riˈspaɪrrətəri/,,21,1
4160,rest,/rest/,,258,1
4161,restaurant,/ˈrestərɑŋ/,,103,2
4162,result,/riˈzʌlt/,,51,1
4163,resurfacing,/risɝfəsɪŋ/,,189,1
4164,resuscitation,/rɪsˌəsɪtˈeɪʃən/,,49,1
4165,retina,/rˈɛtənə/,,53,1
4166,retire,/riˈtaɪr/,,28,1
4167,return,/riˈtəːn/,,233,1
4168,return address,/rɪtɝn ˈædrˌɛs/,,100,1
4169,return date,/rɪtɝn dˈeɪt/,,170,1
4170,rev counter,/rˈɛv kˈaʊntɚ/,,203,1
4171,reverse,/riˈvəːs/,,197,1
4172,reverse charge call,/rɪvɝs tʃˈɑrdʒ kˈɔl/,,101,1
4173,rewind,/rˈiwaɪnd/,,271,1
4174,rhinoceros,/raɪˈnɑsərəs/,,293,1
4175,rhombus,/ˈrɑmbəs/,,166,1
4176,rhythmic gymnastics,/rˈɪðmɪk dʒɪmnˈæstɪks/,,237,1
4177,rib,/rib/,,19,2
4178,rib cage,/rˈɪb kˈeɪdʒ/,,19,1
4179,ribbon,/rˈɪbən/,,29,5
4180,ribs,/rib/,,157,1
4181,rice,/raɪs/,,132,2
4182,rice pudding,/rˈaɪs pˈʊdɪŋ/,,142,1
4183,rider,/rˈaɪdɚ/,,244,1
4184,riding boot,/rˈaɪdɪŋ bˈut/,,244,1
4185,riding hat,/rˈaɪdɪŋ hˈæt/,,244,1
4186,rigging,/rˈɪgɪŋ/,,217,2
4187,right,/raɪt/,,262,1
4188,right field,/rˈaɪt fˈild/,,231,1
4189,rim,/rˈɪm/,,208,1
4190,rind,/raɪnd/,,121,4
4191,ring,/riŋ/,,38,1
4192,ring finger,/rˈɪŋ fˈɪŋgɚ/,,17,1
4193,ring ties,/rˈɪŋ tˈaɪz/,,91,1
4194,rings,/riŋ/,,237,1
4195,rinse,/rins/,,40,2
4196,ripe,/raɪp/,,131,1
4197,rise,/raɪz/,,141,1
4198,river,/ˈrivə/,,286,1
4199,road bike,/roʊd bˈaɪk/,,208,1
4200,road markings,/roʊd mˈɑrkɪŋz/,,196,1
4201,road signs,/roʊd sˈaɪnz/,,197,2
4202,roads,/roʊd/,,196,1
4203,Roadworks,/ˈrəjdw\\\\ːk/,,189,2
4204,roadworks parking meter,/ˈrəjdw\\\\ːk/,,197,1
4205,roast,/roʊst/,,69,1
4206,roasted,/roʊstəd/,,131,1
4207,robe,/rɑb/,,40,2
4208,rock climbing,/rˈɑk klˈaɪmɪŋ/,,250,1
4209,rock garden,/rˈɑk gˈɑrdən/,,86,1
4210,rocket,/rˈɑkət/,,125,1
4211,rocks,/rɑk/,,286,2
4212,Rocky Mountains,/rˈɑki mˈaʊntənz/,,314,1
4213,rococo,/rəkoʊkoʊ/,,303,1
4214,rodeo,/roʊdioʊ/,,245,1
4215,roll,/roʊl/,,69,2
4216,Roll the,/roʊl ðə/,,275,1
4217,roller,/ˈroʊlə/,,85,2
4218,roller blind,/roʊlɚ blˈaɪnd/,,65,1
4219,roller coaster,/roʊlɚ koʊstɚ/,,264,1
4220,roller skating,/roʊlɚ skˈeɪtɪŋ/,,251,1
4221,rollerblading,/roʊlɚblˌeɪdɪŋ/,,265,1
4222,rollerskate,/rɑllɛrrskæt/,是,251,1
4223,romance,/roʊˈmæns/,,257,1
4224,Romania,/roʊˈmeɪnjə/,,318,1
4225,romper suit,/sjuːt/,,32,1
4226,roof,/ruːf/,,60,2
4227,roof garden,/rˈuf gˈɑrdən/,,86,1
4228,roof tile,/rˈuf tˈaɪl/,,189,1
4229,roofrack,/rufræk/,是,200,1
4230,rook,/rˈʊk/,,274,1
4231,room,/ruːm/,,60,1
4232,room key,/rˈum kˈi/,,102,1
4233,room number,/rˈum nˈʌmbɚ/,,102,1
4234,rooms,/ruːm/,,102,1
4235,root,/ruːt/,,52,3
4236,roots,/ruːt/,,41,1
4237,rope,/roʊp/,,250,1
4238,rose,/roʊz/,,91,2
4239,rosemary,/roʊzmˌɛri/,,135,1
4240,rotor blade,/roʊtɚ blˈeɪd/,,213,1
4241,rotten,/ˈrɑtn/,,129,1
4242,rough,/rʌf/,,234,1
4243,round,/raʊnd/,,239,1
4244,round neck,/rˈaʊnd nˈɛk/,,35,1
4245,roundabout,/ˈraʊndə/,,197,1
4246,route number,/rˈut nˈʌmbɚ/,,198,1
4247,router,/ˈruːtə(r),ˈraj-/,,80,1
4248,row,/roʊ/,,212,2
4249,rower,/roʊɚ/,,243,1
4250,rowing boat,/roʊɪŋ boʊt/,,216,1
4251,rowing machine,/roʊɪŋ məʃˈin/,,252,1
4252,rubber,/ˈrʌbə/,,165,1
4253,rubber boots,/rˈʌbɚ bˈuts/,,91,1
4254,rubber ring,/rˈʌbɚ rˈɪŋ/,,267,1
4255,rubber stamp,/rˈʌbɚ stˈæmp/,,175,1
4256,rubbish bin,/rˈʌbɪʃ bˈɪn/,,63,2
4257,ruby,/rˈubi/,,290,1
4258,rudder,/rˈʌdɚ/,,212,2
4259,rug,/rˈʌg/,,65,1
4260,rugby,/ˈrʌbi/,,223,1
4261,rugby strip,/rˈʌgbi strˈɪp/,,223,1
4262,ruler,/ˈruːlə/,,167,1
4263,rum,/rʌm/,,147,1
4264,rum and coke,/rˈʌm ənd koʊk/,,153,1
4265,run,/rʌn/,,230,2
4266,runner bean,/rˈʌnɚ bˈin/,,124,1
4267,runway,/rˈʌnwˌeɪ/,,214,1
4268,rush,/rʌʃ/,,88,1
4269,rush hour,/rˈʌʃ ˈaʊɚ/,,211,1
4270,Russian Federation,/rˈʌʃən fˌɛdɚˈeɪʃən/,,320,1
4271,Rwanda,/rjˈændə/,,319,1
4272,rye bread,/rˈaɪ brˈɛd/,,140,1
4273,sad,/sæd/,,27,1
4274,saddle,/sˈædəl/,,208,2
4275,safari park,/səfˈɑri pˈɑrk/,,264,1
4276,safe,/seɪf/,,230,1
4277,safety,/ˈseɪfti/,,77,2
4278,safety barrier,/sˈeɪfti bˈæriɚ/,,248,1
4279,safety goggles,/sˈeɪfti gˈɑgəlz/,,83,2
4280,safety pin,/sˈeɪfti pˈɪn/,,49,1
4281,saffron,/sˈæfrən/,,134,1
4282,sage,/seɪdʒ/,,135,1
4283,Sahara Desert,/səhˈɛrə dˈɛzɚt/,,315,1
4284,sail,/seɪl/,,243,1
4285,sailboat,/ˈseɪlboʊt/,,217,1
4286,sailing,/ˈseɪliŋ/,,242,1
4287,sailor,/ˈseɪlə/,,191,1
4288,salad,/ˈsæləd/,,151,1
4289,salamander,/sˌæləmˈændɚ/,,296,1
4290,salami,/səlˈɑmi/,,144,1
4291,salary,/ˈsæləri/,,177,1
4292,Sale,/seɪl/,,324,1
4293,sales assistant,/sˈeɪlz əsˈɪstənt/,,106,1
4294,sales department,/sˈeɪlz dɪpˈɑrtmənt/,,177,1
4295,saloon,/səlˈun/,,201,1
4296,salt,/sɑːlt/,,66,2
4297,salted,/ˈsɑːltid/,,131,3
4298,salted frozen,/sˈɔltɪd froʊzən/,,123,1
4299,San Marino,/sˈæn mɚˈinoʊ/,,318,1
4300,sand,/sænd/,,84,3
4301,sandal,/sˈændəl/,,39,1
4302,sandals,/sˈændəlz/,,33,1
4303,sandcastle,/sændkæstlɛ/,是,267,1
4304,sander,/sˈændɚ/,,80,1
4305,sandpaper,/sˈændpˌeɪpɚ/,,83,2
4306,sandpit,/sændpɪt/,是,265,1
4307,sandstone,/sˈændstoʊn/,,290,1
4308,sandwich,/ˈsændwitʃ/,,157,1
4309,sanitary towel,/sˈænɪtˌɛri tˈaʊəl/,,110,1
4310,sapphire,/sˈæfaɪɚ/,,290,1
4311,sardine,/sɑrdˈin/,,122,1
4312,Sardinia,/sɑrdˈiniə/,,318,1
4313,satellite,/ˈsætlaɪt/,,283,1
4314,satellite dish,/sˈætəlˌaɪt dˈɪʃ/,,271,1
4315,satellite navigation,/sˈætəlˌaɪt nˈævəgˈeɪʃən/,,203,1
4316,satsuma,/sˌætsˈumə/,,128,1
4317,Saturday Sunday,/sˈætɚdi sˈʌndˌeɪ/,,308,1
4318,Saturn,/ˈsætən/,,282,1
4319,sauce,/sɑːs/,,137,3
4320,saucepan,/ˈsɑːspən/,,71,1
4321,Saudi Arabia,/sˈɔdi ərˈeɪbiə/,,320,1
4322,sauna,/sˈɔnə/,,252,1
4323,sausage,/ˈsɑsidʒ/,,157,2
4324,sausages,/ˈsɑsɪdʒɪz/,,120,1
4325,save,/seɪv/,,179,2
4326,savings,/ˈseɪviŋz/,,98,1
4327,savings account,/sˈeɪvɪŋz əkˈaʊnt/,,98,1
4328,savoury,/sævaʊraɪ/,是,157,1
4329,saw,/sɑː/,,81,1
4330,saxophone,/ˈsæksəfoʊn/,,259,1
4331,scaffolding,/skˈæfəldɪŋ/,,188,1
4332,scale,/skeɪl/,,123,3
4333,scales,/skeɪl/,,47,7
4334,scallop,/ˈskɑləp/,,123,1
4335,scalp dandruff,/skˈælp dˈændrəf/,,41,1
4336,scalpel,/ˈskælpəl/,,83,2
4337,scan,/skæn/,,50,2
4338,scanner,/skˈænɚ/,,178,1
4339,scarecrow,/skˈærkroʊ/,,186,1
4340,scared,/skɛrd/,,27,1
4341,scarf,/skɑːf/,,33,2
4342,schist,/ʃˈɪst/,,290,1
4343,scholarship,/ˈskɑləʃip/,,171,1
4344,school,/skuːl/,,164,2
4345,school bag,/skˈul bˈæg/,,164,1
4346,school uniform,/skˈul jˈunəfˌɔrm/,,164,1
4347,schoolgirl,/skˈulgɝl/,,164,1
4348,schools,/skuːl/,,171,1
4349,science,/ˈsaɪrns/,,164,3
4350,scientist,/ˈsaɪrntist/,,192,1
4351,scissors,/ˈsizəz/,,40,5
4352,scoop,/skuːp/,,70,2
4353,score,/skɑː/,,222,3
4354,score a goal,/skˈɔr ə goʊl/,,225,1
4355,scoreboard,/skˈɔrbˌɔrd/,,227,1
4356,scorpion,/skˈɔrpiən/,,297,1
4357,scotch and water,/skˈɑtʃ ənd wˈɔtɚ/,,153,1
4358,scrambled eggs,/skrˈæmbəld ˈɛgz/,,159,1
4359,scrape,/skrˈeɪp/,,79,1
4360,scraper,/skrˈeɪpɚ/,,84,1
4361,screen,/skriːn/,,65,5
4362,screen wash reservoir,/skrˈin wˈɑʃ rˈɛzəvwˌɑr/,,204,1
4363,screenwash,/skrinwæʃ/,是,201,1
4364,screw,/skruː/,,82,1
4365,screwdriver,/ˈskruːdraɪvə/,,82,1
4366,screwdriver bits,/skrˈudrˌaɪvɚ bˈɪts/,,82,1
4367,script,/skrˈɪpt/,,256,1
4368,scrollbar,/skrɑllbɑrr/,是,179,1
4369,scrotum,/skrɑtʌm/,是,23,1
4370,scrub,/skrʌb/,,79,1
4371,scuba diving,/skˈubə dˈaɪvɪŋ/,,241,1
4372,sculpting,/skˈʌlptɪŋ/,,277,1
4373,sculptor,/skˈʌlptɚ/,,193,1
4374,sea,/siː/,,266,2
4375,sea bass,/sˈi bˈæs/,,122,1
4376,sea bream,/sˈi brˈim/,,122,1
4377,sea horse,/sˈi hˈɔrs/,,296,1
4378,sea lion,/sˈi lˈaɪən/,,292,1
4379,sea plane,/sˈi plˈeɪn/,,213,1
4380,seafood,/ˈsiːfuːd/,,123,1
4381,seal,/siːl/,,292,1
4382,sealant,/sˈilənt/,,85,1
4383,sealed jar,/sˈild dʒˈɑr/,,137,1
4384,seam,/sˈim/,,36,1
4385,seamstress,/sˈimstrɪs/,,193,1
4386,search,/səːtʃ/,,179,1
4387,seasonal,/ˈsiːznəl/,,131,1
4388,seasons,/ˈsiːzn/,,309,1
4389,seat,/siːt/,,66,6
4390,seat back,/sˈit bˈæk/,,212,1
4391,seat belt,/sˈit bˈɛlt/,,200,2
4392,seat post,/sˈit poʊst/,,208,1
4393,seat thermostat,/sˈit θɝməstˌæt/,,63,1
4394,secateurs,/sˈeɪkətɚz/,,91,1
4395,second,/ˈsekənd/,,306,2
4396,second floor,/sˈɛkənd flˈɔr/,,106,1
4397,second hand,/sˈɛkənd hˈænd/,,306,1
4398,second-hand shop launderette,/ˈsekəndˈhænd/,,117,1
4399,section,/ˈsekʃən/,,154,1
4400,security,/siˈkjuriti/,,214,1
4401,security bit,/sɪkjˈʊrəti bˈɪt/,,82,1
4402,security guard,/sɪkjˈʊrəti gˈɑrd/,,191,1
4403,sedative,/sˈɛdətɪv/,,111,1
4404,sedimentary,/sˌɛdəmˈɛntɚi/,,290,1
4405,See you later,/sˈi jˈu lˈeɪtɚ/,,324,1
4406,seed,/siːd/,,124,2
4407,seed tray,/sˈid trˈeɪ/,,91,1
4408,seeded bread,/sˈidɪd brˈɛd/,,141,1
4409,seedless,/sidlɛss/,是,129,1
4410,seedling,/ˈsiːdliŋ/,,93,1
4411,seeds,/siːd/,,90,2
4412,seesaw,/sˈisˌɔ/,,265,1
4413,segment,/ˈsegmənt/,,128,1
4414,self defence,/sˈɛlf dɪfˈɛns/,,239,1
4415,self-raising,/sˈɛlf rˈeɪzɪŋ/,,141,1
4416,self-tanning cream,/kriːm/,,43,1
4417,semi-hard cheese,/tʃiːz/,,138,1
4418,semi-skimmed milk,/milk/,,138,1
4419,semidetached,/sɛmɪdɛtætʃɛd/,是,60,1
4420,seminal vesicle,/sˈɛmənəl vˈɛzɪkəl/,,23,1
4421,semolina,/sˌɛməlˈinə/,,132,1
4422,send,/send/,,179,1
4423,send off,/sˈɛnd ˈɔf/,,225,1
4424,Senegal,/sˌɛnəgˈɔl/,,319,1
4425,sensitive,/ˈsensitiv/,,43,1
4426,sentence,/ˈsentəns/,,183,1
4427,September,/sepˈtembə/,,308,1
4428,Serbia Vatican City,/sɝbiə vˈætɪkən sˈɪti/,,318,1
4429,series,/ˈsiəriːz/,,180,1
4430,serve,/səːv/,,66,3
4431,server,/sɝvɚ/,,178,1
4432,service included,/sɝvəs ˌɪnklˈudəd/,,154,1
4433,service line,/sɝvəs lˈaɪn/,,232,1
4434,service not included smoking section,/sɝvəs nˈɑt ˌɪnklˈudəd smoʊkɪŋ sˈɛkʃən/,,154,1
4435,service provider,/sɝvəs prəvˈaɪdɚ/,,179,1
4436,service vehicle,/sɝvəs vˈihɪkəl/,,214,1
4437,SERVICES,/ˈsəːvis/,,95,10
4438,serving spoon,/sɝvɪŋ spˈun/,,70,1
4439,sesame seed,/sˈɛsəmi sˈid/,,133,2
4440,set,/set/,,40,4
4441,set honey,/sˈɛt hˈʌni/,,136,1
4442,set sail,/sˈɛt sˈeɪl/,,219,1
4443,set square,/sˈɛt skwˈɛr/,,167,1
4444,set the alarm,/sˈɛt ðə əlˈɑrm/,,73,1
4445,seven,/ˈsevn/,,310,1
4446,seven hundred,/sˈɛvən hˈʌndrəd/,,310,1
4447,seventeen,/sˈɛvəntˈin/,,310,1
4448,seventeenth,/sˈɛvəntˈinθ/,,311,1
4449,seventh,/ˈsevnθ/,,311,1
4450,seventieth,/sˈɛvəntiɪθ/,,311,1
4451,seventy,/sˈɛvənti/,,310,1
4452,sew,/soʊ/,,279,1
4453,sexually transmitted disease,/sˈɛkʃuəli trænsmˈɪtɪd dɪzˈiz/,,22,1
4454,shade,/ʃˈeɪd/,,43,1
4455,shade plant,/ʃˈeɪd plˈænt/,,89,1
4456,shallot,/ʃɔlllɑt/,是,127,1
4457,shampoo,/ʃæmˈpuː/,,40,1
4458,shapes,/ʃeɪp/,,166,1
4459,share price,/ʃˈɛr prˈaɪs/,,99,1
4460,shares,/ʃɛr/,,99,1
4461,shark,/ʃɑːk/,,296,1
4462,sharp,/ʃɑːp/,,258,1
4463,sharpener,/ˈʃɑːpnə/,,165,1
4464,sharpening stone,/ʃˈɑrpənɪŋ stoʊn/,,83,1
4465,shaving,/ʃˈeɪvɪŋ/,,75,1
4466,shaving foam,/ʃˈeɪvɪŋ foʊm/,,75,1
4467,shears,/ʃiəz/,,91,1
4468,shed,/ʃed/,,87,1
4469,sheep,/ʃiːp/,,187,1
4470,sheep farm,/ʃˈip fˈɑrm/,,185,1
4471,sheep's milk,/ʃˈips mˈɪlk/,,139,1
4472,sheet,/ʃiːt/,,73,3
4473,shelf,/ʃelf/,,108,1
4474,shelf burner,/ʃˈɛlf bɝnɚ/,,69,1
4475,shell,/ʃel/,,131,4
4476,shelled green,/ʃˈɛld grˈin/,,131,1
4477,shelves,/ʃˈɛlvz/,,68,1
4478,sherry,/ʃˈɛri/,,147,1
4479,shiatsu,/ʃɪætsʌ/,是,56,1
4480,shield,/ʃˈild/,,90,1
4481,shin,/ʃˈɪn/,,14,1
4482,ship,/ʃip/,,216,1
4483,shipyard,/ʃˈɪpjˌɑrd/,,219,1
4484,shirt,/ʃəːt/,,34,1
4485,shock,/ʃɑk/,,49,1
4486,shocked,/ʃɔkt/,,27,1
4487,shoe department,/ʃˈu dɪpˈɑrtmənt/,,106,1
4488,shoe shop,/ʃˈu ʃˈɑp/,,116,1
4489,shoes,/ʃuː/,,36,2
4490,shoot,/ʃuːt/,,225,2
4491,shop,/ʃɑp/,,300,1
4492,shop assistant,/ʃˈɑp əsˈɪstənt/,,190,1
4493,SHOPPING,/ˈʃɑpiŋ/,,105,13
4494,shopping bag,/ʃˈɑpɪŋ bˈæg/,,108,1
4495,shopping centre,/ʃˈɑpɪŋ sˈɛntɚ/,,106,1
4496,short,/ʃɑːt/,,34,2
4497,short sight,/ʃˈɔrt sˈaɪt/,,53,1
4498,short wave,/ʃˈɔrt wˈeɪv/,,181,1
4499,shorts,/ʃɔts/,,32,2
4500,shotput,/ʃɑtpʌt/,是,236,1
4501,shoulder,/ˈʃoʊldə/,,15,1
4502,shoulder bag,/ʃoʊldɚ bˈæg/,,39,1
4503,shoulder pad underwired,/ˈʃoʊldə/,,37,1
4504,shoulder strap,/ʃoʊldɚ strˈæp/,,39,1
4505,shout,/ʃˈaʊt/,,27,1
4506,shovel,/ʃˈʌvəl/,,189,1
4507,shower,/ˈʃaʊr/,,74,2
4508,shower block,/ʃˈaʊɚ blˈɑk/,,268,1
4509,shower curtain,/ʃˈaʊɚ kɝtən/,,74,1
4510,shower door,/ʃˈaʊɚ dˈɔr/,,74,1
4511,shower gel,/ʃˈaʊɚ dʒˈɛl/,,75,1
4512,shower head,/ʃˈaʊɚ hˈɛd/,,74,1
4513,showjumping,/ʃoʊdʒʌmpɪŋ/,是,245,1
4514,shutoff valve,/ʃʌtɑff vˈælv/,是,63,1
4515,shutter,/ˈʃʌtə/,,60,1
4516,shutter release,/ʃˈʌtɚ rilˈis/,,272,1
4517,shutter-speed dial,/ʃˈʌtɚ spˈid dˈaɪəl/,,272,1
4518,shuttlecock,/ʃʌttlɛkɑk/,是,233,1
4519,shy,/ʃaɪ/,,27,1
4520,Siberia,/saɪbˈɪriə/,,315,1
4521,Sicily,/sˈɪsəli/,,318,1
4522,sick,/sik/,,323,1
4523,side order,/sˈaɪd ˈɔrdɚ/,,155,1
4524,side plate,/sˈaɪd plˈeɪt/,,67,1
4525,side street,/sˈaɪd strˈit/,,301,1
4526,side-effects,/sˈaɪd ɪfˈɛkts/,,111,1
4527,side-saddle,/sˈaɪd sˈædəl/,,244,1
4528,sidedeck,/sɪdɛdɛk/,是,242,1
4529,sideline,/sˈaɪdlˌaɪn/,,228,2
4530,Sierra Leone,/siˈɛrə lioʊn/,,319,1
4531,sieve,/siv/,,70,3
4532,sigh,/saɪ/,,27,1
4533,sightseeing,/ˈsaɪtsiːiŋ/,,262,1
4534,sign,/saɪn/,,106,1
4535,signal,/ˈsignl/,,211,1
4536,signature,/ˈsignətʃə/,,98,2
4537,signs,/saɪn/,,324,1
4538,silencer,/sˈaɪlənsɝ/,,205,2
4539,silk,/silk/,,279,1
4540,silo,/sˈaɪloʊ/,,185,1
4541,silt,/sˈɪlt/,,87,1
4542,silver,/ˈsilvə/,,237,2
4543,simmer,/ˈsimə/,,69,1
4544,Singapore,/sˈɪŋəpˌɔr/,,320,1
4545,singer,/ˈsiŋə/,,193,1
4546,single,/ˈsiŋgl/,,153,1
4547,single bed,/sˈɪŋgəl bˈɛd/,,73,1
4548,single cream,/sˈɪŋgəl krˈim/,,139,1
4549,single room,/sˈɪŋgəl rˈum/,,102,1
4550,singles,/ˈsiŋgl/,,232,1
4551,sink,/siŋk/,,40,3
4552,sinus,/sˈaɪnəs/,,21,1
4553,siren,/sˈaɪrən/,,96,1
4554,sirloin steak,/steɪk/,,121,1
4555,sister,/ˈsistə/,,24,1
4556,sister-in-law,/sˈɪstɚɪnlˌɔ/,,25,1
4557,sit-up,/sˈɪt ˈʌp/,,253,1
4558,site manager’s,/saɪt/,,268,1
4559,six,/siks/,,310,1
4560,six hundred,/sˈɪks hˈʌndrəd/,,310,1
4561,sixteen,/ˈsiksˈtiːn/,,310,1
4562,sixteenth,/sɪkstˈinθ/,,311,1
4563,sixth,/siksθ/,,311,1
4564,sixtieth,/sˈɪkstiɪθ/,,311,1
4565,sixty,/sˈɪksti/,,310,1
4566,skate,/skˈeɪt/,,122,4
4567,skate wings,/skˈeɪt wˈɪŋz/,,122,1
4568,skateboard,/skˈeɪtbˌɔrd/,,251,1
4569,skateboarding,/ˈskeɪt/,,251,2
4570,skeleton,/ˈskelətn/,,19,1
4571,sketch,/sketʃ/,,277,1
4572,skewer,/skjˈuɚ/,,70,1
4573,ski,/skiː/,,243,2
4574,ski boot,/skˈi bˈut/,,248,1
4575,ski jump,/skˈi dʒˈʌmp/,,249,1
4576,ski pole,/skˈi poʊl/,,248,1
4577,ski run,/skˈi rˈʌn/,,248,1
4578,ski slope,/skˈi sloʊp/,,248,1
4579,ski suit,/skˈi sˈut/,,248,1
4580,skier,/skˈaɪr/,,248,1
4581,skiing,/ˈskiːiŋ/,,248,1
4582,skimmed milk,/skˈɪmd mˈɪlk/,,138,1
4583,skin,/skin/,,16,3
4584,skin care,/skˈɪn kˈɛr/,,110,1
4585,skinned boned,/skˈɪnd boʊnd/,,123,1
4586,skipping,/skˈɪpɪŋ/,,253,1
4587,skirt,/skəːt/,,32,2
4588,skull,/skʌl/,,19,1
4589,skydiving,/skˈaɪdaɪvɪŋ/,,250,1
4590,skyscraper,/ˈskaɪskreɪpə/,,301,2
4591,slalom,/slˈɑləm/,,249,1
4592,slate,/slˈeɪt/,,290,1
4593,sledding,/slˈɛdɪŋ/,,249,1
4594,sledgehammer,/slˈɛdʒhˌæmɚ/,,189,1
4595,sleeping,/ˈsliːpiŋ/,,76,1
4596,sleeping bag,/slˈipɪŋ bˈæg/,,269,1
4597,sleeping compartment,/slˈipɪŋ kəmpˈɑrtmənt/,,211,1
4598,sleeping mat,/slˈipɪŋ mˈæt/,,269,1
4599,sleeping pill,/slˈipɪŋ pˈɪl/,,111,1
4600,sleepsuit,/slipsut/,是,32,1
4601,sleet,/sliːt/,,288,1
4602,sleeve,/sliːv/,,36,1
4603,sleeveless,/slˈivlɪs/,,36,1
4604,slice,/slaɪs/,,69,5
4605,sliced bread,/slˈaɪst brˈɛd/,,140,1
4606,slicer,/slˈaɪsɚ/,,141,1
4607,slide,/slˈaɪd/,,169,2
4608,sling,/slˈɪŋ/,,48,1
4609,slip,/slip/,,37,1
4610,slip road,/slˈɪp roʊd/,,196,1
4611,slip-on,/slˈɪpˌɑn/,,39,1
4612,slippers,/slˈɪpɚz/,,33,1
4613,slope,/sloʊp/,,286,1
4614,slotted spoon,/slˈɑtɪd spˈun/,,70,1
4615,Slovakia,/sloʊvˈɑkˌiə/,,318,1
4616,Slovenia,/sloʊvˈiniə/,,318,1
4617,slow,/sloʊ/,,323,1
4618,Slow down,/sloʊ dˈaʊn/,,325,1
4619,slug,/slˈʌg/,,297,1
4620,small,/smɑːl/,,323,1
4621,small car,/smˈɔl kˈɑr/,,201,1
4622,small intestine,/smˈɔl ˌɪntˈɛstən/,,20,1
4623,small of back,/smˈɔl ˈʌv bˈæk/,,15,1
4624,smash,/smˈæʃ/,,233,1
4625,smile,/smaɪl/,,27,1
4626,smoke,/smoʊk/,,97,1
4627,smoke alarm,/smoʊk əlˈɑrm/,,97,1
4628,smoked,/smoʊkt/,,120,3
4629,smoked descaled,/smˈoʊkt dɛskælɛd/,是,123,1
4630,smoked fish,/smoʊkt fˈɪʃ/,,145,1
4631,smoking,/ˈsmoʊkiŋ/,,114,1
4632,snack bar,/snˈæk bˈɑr/,,115,1
4633,snail,/sneɪl/,,297,1
4634,snake,/sneɪk/,,295,1
4635,snare drum,/snˈɛr drˈʌm/,,259,1
4636,sneeze,/sniːz/,,46,1
4637,snooker,/ˈsnuːkə/,,251,1
4638,snore,/snˈɔr/,,73,1
4639,snorkel,/snˈɔrkəl/,,241,1
4640,snout,/snˈaʊt/,,295,1
4641,snowboarding,/ˈsnoʊbɔdɪŋ/,,249,1
4642,snowmobile,/snoʊmoʊbˌil/,,249,1
4643,snowsuit,/snoʊsut/,是,32,1
4644,soak,/soʊk/,,132,1
4645,soap,/soʊp/,,75,2
4646,soap dish,/soʊp dˈɪʃ/,,75,1
4647,soccer,/ˈsɑkə/,,224,1
4648,socket,/ˈsɑkit/,,62,2
4649,socket wrench,/sˈɑkət rˈɛntʃ/,,82,1
4650,socks,/sˈɑks/,,35,1
4651,soda bread,/soʊdə brˈɛd/,,141,1
4652,soda water,/soʊdə wˈɔtɚ/,,146,1
4653,sofa,/ˈsoʊfə/,,64,1
4654,sofabed,/sɑfæbɛd/,是,65,1
4655,soft,/sɑft/,,131,2
4656,soft cheese,/sˈɑft tʃˈiz/,,138,1
4657,soft drink,/sˈɑft drˈɪŋk/,,156,1
4658,soft drinks,/sˈɑft drˈɪŋks/,,146,1
4659,soft toy,/sˈɑft tˈɔɪ/,,77,1
4660,software,/ˈsɑftwɛr/,,178,1
4661,softwood,/sˈɔftwˌʊd/,,81,1
4662,soil,/sɑil/,,87,1
4663,solder,/sˈɑdɚ/,,81,2
4664,soldering iron,/sˈɑdɚɪŋ ˈaɪɚn/,,83,1
4665,soldier,/ˈsoʊldʒə/,,191,1
4666,sole,/soʊl/,,17,2
4667,solids,/ˈsɑlid/,,166,1
4668,Solomon Islands,/sˈɑləmən ˈaɪləndz/,,321,1
4669,soluble,/sˈɑljəbəl/,,111,1
4670,solvent,/ˈsɑlvənt/,,85,1
4671,Somalia Togo,/səmˈɑliə toʊgoʊ/,,319,1
4672,some,/sʌm/,,322,1
4673,somersault,/sˈʌmɚsˌɔlt/,,237,1
4674,son,/sʌn/,,24,1
4675,son-in-law,/sˈʌnɪnlˌɔ/,,24,1
4676,sonata,/sənˈɑtə/,,258,1
4677,song,/sɑŋ/,,261,1
4678,sorbet,/sˌɔrbˈeɪ/,,143,1
4679,sorrel,/sˈɔrəl/,,125,1
4680,sorting unit,/sˈɔrtɪŋ jˈunət/,,63,1
4681,sound boom,/sˈaʊnd bˈum/,,181,1
4682,sound technician,/sˈaʊnd tɛknˈɪʃən/,,181,1
4683,soundtrack,/sˈaʊndtrˌæk/,,257,1
4684,soup,/suːp/,,155,1
4685,soup bowl,/sˈup boʊl/,,67,1
4686,soup spoon,/sˈup spˈun/,,67,1
4687,sour cream,/sˈaʊɚ krˈim/,,139,1
4688,sour rhubarb,/sˈaʊɚ rˈubˌɑrb/,,129,1
4689,sourdough bread,/bred/,,141,1
4690,south,/saʊθ/,,314,1
4691,South Africa Algeria,/sˈaʊθ ˈæfrəkɑ ældʒˈɪriə/,,319,1
4692,South America,/sˈaʊθ əmˈɛrəkə/,,317,1
4693,South Korea,/sˈaʊθ kˌɔrˈiə/,,320,1
4694,southern hemisphere,/sˈʌðɚn hˈɛmɪsfˌɪr/,,285,1
4695,Southern Ocean,/sˈʌðɚn oʊʃən/,,315,1
4696,souvenirs,/sˌuvənˈɪrz/,,262,1
4697,sow,/sˈaʊ/,,92,2
4698,soya beans,/sˈɔɪə bˈinz/,,133,1
4699,space,/speɪs/,,282,1
4700,space exploration,/spˈeɪs ˌɛksplɚˈeɪʃən/,,283,1
4701,space shuttle,/spˈeɪs ʃˈʌtəl/,,283,1
4702,space station,/spˈeɪs stˈeɪʃən/,,283,1
4703,space suit,/spˈeɪs sˈut/,,283,1
4704,spade,/speɪd/,,90,3
4705,Spain,/speɪn/,,318,1
4706,spanner,/spˈænɚ/,,82,1
4707,spark plug,/spˈɑrk plˈʌg/,,205,1
4708,sparkling,/ˈspɑːliŋ/,,146,1
4709,sparring,/spˈɑrɪŋ/,,239,1
4710,sparrow,/ˈspæroʊ/,,294,1
4711,spatula,/ˈspætʃələ/,,70,1
4712,speaker,/ˈspiːkə/,,176,4
4713,speaker stand headphones,/spˈikɚ stˈænd hˈɛdfoʊnz/,,270,1
4714,specials,/ˈspeʃəl/,,154,1
4715,SPECIMEN,/ˈspesimən/,,99,1
4716,spectators,/spˈɛkteɪtɚz/,,235,1
4717,speed boating,/spˈid boʊtɪŋ/,,243,1
4718,speed limit,/spˈid lˈɪmət/,,197,1
4719,speed skating,/spˈid skˈeɪtɪŋ/,,249,1
4720,speedboat,/spˈidboʊt/,,216,1
4721,speedometer,/spidˈɑmətɚ/,,203,2
4722,sperm,/spəːm/,,22,1
4723,sphere,/sfiə/,,166,1
4724,spices,/spˈaɪsəz/,,134,1
4725,spicy sausage,/spˈaɪsi sˈɔsədʒ/,,144,1
4726,spider,/ˈspaɪdə/,,297,1
4727,spike,/spˈaɪk/,,92,1
4728,spikes tee,/spˈaɪks tˈi/,,235,1
4729,spin,/spin/,,78,2
4730,spin dryer,/spˈɪn drˈaɪɚ/,,78,1
4731,spinach,/ˈspinitʃ/,,125,1
4732,spine,/spaɪn/,,19,1
4733,spirit level,/spˈɪrət lˈɛvəl/,,82,2
4734,splashback,/splæʃbæk/,是,68,1
4735,spleen,/spliːn/,,20,1
4736,splint,/splˈɪnt/,,49,1
4737,splinter,/ˈsplintə/,,48,1
4738,split peas,/splˈɪt pˈiz/,,133,1
4739,spoke,/spoʊk/,,209,1
4740,sponge,/spʌndʒ/,,75,3
4741,sponge cake,/spˈʌndʒ kˈeɪk/,,142,1
4742,sponge fingers,/spˈʌndʒ fˈɪŋgɚz/,,143,1
4743,spool,/spuːl/,,247,1
4744,spoon,/spuːn/,,67,1
4745,sport fishing,/spˈɔrt fˈɪʃɪŋ/,,247,1
4746,SPORTS,/spɔts/,,107,33
4747,sports car,/spˈɔrts kˈɑr/,,201,1
4748,sports field,/spˈɔrts fˈild/,,170,1
4749,sports jacket,/spˈɔrts dʒˈækət/,,35,1
4750,sportsman,/ˈspɑːtsmən/,,193,1
4751,spotlight,/spˈɑtlˌaɪt/,,261,1
4752,spray,/spreɪ/,,93,2
4753,spray can,/sprˈeɪ kˈæn/,,313,1
4754,spring,/spriŋ/,,73,2
4755,spring balance,/sprˈɪŋ bˈæləns/,,168,1
4756,spring greens,/sprˈɪŋ grˈinz/,,125,1
4757,spring onion,/sprˈɪŋ ˈʌnjən/,,127,1
4758,springboard,/sprˈɪŋbˌɔrd/,,237,2
4759,sprinkler,/sprˈɪŋklɚ/,,91,1
4760,sprinter blocks,/sprˈɪntɚ blˈɑks/,,236,1
4761,sprocket,/sprˈɑkət/,,209,1
4762,square,/skwɛr/,,166,3
4763,square foot,/skwˈɛr fˈʊt/,,312,1
4764,square metre,/skwˈɛr mˈitɚ/,,312,1
4765,squash,/skwɑʃ/,,233,1
4766,squat,/skwɑt/,,253,1
4767,squid,/skwid/,,123,1
4768,squirrel,/ˈskwəːrəl/,,292,1
4769,Sri Lanka,/ʃrˈi lˈæŋkə/,,320,1
4770,St Lucia,/strˈit lˈuʃə/,,316,1
4771,St Vincent and The Grenadines,/ænd/,,316,1
4772,stabilisers,/stæbɪlɪsɛrrs/,是,209,1
4773,stable,/ˈsteɪbl/,,187,2
4774,stadium,/ˈsteɪdiəm/,,225,1
4775,staff,/stɑːf/,,177,2
4776,stage,/steɪdʒ/,,169,1
4777,stages,/steɪdʒ/,,25,1
4778,stainless steel,/stˈeɪnləs stˈil/,,81,1
4779,stair gate,/stˈɛr gˈeɪt/,,77,1
4780,staircase,/ˈstɛrkeɪs/,,61,1
4781,stake,/stˈeɪk/,,92,2
4782,stalk,/stɑːk/,,124,2
4783,stalls,/stɑːl/,,256,1
4784,stamen,/stæmɛn/,是,299,1
4785,stamp,/stæmp/,,100,1
4786,stamps,/stæmp/,,114,1
4787,stance,/stˈæns/,,234,1
4788,stand,/stænd/,,90,3
4789,stapler,/ˈsteɪplə/,,175,1
4790,staples sticky tape,/stˈeɪpəlz stˈɪki tˈeɪp/,,175,1
4791,star,/stɑː/,,282,1
4792,star anise,/stˈɑr ˈænəs/,,135,1
4793,starfish,/stˈɑrfˌɪʃ/,,297,1
4794,starfruit,/stɑrrfrut/,是,130,1
4795,start school,/stˈɑrt skˈul/,,28,1
4796,starter,/stˈɑrtɚ/,,155,1
4797,starting,/ˈstɑːtiŋ/,,236,1
4798,starting block,/stˈɑrtɪŋ blˈɑk/,,240,1
4799,starting line,/stˈɑrtɪŋ lˈaɪn/,,236,1
4800,state,/steɪt/,,317,1
4801,statement,/ˈsteɪtmənt/,,182,1
4802,stationery,/ˈsteɪʃənəri/,,107,1
4803,statuette,/stˌætʃuˈɛt/,,262,1
4804,steak,/steɪk/,,123,1
4805,steam,/stiːm/,,69,1
4806,steam train,/stˈim trˈeɪn/,,210,1
4807,steeplechase,/stˈipəltʃˌeɪs/,,245,1
4808,steering,/ˈstiəriŋ/,,203,1
4809,stem,/stem/,,113,3
4810,stencil,/stˈɛnsɪl/,,85,1
4811,stenographer,/stɛnˈʌgrəfɚ/,,183,1
4812,step machine,/stˈɛp məʃˈin/,,252,1
4813,stepdaughter,/stˈɛpdˌɔtɚ/,,25,1
4814,stepfather,/stˈɛpfˌɑðɚ/,,25,1
4815,stepladder,/stˈɛplˌædɚ/,,84,1
4816,stepmother,/stˈɛpmˌəðɚ/,,25,1
4817,stepson,/stˈɛpsˌən/,,25,1
4818,sterile,/ˈsteraɪl/,,49,1
4819,stern,/stɝn/,,242,1
4820,stethoscope,/ˈsteθəskoʊp/,,47,1
4821,stick,/stik/,,226,2
4822,sticks,/stik/,,135,1
4823,still,/stil/,,146,1
4824,sting,/stiŋ/,,48,2
4825,stir,/stəː/,,69,1
4826,stirrer,/stɝrrɛrr/,是,152,1
4827,stirrup,/stɝəp/,,244,1
4828,stitch,/stˈɪtʃ/,,279,1
4829,stitch selector,/stˈɪtʃ sɛlɛktɔrr/,是,278,1
4830,stock exchange,/stˈɑk ɪkstʃˈeɪndʒ/,,99,1
4831,stockbroker,/stˈɑkbroʊkɚ/,,99,1
4832,stockings,/stˈɑkɪŋz/,,37,1
4833,stocks,/stɑk/,,99,2
4834,stomach,/ˈstʌmək/,,20,1
4835,stomach ache,/stˈʌmək ˈeɪk/,,46,1
4836,stone,/stoʊn/,,38,2
4837,stoned fruit,/stoʊnd frˈut/,,128,1
4838,stop,/stɑp/,,271,1
4839,stop button,/stˈɑp bˈʌtən/,,199,1
4840,stopper,/ˈstɑpə/,,168,1
4841,stopwatch,/stˈɑpwˌɑtʃ/,,236,1
4842,store directory,/stˈɔr dɚˈɛktɚi/,,106,1
4843,stork pelican,/stˈɔrk pˈɛləkən/,,294,1
4844,stout,/stˈaʊt/,,147,1
4845,straight,/streɪt/,,41,2
4846,Straight ahead,/strˈeɪt əhˈɛd/,,325,1
4847,straight on,/strˈeɪt ˈɑn/,,262,1
4848,straighten,/strˈeɪtən/,,41,1
4849,strap,/strˈæp/,,37,1
4850,strapless,/stræplɛss/,是,36,1
4851,stratosphere,/strˈætəsfˌɪr/,,288,1
4852,straw,/strɑː/,,146,2
4853,strawberry,/ˈstrɑːbəri/,,129,2
4854,stream,/striːm/,,287,1
4855,street,/striːt/,,300,1
4856,street corner,/strˈit kˈɔrnɚ/,,300,1
4857,street light street sign,/strˈit lˈaɪt strˈit sˈaɪn/,,300,1
4858,stress,/stres/,,57,1
4859,stretch,/stretʃ/,,253,1
4860,stretcher,/strˈɛtʃɚ/,,96,1
4861,strike,/straɪk/,,230,1
4862,string,/striŋ/,,232,2
4863,string of pearls,/strˈɪŋ ˈʌv pɝlz/,,38,1
4864,strings,/striŋ/,,258,1
4865,stroke,/stroʊk/,,46,3
4866,strokes,/stroʊk/,,233,1
4867,strong,/strɑŋ/,,323,1
4868,STUDY,/ˈstʌdi/,,163,9
4869,stuffed olive,/stˈʌft ˈɑləv/,,145,1
4870,stump,/stˈʌmp/,,227,1
4871,styles,/staɪl/,,41,3
4872,submarine,/ˈsʌbməriːn/,,217,1
4873,subsoil,/sˈʌbsˌɔɪl/,,93,1
4874,substitute,/ˈsʌbstitjuːt/,,225,1
4875,substitution,/sˌəbstɪtˈuʃən/,,225,1
4876,subtract,/səbˈtrækt/,,167,1
4877,suburb,/ˈsʌbəːb/,,301,1
4878,succulent,/sˈʌkjəlɪnt/,,89,1
4879,suction hose,/sˈʌkʃən hoʊz/,,79,1
4880,Sudan,/suːˈdæn/,,319,1
4881,sugarcane,/ˈʃugəkeɪn/,,186,1
4882,suit,/sjuːt/,,275,1
4883,sulphur,/sˈʌlfɚ/,,291,1
4884,summer,/ˈsʌmə/,,33,2
4885,summons,/ˈsʌmən/,,182,1
4886,sumo wrestling,/sˈumoʊ rˈɛslɪŋ/,,239,1
4887,Sun,/sʌn/,,282,1
4888,sunbed,/sʌnbɛd/,是,43,1
4889,sunblock,/sʌnblɑk/,是,110,2
4890,sunburn,/sˈʌnbɝn/,,48,1
4891,sundial,/sˈʌndˌaɪl/,,264,1
4892,sunflower,/ˈsʌnflaʊr/,,186,2
4893,sunflower oil,/sˈʌnflˌaʊɚ ˈɔɪl/,,136,1
4894,sunflower seed,/sˈʌnflˌaʊɚ sˈid/,,133,1
4895,sunglasses,/sˈʌnglˌæsɪz/,,53,2
4896,sunhat,/sʌnhæt/,是,32,2
4897,sunny,/ˈsʌni/,,288,1
4898,sunrise,/ˈsʌnraɪz/,,307,1
4899,sunroof,/ˈsʌnruːf/,,204,1
4900,sunscreen,/ˈsʌnskriːn/,,110,1
4901,sunset,/ˈsʌnset/,,307,1
4902,suntan lotion,/sˈʌntˌæn loʊʃən/,,267,1
4903,supermarket,/ˈsjuːpəmɑːkit/,,108,1
4904,supersonic jet,/sˌupɚsˈɑnɪk dʒˈɛt/,,213,1
4905,supplement,/sˈʌpləmənt/,,57,1
4906,supply pipe,/səplˈaɪ pˈaɪp/,,63,1
4907,support,/səˈpɑːt/,,189,1
4908,suppository,/sʌppɑsɪtɔrraɪ/,是,111,1
4909,surf,/səːf/,,243,1
4910,surfboard,/sɝfbˌɔrd/,,243,1
4911,surfcasting,/sɝrfkæstɪŋ/,是,247,1
4912,surfer,/sɝfɚ/,,243,1
4913,surfing,/ˈsəːfiŋ/,,243,1
4914,surgeon,/ˈsəːdʒən/,,50,1
4915,surgery,/ˈsəːdʒəri/,,47,2
4916,Suriname,/,sjəriˈnɑːmə/,,317,1
4917,surprised,/səˈpraɪzd/,,27,1
4918,suspect,/səˈspekt/,,96,2
4919,suspenders,/səspˈɛndɚz/,,37,1
4920,suspension,/səspˈɛnʃən/,,205,2
4921,swallow,/ˈswɑloʊ/,,294,1
4922,swamp,/swɑmp/,,287,1
4923,swan,/swɑn/,,295,1
4924,Swaziland Libya,/swˈɑzɪlənd lˈɪbˌiə/,,319,1
4925,sweater,/ˈswetə/,,35,1
4926,sweatpants,/swˈɛtpˌænts/,,35,1
4927,sweatshirt,/swˈɛtʃɝt/,,35,1
4928,swede,/swˈid/,,127,1
4929,Sweden,/ˈswiːdn/,,318,1
4930,sweep,/swˈip/,,79,1
4931,sweet,/swiːt/,,126,2
4932,sweet potato,/swˈit pətˈeɪtoʊ/,,127,1
4933,sweet spreads,/swˈit sprˈɛdz/,,136,1
4934,sweet trolley,/swˈit trˈɑli/,,154,1
4935,sweetcorn,/switkɔrrn/,是,124,1
4936,sweets,/swiːt/,,115,1
4937,swimming,/ˈswimiŋ/,,240,1
4938,swimming pool,/swˈɪmɪŋ pˈul/,,103,2
4939,swimsuit,/swˈɪmsˌut/,,267,1
4940,swing,/swiŋ/,,234,1
4941,swings,/swiŋ/,,265,1
4942,Swiss chard,/swˈɪs tʃˈɑrd/,,125,1
4943,switch,/switʃ/,,62,1
4944,Switzerland,/ˈswitsələnd/,,318,1
4945,sword,/sɑːd/,,238,1
4946,swordfish,/sˈɔrdfˌɪʃ/,,122,1
4947,symphony,/ˈsimfəni/,,258,1
4948,synagogue,/sˈɪnəgˌɔg/,,302,1
4949,synchronized swimming drown racing dive,/sˈɪŋkrənˌaɪzd swˈɪmɪŋ drˈaʊn rˈeɪsɪŋ dˈaɪv/,,241,1
4950,synthetic,/sinˈθetik/,,33,1
4951,Syria,/ˈsiriə/,,320,1
4952,syringe,/ˈsirindʒ/,,111,2
4953,syrup,/ˈsirəp/,,111,1
4954,system,/ˈsistəm/,,178,1
4955,t-shirt,/ˈtiː,ʃəːt/,,32,2
4956,tab,/tˈæb/,,175,1
4957,table,/ˈteɪbl/,,66,2
4958,table setting,/tˈeɪbəl sˈɛtɪŋ/,,154,1
4959,table tennis,/tˈeɪbəl tˈɛnəs/,,233,1
4960,tablecloth,/tˈeɪbəlklˌɔθ/,,66,1
4961,tack,/tˈæk/,,243,2
4962,tackle,/ˈtækl/,,222,4
4963,tackle box,/tˈækəl bˈɑks/,,246,1
4964,tadpole,/tˈædpoʊl/,,296,1
4965,tag,/tˈæg/,,231,1
4966,tai-chi,/tˈaɪ kˈaɪ/,,239,1
4967,tail,/teɪl/,,123,7
4968,tail light,/tˈeɪl lˈaɪt/,,206,1
4969,tailbone,/teɪlbɑn/,是,19,1
4970,tailgate,/tˈeɪlgˌeɪt/,,200,1
4971,tailor,/ˈteɪlə/,,193,1
4972,tailored,/tˈeɪlɚd/,,37,1
4973,tailor’s,/tˈeɪlɚ ˈɛs/,,117,1
4974,tailor’s chalk,/tʃɑːk/,,278,1
4975,tailor’s dummy,/tˈeɪlɚ ˈɛs dˈʌmi/,,278,1
4976,tailplane,/teɪlplæn/,是,212,1
4977,Tajikistan,/tˌɑdʒˈikɪstˌæn/,,320,1
4978,take a bath,/tˈeɪk ə bˈæθ/,,74,1
4979,Take a number,/tˈeɪk ə nˈʌmbɚ/,,145,1
4980,take a shower,/tˈeɪk ə ʃˈaʊɚ/,,74,1
4981,take notes,/tˈeɪk noʊts/,,165,1
4982,take off,/tˈeɪk ˈɔf/,,213,1
4983,take-away,/tˈeɪk əwˈeɪ/,,156,1
4984,talcum powder,/tˈælkəm pˈaʊdɚ/,,75,1
4985,tall,/tɑːl/,,323,1
4986,tambourine,/tˌæmbɚˈin/,,259,1
4987,tampon,/tˈæmpɑn/,,110,1
4988,tan,/tˈæn/,,43,1
4989,tandem,/tˈændəm/,,208,1
4990,tangerine,/tˌændʒɚˈin/,,128,1
4991,tank,/tæŋk/,,63,1
4992,Tanzania,/tænzˈeɪniə/,,319,1
4993,tap,/ˈtæp/,,63,2
4994,tap water,/tˈæp wˈɔtɚ/,,146,1
4995,tape,/teɪp/,,83,1
4996,tape dispenser,/tˈeɪp dɪspˈɛnsɚ/,,175,1
4997,tape measure,/tˈeɪp mˈɛʒɚ/,,82,2
4998,target,/ˈtɑːgit/,,251,1
4999,target shooting,/tˈɑrgət ʃˈutɪŋ/,,251,1
5000,tarmac,/tˈɑrmˌæk/,,189,1
5001,taro root,/tˈɛroʊ rˈut/,,126,1
5002,tarragon,/tɑrrræɡɑn/,是,135,1
5003,Tasmania,/tˌæzmˈeɪniə/,,321,1
5004,tattoo,/tˌætˈu/,,43,1
5005,tax,/tæks/,,98,1
5006,taxi driver,/tˈæksi drˈaɪvɚ/,,192,1
5007,taxi rank,/tˈæksi rˈæŋk/,,215,1
5008,tea,/tiː/,,146,4
5009,tea with lemon,/tˈi wˈɪð lˈɛmən/,,151,1
5010,tea with milk,/tˈi wˈɪð mˈɪlk/,,151,1
5011,teabag,/tibædʒ/,是,146,1
5012,teacher,/ˈtiːtʃə/,,56,3
5013,teacup,/tˈikˌəp/,,67,1
5014,team,/tiːm/,,222,2
5015,teapot,/ˈtiːpɑt/,,67,1
5016,tear,/tiə/,,53,1
5017,teaspoon,/tˈispˌun/,,67,1
5018,teat,/tiːt/,,77,1
5019,techniques,/tɛknˈiks/,,81,2
5020,teddy bear,/tˈɛdi bˈɛr/,,77,1
5021,tee-off,/tˈi ˈɔf/,,235,1
5022,teeing ground,/tˈiɪŋ grˈaʊnd/,,234,1
5023,teenager,/ˈtiːnidʒə/,,25,1
5024,telegram,/tˈɛləgrˌæm/,,100,1
5025,telephone,/ˈtelifoʊn/,,101,2
5026,telephone box,/tˈɛləfoʊn bˈɑks/,,101,1
5027,telescope,/tˈɛləskoʊp/,,283,1
5028,television,/ˈteli/,,180,1
5029,television studio,/tˈɛləvˌɪʒən stˈudioʊ/,,180,1
5030,temperature,/ˈtemprətʃə/,,288,1
5031,temperature gauge,/tˈɛmprətʃɚ gˈeɪdʒ/,,203,1
5032,temple,/templ/,,16,2
5033,ten,/ten/,,310,1
5034,ten past one,/tˈɛn pˈæst wˈʌn/,,306,1
5035,ten thousand,/tˈɛn θˈaʊzənd/,,311,1
5036,ten to two,/tˈɛn tˈu tˈu/,,306,1
5037,tenant,/tˈɛnənt/,,60,1
5038,tend,/tend/,,93,1
5039,tendon,/tˈɛndən/,,19,1
5040,tennis,/ˈtenis/,,232,1
5041,tennis shoes,/tˈɛnəs ʃˈuz/,,233,1
5042,tent,/tent/,,269,1
5043,tent peg,/tˈɛnt pˈɛg/,,268,1
5044,tent pole,/tˈɛnt poʊl/,,268,1
5045,tenth,/tenθ/,,311,1
5046,tequila,/təˈkiːlə/,,147,1
5047,terminal,/ˈtəːminəl/,,214,1
5048,termite,/tɝmaɪt/,,297,1
5049,terrace,/tˈɛrəs/,,150,1
5050,terraced,/tˈɛrəst/,,60,1
5051,territory,/ˈteritəri/,,317,1
5052,terry nappy,/tˈɛri næppaɪ/,是,32,1
5053,test,/test/,,51,1
5054,test tube,/tˈɛst tˈub/,,168,1
5055,testicle,/tˈɛstˌɪkəl/,,23,1
5056,text message,/tˈɛkst mˈɛsədʒ/,,101,1
5057,Thailand,/ˈtaɪlənd/,,320,1
5058,thank,/θæŋk/,,66,1
5059,Thank you,/θˈæŋk jˈu/,,324,2
5060,Thanksgiving,/ˈθæŋks/,,29,1
5061,That was,/ðˈæt wˈɑz/,,66,1
5062,That’s correct,/kəˈrekt/,,324,1
5063,That’s fine,/faɪn/,,324,1
5064,That’s wrong,/rɑŋ/,,324,1
5065,the day after tomorrow What’s the date,/ðə/,,309,1
5066,the day before yesterday,/ðə dˈeɪ bɪfˈɔr jˈɛstɚdˌeɪ/,,309,1
5067,The engine is overheating,/ðə ˈɛndʒən ˈɪz oʊvɚhˌitɪŋ/,,205,1
5068,theatre,/θˈiətɚ/,,256,2
5069,theme park,/θˈim pˈɑrk/,,264,1
5070,therapist,/ˈθerəpist/,,57,1
5071,there,/ðɛr/,,322,1
5072,There’s a,/eɪ/,,97,1
5073,There’s been an,/biːn/,,97,1
5074,thermals,/ˈθəːml/,,269,1
5075,thermometer,/θəˈmɑmitə/,,47,2
5076,thermosphere,/θɛrrmɑsfɛrr/,是,288,1
5077,thick,/θik/,,323,1
5078,thigh,/θˈaɪ/,,14,2
5079,thimble,/θˈɪmbəl/,,278,1
5080,thin,/θin/,,323,2
5081,third,/θəːd/,,311,1
5082,thirteenth,/ˈθəːtiːnθ/,,311,1
5083,thirtieth,/θɝtiəθ/,,311,1
5084,thirty,/θɝdˌi/,,310,1
5085,This,/θis/,,324,1
5086,this way up,/ðˈɪs wˈeɪ ˈʌp/,,100,1
5087,this week,/ðˈɪs wˈik/,,309,1
5088,thistle,/θˈɪsəl/,,299,1
5089,thoracic vertebrae,/θɔrˈæsɪk vɝtəbrˌeɪ/,,19,1
5090,thousand and,/θˈaʊzənd ənd/,,309,1
5091,thread,/θred/,,278,2
5092,thread guide,/θrˈɛd gˈaɪd/,,278,1
5093,thread reel,/θrˈɛd rˈil/,,278,1
5094,three,/θriː/,,310,1
5095,three hundred thirteen,/θrˈi hˈʌndrəd θɝtˈin/,,310,1
5096,three-door,/θrˈi dˈɔr/,,202,1
5097,three-point line,/θriːpɔint/,,228,1
5098,thriller,/ˈθrilə/,,257,1
5099,throat,/θroʊt/,,21,1
5100,throat lozenge,/θroʊt lˈɔzəndʒ/,,111,1
5101,throttle,/θrˈɑtəl/,,206,1
5102,through,/θruː/,,322,1
5103,throw,/θroʊ/,,223,2
5104,throw-in,/θrˈoʊ ɪn/,,225,2
5105,thruster,/θrˈʌstɚ/,,283,1
5106,thumb,/θʌm/,,17,1
5107,thunder,/ˈθʌndə/,,288,1
5108,thyme,/θˈaɪm/,,135,1
5109,thyroid gland,/θˈaɪrɔɪd glˈænd/,,20,1
5110,tibia,/tˈɪbiə/,,19,1
5111,ticket,/ˈtikit/,,211,3
5112,ticket inspector,/tˈɪkət ˌɪnspˈɛktɚ/,,211,1
5113,ticket office,/tˈɪkət ˈɔfɪs/,,218,1
5114,tie belt,/tˈaɪ bˈɛlt/,,34,1
5115,tie-pin,/tˈaɪ pˈɪn/,,38,1
5116,tiebreak,/tibrik/,是,232,1
5117,tiger,/ˈtaɪgə/,,293,1
5118,tights,/taɪt/,,36,3
5119,tile,/taɪl/,,60,2
5120,till,/til/,,108,2
5121,tiller,/tˈɪlɚ/,,242,1
5122,timber,/ˈtimbə/,,189,1
5123,time,/taɪm/,,236,2
5124,time out,/tˈaɪm ˈaʊt/,,222,1
5125,timer,/tˈaɪmɚ/,,168,1
5126,times,/taɪmz/,,167,2
5127,timetable,/ˈtaɪmteɪbl/,,199,3
5128,timing,/tˈaɪmɪŋ/,,205,1
5129,tin,/tin/,,291,1
5130,ting,/tˈɪŋ/,,199,1
5131,tinned food,/fuːd/,,109,1
5132,tip,/tip/,,38,4
5133,tissue,/ˈtiʃuː/,,110,1
5134,title,/ˈtaɪtl/,,170,1
5135,titles,/ˈtaɪtl/,,25,1
5136,to,/tuː/,,322,1
5137,To the left,/tˈu ðə lˈɛft/,,325,1
5138,To the right,/tˈu ðə rˈaɪt/,,325,1
5139,toad,/toʊd/,,296,1
5140,toast,/toʊst/,,159,1
5141,toasted sandwich,/toʊstɪd sˈændwɪtʃ/,,151,1
5142,toaster,/toʊstɚ/,,68,1
5143,tobacco,/təˈbækoʊ/,,114,2
5144,today tomorrow,/tədˈeɪ təmˈɑroʊ/,,308,1
5145,toddler,/ˈtɔdlə/,,32,1
5146,toe,/toʊ/,,17,1
5147,toe clip,/toʊ klˈɪp/,,209,1
5148,toe strap,/toʊ strˈæp/,,209,1
5149,toenail,/toʊnˌeɪl/,,17,1
5150,toilet,/ˈtɑilit/,,74,1
5151,toilet brush,/tˈɔɪlət brˈʌʃ/,,74,1
5152,toilet seat,/tˈɔɪlət sˈit/,,74,1
5153,toiletries,/ˈtɔilitri/,,43,2
5154,toilets,/ˈtɑilit/,,106,2
5155,toll booth,/toʊl bˈuθ/,,196,1
5156,tomato,/təˈmɑːtoʊ/,,127,2
5157,tomato juice,/təmˈeɪtoʊ dʒˈus/,,146,1
5158,tomato sauce,/təmˈeɪtoʊ sˈɔs/,,156,1
5159,tomorrow,/təˈmɑːroʊ/,,322,1
5160,toner,/toʊnɚ/,,43,1
5161,tongs,/tˈɑŋz/,,152,1
5162,tongue,/tʌŋ/,,21,3
5163,tonic water,/tˈɑnɪk wˈɔtɚ/,,146,1
5164,tonne,/tˈʌn/,,312,1
5165,tool rack,/tˈul rˈæk/,,80,1
5166,toolbar,/tˈulbˌɑr/,,179,1
5167,toolbox,/tˈulbˌɔks/,,82,1
5168,tools,/tuːlz/,,189,1
5169,tooth,/tuːθ/,,52,1
5170,toothache,/ˈtuːθeɪk/,,52,1
5171,toothbrush,/ˈtuːθbrʌʃ/,,74,1
5172,toothpaste,/ˈtuːθpeɪst/,,74,1
5173,top coat,/tˈɑp koʊt/,,85,1
5174,top dress,/tˈɑp drˈɛs/,,92,1
5175,top tier,/tˈɑp tˈir/,,143,1
5176,topaz,/toʊpˌæz/,,290,1
5177,topiary,/toʊpiˌɛri/,,89,1
5178,topping,/ˈtɑpiŋ/,,157,1
5179,topsoil,/tˈɑpsˌɔɪl/,,87,1
5180,torch,/tɑːtʃ/,,269,1
5181,tornado,/tɑːˈneɪdoʊ/,,289,1
5182,tortoise,/tˈɔrtəs/,,295,1
5183,touchdown,/ˈtʌtʃdaʊn/,,222,1
5184,tour guide,/tˈʊr gˈaɪd/,,262,1
5185,touring bike,/tˈʊrɪŋ bˈaɪk/,,208,1
5186,tourist,/ˈtuərist/,,262,1
5187,Tourist information,/tˈʊrəst ˌɪnfɚmˈeɪʃən/,,263,2
5188,tourmaline gneiss,/tˈʊrməlˌin nˈaɪs/,,290,1
5189,tournament,/ˈtəːnəmənt/,,235,1
5190,tow away,/toʊ əwˈeɪ/,,197,1
5191,tow truck,/toʊ trˈʌk/,,205,1
5192,towards,/təˈwɔdz/,,322,1
5193,towel rail,/tˈaʊəl rˈeɪl/,,74,1
5194,towels,/ˈtaʊrlz/,,75,1
5195,tower,/ˈtaʊr/,,302,1
5196,town,/taʊn/,,300,1
5197,town hall,/tˈaʊn hˈɔl/,,301,1
5198,toy,/tɑi/,,77,1
5199,toy basket,/tˈɔɪ bˈæskət/,,77,1
5200,toys,/tɑi/,,107,1
5201,track,/træk/,,211,2
5202,tracksuit,/træksut/,是,33,2
5203,traffic,/ˈtræfik/,,196,1
5204,traffic jam,/trˈæfɪk dʒˈæm/,,197,1
5205,traffic light,/trˈæfɪk lˈaɪt/,,196,1
5206,traffic policeman crash barrier,/trˈæfɪk pəlˈismən krˈæʃ bˈæriɚ/,,197,1
5207,trailer,/trˈeɪlɚ/,,268,1
5208,train,/treɪn/,,37,4
5209,trainer,/trˈeɪnɚ/,,39,1
5210,trainers,/trˈeɪnɚz/,,33,1
5211,tram,/trˈæm/,,198,2
5212,transformer,/trænsfˈɔrmɚ/,,62,1
5213,transmission driveshaft,/trænsˈmiʃən/,,204,1
5214,transplant,/trænsplˈænt/,,93,1
5215,TRANSPORT,/trænsˈpɑːt/,,195,25
5216,trapezium,/træpɛzɪʌm/,是,166,1
5217,trapezius deltoid,/træpɛzɪʌs dɛltɑɪd/,是,18,1
5218,trash,/træʃ/,,179,1
5219,travel agent,/trˈævəl ˈeɪdʒənt/,,192,1
5220,travel agent’s,/ˈtrævl/,,116,1
5221,travel sickness pills,/trˈævəl sˈɪknəs pˈɪlz/,,111,1
5222,traveller’s cheque,/tʃek/,,99,1
5223,tray,/treɪ/,,154,1
5224,tray-table,/trˈeɪ tˈeɪbəl/,,212,1
5225,tread,/trˈɛd/,,209,1
5226,tread water,/trˈɛd wˈɔtɚ/,,241,1
5227,treadmill,/ˈtredmil/,,252,1
5228,treatments,/ˈtriːtmənt/,,43,1
5229,treble clef note,/trˈɛbəl klˈɛf noʊt/,,258,1
5230,tree,/triː/,,88,1
5231,tremor,/trˈɛmɚ/,,285,1
5232,triangle,/ˈtraɪæŋgl/,,166,2
5233,triceps,/trˈaɪsˌɛps/,,18,1
5234,trifle,/trˈaɪfəl/,,143,1
5235,trim,/trim/,,92,1
5236,trimmer,/trˈɪmɚ/,,90,1
5237,Trinidad and Tobago,/trˈɪnɪdˌæd ənd təbˈeɪgoʊ/,,316,1
5238,tripod,/trˈaɪpˌɑd/,,168,3
5239,trolley,/ˈtrɑli/,,50,4
5240,trolley bus,/trˈɑli bˈʌs/,,198,1
5241,trombone,/trɑmboʊn/,,259,1
5242,tropic of Cancer,/trˈɑpɪk ˈʌv kˈænsɚ/,,285,1
5243,tropic of Capricorn,/trˈɑpɪk ˈʌv kˈæprəkɔrn/,,285,1
5244,tropical fruit,/trˈɑpɪkəl frˈut/,,131,1
5245,tropics,/ˈtrɑpik/,,285,1
5246,troposphere,/trɑpɑsfɛrr/,是,288,1
5247,trot,/trˈɑt/,,245,1
5248,trough,/trˈɔf/,,185,1
5249,trousers,/ˈtraʊzəz/,,34,2
5250,trout,/trˈaʊt/,,122,1
5251,trowel,/ˈtraʊrl/,,91,2
5252,truffle,/trˈʌfəl/,,127,1
5253,trug,/trʌdʒ/,是,90,1
5254,trumpet,/ˈtrʌmpit/,,259,1
5255,truncheon,/ˈtrʌntʃən/,,96,1
5256,trunk,/trʌŋk/,,293,2
5257,trunks,/trʌŋk/,,240,1
5258,try,/traɪ/,,223,1
5259,tuba,/ˈtjuːbə/,,259,1
5260,tube,/tjuːb/,,313,1
5261,tug boat,/tˈʌg boʊt/,,217,1
5262,tumble,/tˈʌmbəl/,,237,1
5263,tumble dryer,/tˈʌmbəl drˈaɪɚ/,,78,1
5264,tumbler,/tˈʌmblɚ/,,67,1
5265,tuna,/ˈtjuːnə/,,122,1
5266,tune,/tjuːn/,,181,1
5267,tune the radio,/tˈun ðə rˈeɪdioʊ/,,271,1
5268,tuning peg,/tˈunɪŋ pˈɛg/,,260,1
5269,Tunisia,/tˌunˈiʒə/,,319,1
5270,turbocharger spare tyre,/spɛr/,,205,1
5271,turf,/tɝf/,,92,1
5272,Turkey,/ˈtəːki/,,121,4
5273,Turkmenistan,/tɝkmˈɛnɪstˌæn/,,320,1
5274,turmeric,/tɝmərˌɪk/,,134,1
5275,turn the television,/tɝn ðə tˈɛləvˌɪʒən/,,271,1
5276,turn the television off stereo,/tɝn ðə tˈɛləvˌɪʒən ˈɔf stˈɛrioʊ/,,271,1
5277,turnip,/tɝnəp/,,126,1
5278,turpentine,/tɝpəntˌaɪn/,,85,1
5279,turquoise,/tɝkwɔɪz/,,291,1
5280,turret spire,/tɝət spˈaɪr/,,302,1
5281,turtle,/ˈtəːtl/,,295,1
5282,tusk,/tˈʌsk/,,293,1
5283,tutu,/tˈutˌu/,,193,1
5284,tweezers,/ˈtwiːzəz/,,49,2
5285,tweezers eye shadow,/twˈizɚz ˈaɪ ʃˈædoʊ/,,42,1
5286,twelfth,/twelfθ/,,311,1
5287,twelve,/twelv/,,310,1
5288,twenty,/twˈɛnti/,,310,1
5289,twenty five past one,/twˈɛnti fˈaɪv pˈæst wˈʌn/,,306,1
5290,twenty five to two,/twˈɛnti fˈaɪv tˈu tˈu/,,306,1
5291,twenty minutes,/twˈɛnti mˈɪnəts/,,306,1
5292,twenty past one,/twˈɛnti pˈæst wˈʌn/,,306,1
5293,twenty thousand,/twˈɛnti θˈaʊzənd/,,311,1
5294,twenty to two,/twˈɛnti tˈu tˈu/,,306,1
5295,twenty-one,/twˈɛntiwˌɔn/,,310,1
5296,twenty-second,/twˈɛnti sˈɛkənd/,,311,1
5297,twenty-third,/twˈɛnti θɝd/,,311,1
5298,twenty-two,/twˈɛntitˌu/,,310,1
5299,twig,/twˈɪg/,,298,1
5300,twin room,/twˈɪn rˈum/,,102,1
5301,twine,/twin/,,91,1
5302,twins,/twin/,,25,1
5303,twist ties,/twˈɪst tˈaɪz/,,91,1
5304,two,/tuː/,,309,2
5305,two hundred,/tˈu hˈʌndrəd/,,310,1
5306,two o’clock,/tuː/,,306,1
5307,two thousand,/tˈu θˈaʊzənd/,,309,1
5308,two thousand and one,/tˈu θˈaʊzənd ənd wˈʌn/,,309,1
5309,two-door,/tˈu dˈɔr/,,202,1
5310,types,/taɪp/,,201,2
5311,types of buses,/tˈaɪps ˈʌv bˈʌsɪz/,,198,1
5312,types of camera,/tˈaɪps ˈʌv kˈæmɚə/,,272,1
5313,types of farm,/tˈaɪps ˈʌv fˈɑrm/,,185,1
5314,types of fishing,/tˈaɪps ˈʌv fˈɪʃɪŋ/,,247,1
5315,types of plants,/tˈaɪps ˈʌv plˈænts/,,88,1
5316,types of train,/tˈaɪps ˈʌv trˈeɪn/,,210,1
5317,tyre,/ˈtaɪr/,,200,2
5318,tyre lever,/tˈaɪr lˈɛvɚ/,,209,1
5319,tyre pressure,/tˈaɪr prˈɛʃɚ/,,205,1
5320,Uganda,/ju(ː)ˈændə,uːˈændə/,,319,1
5321,ugli fruit,/fruːt/,,128,1
5322,ugly,/ˈʌgli/,,323,1
5323,Ukraine,/ju(ː)ˈkreɪn/,,318,1
5324,ulna,/ʌlnæ/,是,19,1
5325,ultraviolet rays,/ˌəltrəvˈaɪəlɪt rˈeɪz/,,288,1
5326,umbilical cord nurse,/əmbˈɪlɪkəl kˈɔrd nɝs/,,54,1
5327,umbrella,/ʌmˈbrelə/,,38,3
5328,umpire,/ˈʌmpˌaɪɚ/,,227,3
5329,uncle,/ʌŋkl/,,24,1
5330,unconscious,/ˌənkˈɑnʃəs/,,49,1
5331,uncooked meat,/miːt/,,144,1
5332,under,/ˈʌndə/,,322,1
5333,under par,/ˈʌndɚ pˈɑr/,,235,1
5334,undercoat,/ˈʌndɚkoʊt/,,85,1
5335,underexposed,/ʌndɛrrɛkspɑsɛd/,是,273,1
5336,undergraduate,/ˌəndɚgrˈædʒəwət/,,171,1
5337,underground map,/ˈʌndɚgrˌaʊnd mˈæp/,,211,1
5338,underground train,/ˈʌndɚgrˌaʊnd trˈeɪn/,,210,1
5339,underpass,/ˈʌndɚpˌæs/,,196,1
5340,underwear,/ˈʌndəwɛr/,,34,1
5341,uniform,/ˈjuːnifɑːm/,,96,1
5342,uniform machine-gun,/ˈjuːnifɑːm/,,191,1
5343,United Arab Emirates,/junˈaɪtɪd ˈærəb ˈɛmɚəts/,,320,1
5344,United Kingdom,/junˈaɪtɪd kˈɪŋdəm/,,318,1
5345,United States of America,/junˈaɪtɪd stˈeɪts ˈʌv əmˈɛrəkə/,,316,1
5346,universe,/ˈjuːnivəːs/,,282,1
5347,university,/jˌunəvɝsəti/,,301,1
5348,unleaded,/ənlˈɛdɪd/,,201,1
5349,unpasteurized,/ʌnpæstɛɝrɪzɛd/,是,139,1
5350,unpick,/ʌnpɪk/,是,279,1
5351,until,/ənˈtil/,,322,1
5352,up,/ʌp/,,322,1
5353,upper circle,/ˈʌpɚ sɝkəl/,,256,1
5354,upset,/əpsˈɛt/,,27,1
5355,Uranus,/ˈjuərənəs/,,282,1
5356,ureter,/ɝrɛtɛrr/,是,23,1
5357,urethra,/jɝˈiθrə/,,22,1
5358,urinary,/ˈjuərinəri/,,21,1
5359,urology,/juəˈrɑlədʒi/,,51,1
5360,Uruguay,/ˈuruwaɪ/,,317,1
5361,useful phrases,/jˈusfəl frˈeɪzəz/,,324,1
5362,usher,/ˈʌʃɚ/,,257,1
5363,uterus,/jˈutɚəs/,,22,2
5364,utility room,/jutˈɪləti rˈum/,,78,1
5365,Uzbekistan,/uzbˈɛkɪstˌæn/,,320,1
5366,v-neck,/ˈviːnek/,,35,1
5367,vacuum,/ˈˈvækjuəm/,,190,1
5368,vacuum cleaner,/vˈækjum klˈinɚ/,,79,1
5369,vacuum flask,/vˈækjum flˈæsk/,,269,1
5370,vagina,/vədʒˈaɪnə/,,22,1
5371,valance,/vælæns/,是,73,1
5372,valve,/vˈælv/,,63,2
5373,Vanuatu,/,vɑːnuːˈɑːtuː/,,321,1
5374,varnish,/ˈvɑːniʃ/,,81,2
5375,vas deferens,/væs dɛfɛrrɛns/,是,23,1
5376,vase,/veɪs/,,65,2
5377,vault,/vɑːlt/,,237,2
5378,veal,/vˈil/,,120,1
5379,vegetable,/ˈvedʒətəbl/,,87,1
5380,vegetable oil,/vˈɛdʒtəbəl ˈɔɪl/,,137,1
5381,vegetable plot,/vˈɛdʒtəbəl plˈɑt/,,184,1
5382,vegetables,/ˈvedʒətəbl/,,109,3
5383,veggie burger,/vˈɛdʒi bɝgɚ/,,157,1
5384,veil,/vˈeɪl/,,37,1
5385,vein,/vˈeɪn/,,21,1
5386,venetian blind,/vənˈiʃən blˈaɪnd/,,65,1
5387,Venezuela,/,veneˈzweɪlə/,,317,1
5388,venison,/vˈɛnəsən/,,120,1
5389,ventouse cup,/kʌp/,,55,1
5390,Venus,/ˈviːnəs/,,282,1
5391,verdict,/ˈvəːdikt/,,183,1
5392,vest,/vest/,,32,3
5393,vest trainers,/vˈɛst trˈeɪnɚz/,,253,1
5394,vet,/vet/,,191,1
5395,vibraphone,/vɪbræfɑn/,是,259,1
5396,video phone,/vˈɪdioʊ foʊn/,,101,1
5397,video recorder,/vˈɪdioʊ rɪkˈɔrdɚ/,,271,1
5398,video tape,/vˈɪdioʊ tˈeɪp/,,271,1
5399,Viet Nam,/viˈɛt nˈæm/,,320,1
5400,village,/ˈvilidʒ/,,301,1
5401,vine,/vaɪn/,,185,1
5402,vinegar,/ˈvinigə/,,137,2
5403,vineyard,/vˈɪnjɚd/,,185,1
5404,vintage,/ˈvintidʒ/,,201,1
5405,viola cello,/vaɪoʊlə tʃˈɛloʊ/,,258,1
5406,violin,/vaɪəlˈɪn/,,258,1
5407,virus,/ˈvaɪrrəs/,,46,1
5408,visa,/ˈviːzə/,,215,1
5409,vision,/ˈviʒən/,,53,1
5410,visiting hours,/vˈɪzɪtɪŋ ˈaʊɚz/,,50,1
5411,visor,/ˈvaɪzə/,,207,1
5412,vitamins,/vaɪtəmɪnz/,,110,1
5413,vocabulary,/vəˈkæbjuləri/,,22,113
5414,vocabulary foreign currency,/voʊkˈæbjəlˌɛri fˈɔrən kɝənsi/,,99,1
5415,vocabulary office equipment,/voʊkˈæbjəlˌɛri ˈɔfɪs ɪkwˈɪpmənt/,,174,1
5416,vocabulary petrol station,/voʊkˈæbjəlˌɛri pˈɛtroʊl stˈeɪʃən/,,201,1
5417,vocal cords,/voʊkəl kˈɔrdz/,,21,1
5418,vodka and orange,/vˈɑdkə ənd ˈɔrəndʒ/,,153,1
5419,voice message,/vˈɔɪs mˈɛsədʒ/,,101,1
5420,volley,/vˈɑli/,,233,1
5421,volleyball,/ˈvɑlibɑːl/,,229,1
5422,voltage,/ˈvoʊltidʒ/,,62,1
5423,volume,/ˈvɑljum/,,167,4
5424,vomit,/vˈɑmət/,,46,1
5425,waders reel,/wˈeɪdɚz rˈil/,,246,1
5426,waffles,/wˈɑfəlz/,,159,1
5427,waist,/weɪst/,,14,1
5428,waistband sports bra,/spɔts/,,37,1
5429,waistcoat,/weɪstkoʊt/,是,35,1
5430,waiter,/ˈweɪtə/,,150,1
5431,waiting room,/wˈeɪtɪŋ rˈum/,,47,1
5432,waitress,/ˈweɪtris/,,193,1
5433,wake up,/wˈeɪk ˈʌp/,,73,1
5434,walk,/wɑːk/,,245,1
5435,walking boot,/wˈɔkɪŋ bˈut/,,39,1
5436,walking boots,/wˈɔkɪŋ bˈuts/,,269,1
5437,walkway,/wˈɔkwˌeɪ/,,214,1
5438,wall,/wɑːl/,,60,3
5439,wall light,/wˈɔl lˈaɪt/,,64,1
5440,wallet,/ˈwɑlit/,,39,1
5441,wallpaper,/ˈwɑːlpeɪpə/,,84,2
5442,wallpaper brush decorator,/wˈɔlpˌeɪpɚ brˈʌʃ dˈɛkɚˌeɪtɚ/,,84,1
5443,wallpaper paste,/wˈɔlpˌeɪpɚ pˈeɪst/,,84,1
5444,walnut,/wˈɔlnˌət/,,131,1
5445,walnut oil,/wˈɔlnˌət ˈɔɪl/,,136,1
5446,walrus,/ˈwɑːlrəs/,,292,1
5447,ward,/wɑːd/,,50,1
5448,wardrobe,/ˈwɑːdroʊb/,,72,1
5449,warehouse,/ˈwɛrhaʊs/,,218,1
5450,warm,/wɑːm/,,288,1
5451,warm up,/wˈɔrm ˈʌp/,,253,1
5452,warrant,/wˈɔrənt/,,182,1
5453,wash,/wɑʃ/,,79,1
5454,washbasin,/wˈɑʃbˌeɪsən/,,74,1
5455,washer,/wˈɑʃɚ/,,82,1
5456,washer-dryer,/wˈɑʃɚ drˈaɪɚ/,,78,1
5457,washing machine,/wˈɑʃɪŋ məʃˈin/,,78,1
5458,wasp,/wɑsp/,,297,1
5459,waste disposal,/wˈeɪst dɪspoʊzəl/,,63,2
5460,waste disposal unit,/wˈeɪst dɪspoʊzəl jˈunət/,,63,1
5461,waste pipe,/wˈeɪst pˈaɪp/,,63,1
5462,wastebasket,/wˈeɪstbˌæskət/,,174,1
5463,watch,/wɑtʃ/,,38,1
5464,water,/ˈwɑːtə/,,63,4
5465,water bottle,/wˈɔtɚ bˈɑtəl/,,208,2
5466,water chestnut,/wˈɔtɚ tʃˈɛsnˌət/,,126,1
5467,water closet,/wˈɔtɚ klˈɑzət/,,63,1
5468,water garden,/wˈɔtɚ gˈɑrdən/,,86,1
5469,water hazard,/wˈɔtɚ hˈæzɚd/,,234,1
5470,water jet,/wˈɔtɚ dʒˈɛt/,,97,1
5471,water plant,/wˈɔtɚ plˈænt/,,88,1
5472,water polo shallow end,/wˈɔtɚ poʊloʊ ʃˈæloʊ ˈɛnd/,,241,1
5473,watercolour paint,/peɪnt/,,276,1
5474,watercress,/wˈɔtɚkrˌɛs/,,125,1
5475,waterfall,/ˈwɑtəfɑːl/,,287,1
5476,watering,/ˈwɔtəriŋ/,,91,1
5477,watering can,/wˈɔtɚɪŋ kˈæn/,,91,1
5478,watermelon,/ˈwɑtə/,,129,1
5479,waterproofs,/ˈwɑtəpruːf/,,247,2
5480,waterskier,/wætɛrrskir/,是,243,1
5481,waterskiing,/wætɛrrskɪɪŋ/,是,243,1
5482,watersports,/wætɛrrspɔrrts/,是,243,1
5483,wave,/weɪv/,,243,2
5484,wavelength,/wˈeɪvlˌɛŋθ/,,181,1
5485,wax,/wæks/,,43,1
5486,weak,/wiːk/,,323,1
5487,weather,/ˈweðə/,,288,1
5488,weaving,/wˈivɪŋ/,,279,1
5489,website,/wˈɛbsˌaɪt/,,179,1
5490,wedding,/ˈwediŋ/,,37,1
5491,wedding dress,/wˈɛdɪŋ drˈɛs/,,37,1
5492,wedding reception emigrate,/wˈɛdɪŋ rɪsˈɛpʃən ˈɛməgrˌeɪt/,,28,1
5493,wedge,/wˈɛdʒ/,,235,1
5494,weed,/wiːd/,,93,1
5495,weedkiller,/widkɪllɛrr/,是,93,1
5496,weeds,/wiːdz/,,88,1
5497,week,/wiːk/,,308,1
5498,weekend,/ˈwiːkend/,,308,1
5499,weekly,/wˈikli/,,309,1
5500,weigh,/weɪ/,,312,1
5501,weight,/weɪt/,,168,1
5502,weight bar,/wˈeɪt bˈɑr/,,253,1
5503,weight belt,/wˈeɪt bˈɛlt/,,241,1
5504,weight training,/wˈeɪt trˈeɪnɪŋ/,,253,1
5505,weights and measures,/wˈeɪts ənd mˈɛʒɚz/,,312,1
5506,well,/wel/,,323,1
5507,wellington boots,/wˈɛlɪŋtən bˈuts/,,33,1
5508,west,/west/,,314,1
5509,western,/ˈwestən/,,257,1
5510,Western Sahara,/wˈɛstɚn səhˈɛrə/,,319,1
5511,wet,/wet/,,288,2
5512,wet wipe,/wˈɛt wˈaɪp/,,76,2
5513,wetsuit,/wˈɛtsˌut/,,241,1
5514,whale,/hweɪl/,,292,1
5515,What are those,/wˈʌt ˈɑr ðoʊz/,,126,1
5516,What are your,/wˈʌt ˈɑr jˈɔr/,,176,1
5517,What is,/wˈʌt ˈɪz/,,324,1
5518,What is the,/wˈʌt ˈɪz ðə/,,222,1
5519,What is the charge per,/wˈʌt ˈɪz ðə tʃˈɑrdʒ pɝ/,,103,1
5520,What is the dialling code,/hwɑt/,,101,1
5521,What is the setting for,/wˈʌt ˈɪz ðə sˈɛtɪŋ fˈɔr/,,78,1
5522,What is the telephone,/wˈʌt ˈɪz ðə tˈɛləfoʊn/,,325,1
5523,What is your,/wˈʌt ˈɪz jˈɔr/,,324,1
5524,What time does it,/wˈʌt tˈaɪm dˈʌz ˈɪt/,,257,3
5525,What time is,/wˈʌt tˈaɪm ˈɪz/,,306,2
5526,What time is the,/wˈʌt tˈaɪm ˈɪz ðə/,,176,1
5527,What’s the price per,/ðə/,,126,1
5528,What’s today’s exchange,/iksˈtʃeɪndʒ/,,99,1
5529,wheat,/hwiːt/,,132,2
5530,wheel,/hwiːl/,,200,3
5531,wheel nuts,/wˈil nˈʌts/,,205,1
5532,wheelbarrow,/wˈilbˌɛroʊ/,,90,1
5533,wheelchair,/ˈhwiːl/,,50,1
5534,wheelchair access,/wˈiltʃˌɛr ˈæksˌɛs/,,199,1
5535,When do I have to vacate the,/wˈɛn dˈu ˈaɪ hˈæv tˈu vˈeɪkeɪt ðə/,,103,1
5536,Where,/hwɛr/,,262,1
5537,Where are the,/wˈɛr ˈɑr ðə/,,155,2
5538,Where can I,/wˈɛr kˈæn ˈaɪ/,,197,1
5539,Where does it,/wˈɛr dˈʌz ˈɪt/,,48,1
5540,Where is the,/wˈɛr ˈɪz ðə/,,183,2
5541,Where is the car,/wˈɛr ˈɪz ðə kˈɑr/,,202,1
5542,Where is the dining,/wˈɛr ˈɪz ðə dˈaɪnɪŋ/,,325,1
5543,Which bus goes,/wˈɪtʃ bˈʌs goʊz/,,199,1
5544,whiplash,/wˈɪplˌæʃ/,,48,1
5545,whipped cream,/wˈɪpt krˈim/,,139,1
5546,whisk,/hwisk/,,69,2
5547,whiskers,/wˈɪskɚz/,,292,1
5548,white,/hwaɪt/,,41,5
5549,white bread,/wˈaɪt brˈɛd/,,141,1
5550,white chocolate,/wˈaɪt tʃˈɔklət/,,115,1
5551,white coffee,/wˈaɪt kˈɑfi/,,150,1
5552,white currant,/hwaɪt/,,129,1
5553,white flour,/wˈaɪt flˈaʊɚ/,,140,1
5554,white meat,/wˈaɪt mˈit/,,120,1
5555,white rice,/wˈaɪt rˈaɪs/,,132,1
5556,white spirit,/wˈaɪt spˈɪrət/,,85,1
5557,whiting,/wˈaɪtɪŋ/,,122,1
5558,Who is,/hˈu ˈɪz/,,222,1
5559,whole,/hoʊl/,,131,2
5560,whole milk,/hoʊl mˈɪlk/,,138,1
5561,wholegrain mustard,/ˈmʌstəd/,,137,1
5562,wholegrain short-grain,/wɑlɛɡreɪn ʃˈɔrt grˈeɪn/,是,132,1
5563,wholemeal bread,/ˈhoʊlmiːl/,,141,1
5564,wholemeal flour,/ˈhoʊlmiːl/,,140,1
5565,Whose turn is,/hˈuz tɝn ˈɪz/,,275,1
5566,wicket,/wˈɪkət/,,227,1
5567,wicket-keeper,/wˈɪkət kˈipɚ/,,227,1
5568,wide,/waɪd/,,323,1
5569,widescreen television,/ˈteli/,,271,1
5570,width,/widθ/,,167,1
5571,wife,/wˈaɪf/,,24,1
5572,wig,/wˈɪg/,,41,1
5573,wild rice,/wˈaɪld rˈaɪs/,,132,1
5574,Will,/wil/,,48,1
5575,Will he be all,/wˈɪl hˈi bˈi ˈɔl/,,325,1
5576,Will she be all,/wˈɪl ʃˈi bˈi ˈɔl/,,325,1
5577,Will this a,/wˈɪl ðˈɪs ə/,,33,1
5578,Will you clean it for,/wˈɪl jˈu klˈin ˈɪt fˈɔr/,,123,1
5579,willow,/ˈwiloʊ/,,298,1
5580,win,/win/,,275,1
5581,wind,/wind/,,243,1
5582,windbreak,/wɪndbrik/,是,267,1
5583,windcheater,/wɪndtʃitɛrr/,是,35,1
5584,windlass,/wˈɪndləs/,,216,1
5585,window,/ˈwindoʊ/,,60,8
5586,windpipe,/ˈwindpaɪp/,,20,1
5587,windscreen,/wɪndskrin/,是,200,1
5588,windscreen wiper,/wɪndskrin wˈaɪpɚ/,是,200,1
5589,windshield,/ˈwindʃiːld/,,207,1
5590,windsurfer,/wɪndsɝrfɛrr/,是,243,1
5591,windy,/ˈwindi/,,288,1
5592,wine,/waɪn/,,153,1
5593,wine glass,/wˈaɪn glˈæs/,,67,1
5594,wine list,/wˈaɪn lˈɪst/,,154,1
5595,wine vinegar malt vinegar,/wˈaɪn vˈɪnəgɚ mˈɔlt vˈɪnəgɚ/,,137,1
5596,wing,/wiŋ/,,121,3
5597,wing mirror,/wˈɪŋ mˈɪrɚ/,,200,1
5598,wings,/wiŋ/,,256,1
5599,winner,/ˈwinə/,,275,1
5600,winter,/ˈwintə/,,33,2
5601,winter sports,/wˈɪntɚ spˈɔrts/,,249,1
5602,wipe,/waɪp/,,79,1
5603,wire,/ˈwaɪr/,,81,1
5604,wire cutters,/wˈaɪɚ kˈʌtɚz/,,83,1
5605,wire strippers,/wˈaɪɚ strˈɪpɚz/,,83,1
5606,wire wool,/wˈaɪɚ wˈʊl/,,83,1
5607,with,/wið/,,322,1
5608,with ice,/wˈɪð ˈaɪs/,,153,1
5609,withdrawal slip,/wɪðdrˈɔəl slˈɪp/,,98,1
5610,without,/wiˈðaʊt/,,322,1
5611,without ice,/wɪθˈaʊt ˈaɪs/,,153,1
5612,witness,/ˈwitnis/,,182,1
5613,wok,/wɔk/,,71,1
5614,wolf,/wulf/,,292,1
5615,woman,/ˈwumən/,,25,1
5616,womb,/wuːm/,,54,1
5617,women’s clothing,/ˈkloʊðiŋ/,,36,1
5618,women’s wear,/wɛr/,,107,1
5619,wood,/wud/,,235,2
5620,wood glue,/wˈʊd glˈu/,,80,1
5621,wood shavings,/wˈʊd ʃˈeɪvɪŋz/,,80,1
5622,wooden spoon,/wˈʊdən spˈun/,,70,1
5623,woodpecker,/ˈwudpekə/,,294,1
5624,woodstain,/wudsteɪn/,是,81,1
5625,woodwind,/ˈwudwind/,,259,1
5626,woodworking,/wˈʊdwɝkɪŋ/,,277,1
5627,wool,/wul/,,279,1
5628,WORK,/wəːk/,,173,21
5629,work day,/wɝk dˈeɪ/,,308,1
5630,workbench vice,/wɝkbˌɛntʃ vˈaɪs/,,80,1
5631,workshop,/wɝkʃˌɑp/,,80,1
5632,worktop,/wɔrrktɑp/,是,68,1
5633,world map,/wɝld mˈæp/,,314,1
5634,worried,/wɝid/,,27,1
5635,worse,/wəːs/,,323,1
5636,wound,/wuːnd/,,48,1
5637,wrap,/ræp/,,157,1
5638,wrapping,/rˈæpɪŋ/,,113,1
5639,wrench,/ˈrentʃ/,,83,2
5640,wrinkle,/rˈɪŋkəl/,,17,1
5641,wrist,/rist/,,15,2
5642,wristband,/wrɪstbænd/,是,232,1
5643,writ,/rˈɪt/,,182,1
5644,wrong,/rɑŋ/,,323,1
5645,x-ray,/ˈɛksrˌeɪ/,,50,1
5646,x-ray film,/ˈɛksrˌeɪ fˈɪlm/,,52,1
5647,X-ray machine,/ˈɛksrˌeɪ məʃˈin/,,214,1
5648,x-ray viewer,/ˈɛksrˌeɪ vjˈuɚ/,,47,1
5649,yacht,/jɑt/,,217,2
5650,yam,/jæm/,,127,1
5651,yard,/jɑːd/,,312,1
5652,yawn,/jɑːn/,,27,1
5653,year,/jiə/,,165,2
5654,years,/jiə/,,309,1
5655,yeast,/jiːst/,,140,1
5656,yellow,/ˈjeloʊ/,,276,1
5657,yellow card,/jˈɛloʊ kˈɑrd/,,225,1
5658,Yemen,/jˈɛmən/,,320,1
5659,Yes,/jes/,,324,1
5660,yesterday,/ˈjestədi/,,308,2
5661,yoghurt,/jɑɝrt/,是,139,1
5662,yolk,/joʊk/,,139,2
5663,young,/jʌŋ/,,323,1
5664,You’re,/jˈu rˈeɪ/,,307,2
5665,You’re welcome,/ˈwelkəm/,,324,1
5666,Zambia,/ˈzæmbiə/,,319,1
5667,zebra,/ˈziːbrə/,,293,1
5668,zero,/ˈziəroʊ/,,310,1
5669,zest,/zˈɛst/,,128,1
5670,zhei,/zheɪ/,是,275,1
5671,Zimbabwe Mali,/zɪmbˈɑbweɪ mˈɑli/,,319,1
5672,zinc,/ziŋk/,,291,1
5673,zip,/zip/,,279,1
5674,zone,/zoʊn/,,317,1
5675,zoo,/zˈu/,,264,1
5676,zoology,/zoʊˈɑlədʒi/,,171,1
5677,zoom lens,/zˈum lˈɛnz/,,272,1
